Identifiers,Set Identifiers,Name,Pitch,Cost,Power,Defense,Life,Intelligence,Types,Card Keywords,Abilities and Effects,Ability and Effect Keywords,Granted Keywords,Removed Keywords,Interacts with Keywords,Functional Text,Type Text,Card Played Horizontally,Blitz Legal,CC Legal,Commoner Legal,Rarity,Foiling,Art Variation,Artist,Flavor Text,Image URL,Rarity 2,Foiling 2,Art Variation 2,Artist 2,Flavor Text 2,Image URL 2
EVO000,EVO,,,,,,,,,,,,,,,,,,,,,,,,,,,,,,,,
EVO001,EVO,,,,,,,,,,,,,,,,,,,,,,,,,,,,,,,,
EVO002,EVO,,,,,,,,,,,,,,,,,,,,,,,,,,,,,,,,
EVO003,EVO,,,,,,,,,,,,,,,,,,,,,,,,,,,,,,,,
EVO004,EVO,,,,,,,,,,,,,,,,,,,,,,,,,,,,,,,,
EVO005,EVO,,,,,,,,,,,,,,,,,,,,,,,,,,,,,,,,
EVO006,EVO,,,,,,,,,,,,,,,,,,,,,,,,,,,,,,,,
EVO007,EVO,"Teklovossen, Esteemed Magnate",,,,,40,4,"Mechanologist, Hero",,Once per Turn Instant,,,,,"You may play Evos from your banished zone.

**Once per Turn Instant** - {r}{r}{r}: You may play your next Evo this turn as though it were an instant. When you do, draw a card.",Mechanologist Hero,,No,,No,M,S,,Simon Dominic,,https://dhhim4ltzu1pj.cloudfront.net/media/images/EVO007.width-450.format-webp.webp,,,,,,
EVO008,EVO,Teklovossen,,,,,20,4,"Mechanologist, Hero, Young",,Once per Turn Instant,,,,,"You may play Evos from your banished zone.

**Once per Turn Instant** - {r}{r}{r}: You may play your next Evo this turn as though it were an instant. When you do, draw a card.",Mechanologist Hero - Young,,,No,,T,S,,Simon Dominic,,https://dhhim4ltzu1pj.cloudfront.net/media/images/EVO008.width-450.format-webp.webp,,,,,,
EVO009,EVO,,,,,,,,,,,,,,,,,,,,,,,,,,,,,,,,
EVO010,EVO,,,,,,,,,,,,,,,,,,,,,,,,,,,,,,,,
EVO011,EVO,,,,,,,,,,,,,,,,,,,,,,,,,,,,,,,,
EVO012,EVO,,,,,,,,,,,,,,,,,,,,,,,,,,,,,,,,
EVO013,EVO,,,,,,,,,,,,,,,,,,,,,,,,,,,,,,,,
EVO014,EVO,,,,,,,,,,,,,,,,,,,,,,,,,,,,,,,,
EVO015,EVO,,,,,,,,,,,,,,,,,,,,,,,,,,,,,,,,
EVO016,EVO,,,,,,,,,,,,,,,,,,,,,,,,,,,,,,,,
EVO017,EVO,,,,,,,,,,,,,,,,,,,,,,,,,,,,,,,,
EVO018,EVO,,,,,,,,,,,,,,,,,,,,,,,,,,,,,,,,
EVO019,EVO,,,,,,,,,,,,,,,,,,,,,,,,,,,,,,,,
EVO020,EVO,,,,,,,,,,,,,,,,,,,,,,,,,,,,,,,,
EVO021,EVO,,,,,,,,,,,,,,,,,,,,,,,,,,,,,,,,
EVO022,EVO,Proto Base Head,,,,,,,"Mechanologist, Equipment, Base, Head",,,,,,,,Mechanologist Equipment - Base Head,,,,,T,S,,Vlad Tashkinov,,https://dhhim4ltzu1pj.cloudfront.net/media/images/EVO022.width-450.format-webp.webp,,,,,,
EVO023,EVO,Proto Base Chest,,,,,,,"Mechanologist, Equipment, Base, Chest",,,,,,,,Mechanologist Equipment - Base Chest,,,,,T,S,,Dmitriy Semyonov,,https://dhhim4ltzu1pj.cloudfront.net/media/images/EVO023.width-450.format-webp.webp,,,,,,
EVO024,EVO,Proto Base Arms,,,,,,,"Mechanologist, Equipment, Base, Arms",,,,,,,,Mechanologist Equipment - Base Arms,,,,,T,S,,Grigoriy Parshakov,,https://dhhim4ltzu1pj.cloudfront.net/media/images/EVO024.width-450.format-webp.webp,,,,,,
EVO025,EVO,Proto Base Legs,,,,,,,"Mechanologist, Equipment, Base, Legs",,,,,,,,Mechanologist Equipment - Base Legs,,,,,T,S,,Revazashvili E.,,https://dhhim4ltzu1pj.cloudfront.net/media/images/EVO025.width-450.format-webp.webp,,,,,,
EVO026,EVO,Evo Steel Soul Memory,3,4,,3,,,"Mechanologist, Action, Equipment, Evo, Base, Head","Transform, Temper",,,,,,"If you have a base head equipped, **transform** it into this, then equip this.

When this **transforms** from or into an Evo with a different name, your hero gets +1{i} until end of turn. [REDACTED]

**Temper**",Mechanologist Action Equipment - Evo Base Head,,,,No,M,,,Kimberly Pantoni,,/EVO026.webp,,,,,,
EVO027,EVO,,,,,,,,,,,,,,,,,,,,,,,,,,,,,,,,
EVO028,EVO,,,,,,,,,,,,,,,,,,,,,,,,,,,,,,,,
EVO029,EVO,,,,,,,,,,,,,,,,,,,,,,,,,,,,,,,,
EVO030,EVO,,,,,,,,,,,,,,,,,,,,,,,,,,,,,,,,
EVO031,EVO,,,,,,,,,,,,,,,,,,,,,,,,,,,,,,,,
EVO032,EVO,,,,,,,,,,,,,,,,,,,,,,,,,,,,,,,,
EVO033,EVO,,,,,,,,,,,,,,,,,,,,,,,,,,,,,,,,
EVO034,EVO,,,,,,,,,,,,,,,,,,,,,,,,,,,,,,,,
EVO035,EVO,,,,,,,,,,,,,,,,,,,,,,,,,,,,,,,,
EVO036,EVO,,,,,,,,,,,,,,,,,,,,,,,,,,,,,,,,
EVO037,EVO,,,,,,,,,,,,,,,,,,,,,,,,,,,,,,,,
EVO038,EVO,,,,,,,,,,,,,,,,,,,,,,,,,,,,,,,,
EVO039,EVO,,,,,,,,,,,,,,,,,,,,,,,,,,,,,,,,
EVO040,EVO,,,,,,,,,,,,,,,,,,,,,,,,,,,,,,,,
EVO041,EVO,,,,,,,,,,,,,,,,,,,,,,,,,,,,,,,,
EVO042,EVO,,,,,,,,,,,,,,,,,,,,,,,,,,,,,,,,
EVO043,EVO,,,,,,,,,,,,,,,,,,,,,,,,,,,,,,,,
EVO044,EVO,,,,,,,,,,,,,,,,,,,,,,,,,,,,,,,,
EVO045,EVO,,,,,,,,,,,,,,,,,,,,,,,,,,,,,,,,
EVO046,EVO,,,,,,,,,,,,,,,,,,,,,,,,,,,,,,,,
EVO047,EVO,,,,,,,,,,,,,,,,,,,,,,,,,,,,,,,,
EVO048,EVO,,,,,,,,,,,,,,,,,,,,,,,,,,,,,,,,
EVO049,EVO,,,,,,,,,,,,,,,,,,,,,,,,,,,,,,,,
EVO050,EVO,,,,,,,,,,,,,,,,,,,,,,,,,,,,,,,,
EVO051,EVO,,,,,,,,,,,,,,,,,,,,,,,,,,,,,,,,
EVO052,EVO,,,,,,,,,,,,,,,,,,,,,,,,,,,,,,,,
EVO053,EVO,,,,,,,,,,,,,,,,,,,,,,,,,,,,,,,,
EVO054,EVO,,,,,,,,,,,,,,,,,,,,,,,,,,,,,,,,
EVO055,EVO,Terminator Tank,1,6,6,3,,,"Mechanologist, Action, Attack",Overpower,,,,,,"If you have 1 or more Evos equipped, this gets ""When this hits a hero, they discard a card,"" 

- 2 or more, this costs {r}{r}{r} less to play,
- 3 or more, this gets **overpower**,
- 4 or more, this gets +3{p}.",Mechanologist Action - Attack,,,,No,M,,,Simon Dominic,,https://dhhim4ltzu1pj.cloudfront.net/media/images/EVO055.width-450.format-webp.webp,M,R,EA,Simon Dominic,,/EVO055_EA.webp
EVO056,EVO,,,,,,,,,,,,,,,,,,,,,,,,,,,,,,,,
EVO057,EVO,,,,,,,,,,,,,,,,,,,,,,,,,,,,,,,,
EVO058,EVO,,,,,,,,,,,,,,,,,,,,,,,,,,,,,,,,
EVO059,EVO,,,,,,,,,,,,,,,,,,,,,,,,,,,,,,,,
EVO060,EVO,,,,,,,,,,,,,,,,,,,,,,,,,,,,,,,,
EVO061,EVO,,,,,,,,,,,,,,,,,,,,,,,,,,,,,,,,
EVO062,EVO,,,,,,,,,,,,,,,,,,,,,,,,,,,,,,,,
EVO063,EVO,,,,,,,,,,,,,,,,,,,,,,,,,,,,,,,,
EVO064,EVO,,,,,,,,,,,,,,,,,,,,,,,,,,,,,,,,
EVO065,EVO,,,,,,,,,,,,,,,,,,,,,,,,,,,,,,,,
EVO066,EVO,,,,,,,,,,,,,,,,,,,,,,,,,,,,,,,,
EVO067,EVO,,,,,,,,,,,,,,,,,,,,,,,,,,,,,,,,
EVO068,EVO,,,,,,,,,,,,,,,,,,,,,,,,,,,,,,,,
EVO069,EVO,,,,,,,,,,,,,,,,,,,,,,,,,,,,,,,,
EVO070,EVO,,,,,,,,,,,,,,,,,,,,,,,,,,,,,,,,
EVO071,EVO,,,,,,,,,,,,,,,,,,,,,,,,,,,,,,,,
EVO072,EVO,,,,,,,,,,,,,,,,,,,,,,,,,,,,,,,,
EVO073,EVO,,,,,,,,,,,,,,,,,,,,,,,,,,,,,,,,
EVO074,EVO,,,,,,,,,,,,,,,,,,,,,,,,,,,,,,,,
EVO075,EVO,,,,,,,,,,,,,,,,,,,,,,,,,,,,,,,,
EVO076,EVO,,,,,,,,,,,,,,,,,,,,,,,,,,,,,,,,
EVO077,EVO,,,,,,,,,,,,,,,,,,,,,,,,,,,,,,,,
EVO078,EVO,,,,,,,,,,,,,,,,,,,,,,,,,,,,,,,,
EVO079,EVO,,,,,,,,,,,,,,,,,,,,,,,,,,,,,,,,
EVO080,EVO,,,,,,,,,,,,,,,,,,,,,,,,,,,,,,,,
EVO081,EVO,,,,,,,,,,,,,,,,,,,,,,,,,,,,,,,,
EVO082,EVO,,,,,,,,,,,,,,,,,,,,,,,,,,,,,,,,
EVO083,EVO,,,,,,,,,,,,,,,,,,,,,,,,,,,,,,,,
EVO084,EVO,,,,,,,,,,,,,,,,,,,,,,,,,,,,,,,,
EVO085,EVO,,,,,,,,,,,,,,,,,,,,,,,,,,,,,,,,
EVO086,EVO,,,,,,,,,,,,,,,,,,,,,,,,,,,,,,,,
EVO087,EVO,,,,,,,,,,,,,,,,,,,,,,,,,,,,,,,,
EVO088,EVO,,,,,,,,,,,,,,,,,,,,,,,,,,,,,,,,
EVO089,EVO,,,,,,,,,,,,,,,,,,,,,,,,,,,,,,,,
EVO090,EVO,,,,,,,,,,,,,,,,,,,,,,,,,,,,,,,,
EVO091,EVO,,,,,,,,,,,,,,,,,,,,,,,,,,,,,,,,
EVO092,EVO,,,,,,,,,,,,,,,,,,,,,,,,,,,,,,,,
EVO093,EVO,,,,,,,,,,,,,,,,,,,,,,,,,,,,,,,,
EVO094,EVO,,,,,,,,,,,,,,,,,,,,,,,,,,,,,,,,
EVO095,EVO,,,,,,,,,,,,,,,,,,,,,,,,,,,,,,,,
EVO096,EVO,,,,,,,,,,,,,,,,,,,,,,,,,,,,,,,,
EVO097,EVO,,,,,,,,,,,,,,,,,,,,,,,,,,,,,,,,
EVO098,EVO,,,,,,,,,,,,,,,,,,,,,,,,,,,,,,,,
EVO099,EVO,,,,,,,,,,,,,,,,,,,,,,,,,,,,,,,,
EVO100,EVO,,,,,,,,,,,,,,,,,,,,,,,,,,,,,,,,
EVO101,EVO,,,,,,,,,,,,,,,,,,,,,,,,,,,,,,,,
EVO102,EVO,,,,,,,,,,,,,,,,,,,,,,,,,,,,,,,,
EVO103,EVO,,,,,,,,,,,,,,,,,,,,,,,,,,,,,,,,
EVO104,EVO,,,,,,,,,,,,,,,,,,,,,,,,,,,,,,,,
EVO105,EVO,,,,,,,,,,,,,,,,,,,,,,,,,,,,,,,,
EVO106,EVO,,,,,,,,,,,,,,,,,,,,,,,,,,,,,,,,
EVO107,EVO,,,,,,,,,,,,,,,,,,,,,,,,,,,,,,,,
EVO108,EVO,,,,,,,,,,,,,,,,,,,,,,,,,,,,,,,,
EVO109,EVO,,,,,,,,,,,,,,,,,,,,,,,,,,,,,,,,
EVO110,EVO,,,,,,,,,,,,,,,,,,,,,,,,,,,,,,,,
EVO111,EVO,,,,,,,,,,,,,,,,,,,,,,,,,,,,,,,,
EVO112,EVO,,,,,,,,,,,,,,,,,,,,,,,,,,,,,,,,
EVO113,EVO,,,,,,,,,,,,,,,,,,,,,,,,,,,,,,,,
EVO114,EVO,,,,,,,,,,,,,,,,,,,,,,,,,,,,,,,,
EVO115,EVO,,,,,,,,,,,,,,,,,,,,,,,,,,,,,,,,
EVO116,EVO,,,,,,,,,,,,,,,,,,,,,,,,,,,,,,,,
EVO117,EVO,,,,,,,,,,,,,,,,,,,,,,,,,,,,,,,,
EVO118,EVO,,,,,,,,,,,,,,,,,,,,,,,,,,,,,,,,
EVO119,EVO,,,,,,,,,,,,,,,,,,,,,,,,,,,,,,,,
EVO120,EVO,,,,,,,,,,,,,,,,,,,,,,,,,,,,,,,,
EVO121,EVO,,,,,,,,,,,,,,,,,,,,,,,,,,,,,,,,
EVO122,EVO,,,,,,,,,,,,,,,,,,,,,,,,,,,,,,,,
EVO123,EVO,,,,,,,,,,,,,,,,,,,,,,,,,,,,,,,,
EVO124,EVO,,,,,,,,,,,,,,,,,,,,,,,,,,,,,,,,
EVO125,EVO,,,,,,,,,,,,,,,,,,,,,,,,,,,,,,,,
EVO126,EVO,,,,,,,,,,,,,,,,,,,,,,,,,,,,,,,,
EVO127,EVO,,,,,,,,,,,,,,,,,,,,,,,,,,,,,,,,
EVO128,EVO,,,,,,,,,,,,,,,,,,,,,,,,,,,,,,,,
EVO129,EVO,,,,,,,,,,,,,,,,,,,,,,,,,,,,,,,,
EVO130,EVO,,,,,,,,,,,,,,,,,,,,,,,,,,,,,,,,
EVO131,EVO,,,,,,,,,,,,,,,,,,,,,,,,,,,,,,,,
EVO132,EVO,,,,,,,,,,,,,,,,,,,,,,,,,,,,,,,,
EVO133,EVO,,,,,,,,,,,,,,,,,,,,,,,,,,,,,,,,
EVO134,EVO,,,,,,,,,,,,,,,,,,,,,,,,,,,,,,,,
EVO135,EVO,,,,,,,,,,,,,,,,,,,,,,,,,,,,,,,,
EVO136,EVO,,,,,,,,,,,,,,,,,,,,,,,,,,,,,,,,
EVO137,EVO,,,,,,,,,,,,,,,,,,,,,,,,,,,,,,,,
EVO138,EVO,,,,,,,,,,,,,,,,,,,,,,,,,,,,,,,,
EVO139,EVO,,,,,,,,,,,,,,,,,,,,,,,,,,,,,,,,
EVO140,EVO,,,,,,,,,,,,,,,,,,,,,,,,,,,,,,,,
EVO141,EVO,,,,,,,,,,,,,,,,,,,,,,,,,,,,,,,,
EVO142,EVO,,,,,,,,,,,,,,,,,,,,,,,,,,,,,,,,
EVO143,EVO,,,,,,,,,,,,,,,,,,,,,,,,,,,,,,,,
EVO144,EVO,,,,,,,,,,,,,,,,,,,,,,,,,,,,,,,,
EVO145,EVO,,,,,,,,,,,,,,,,,,,,,,,,,,,,,,,,
EVO146,EVO,,,,,,,,,,,,,,,,,,,,,,,,,,,,,,,,
EVO147,EVO,,,,,,,,,,,,,,,,,,,,,,,,,,,,,,,,
EVO148,EVO,,,,,,,,,,,,,,,,,,,,,,,,,,,,,,,,
EVO149,EVO,,,,,,,,,,,,,,,,,,,,,,,,,,,,,,,,
EVO150,EVO,,,,,,,,,,,,,,,,,,,,,,,,,,,,,,,,
EVO151,EVO,,,,,,,,,,,,,,,,,,,,,,,,,,,,,,,,
EVO152,EVO,,,,,,,,,,,,,,,,,,,,,,,,,,,,,,,,
EVO153,EVO,,,,,,,,,,,,,,,,,,,,,,,,,,,,,,,,
EVO154,EVO,,,,,,,,,,,,,,,,,,,,,,,,,,,,,,,,
EVO155,EVO,,,,,,,,,,,,,,,,,,,,,,,,,,,,,,,,
EVO156,EVO,,,,,,,,,,,,,,,,,,,,,,,,,,,,,,,,
EVO157,EVO,,,,,,,,,,,,,,,,,,,,,,,,,,,,,,,,
EVO158,EVO,,,,,,,,,,,,,,,,,,,,,,,,,,,,,,,,
EVO159,EVO,,,,,,,,,,,,,,,,,,,,,,,,,,,,,,,,
EVO160,EVO,,,,,,,,,,,,,,,,,,,,,,,,,,,,,,,,
EVO161,EVO,,,,,,,,,,,,,,,,,,,,,,,,,,,,,,,,
EVO162,EVO,,,,,,,,,,,,,,,,,,,,,,,,,,,,,,,,
EVO163,EVO,,,,,,,,,,,,,,,,,,,,,,,,,,,,,,,,
EVO164,EVO,,,,,,,,,,,,,,,,,,,,,,,,,,,,,,,,
EVO165,EVO,,,,,,,,,,,,,,,,,,,,,,,,,,,,,,,,
EVO166,EVO,,,,,,,,,,,,,,,,,,,,,,,,,,,,,,,,
EVO167,EVO,,,,,,,,,,,,,,,,,,,,,,,,,,,,,,,,
EVO168,EVO,,,,,,,,,,,,,,,,,,,,,,,,,,,,,,,,
EVO169,EVO,,,,,,,,,,,,,,,,,,,,,,,,,,,,,,,,
EVO170,EVO,,,,,,,,,,,,,,,,,,,,,,,,,,,,,,,,
EVO171,EVO,,,,,,,,,,,,,,,,,,,,,,,,,,,,,,,,
EVO172,EVO,,,,,,,,,,,,,,,,,,,,,,,,,,,,,,,,
EVO173,EVO,,,,,,,,,,,,,,,,,,,,,,,,,,,,,,,,
EVO174,EVO,,,,,,,,,,,,,,,,,,,,,,,,,,,,,,,,
EVO175,EVO,,,,,,,,,,,,,,,,,,,,,,,,,,,,,,,,
EVO176,EVO,,,,,,,,,,,,,,,,,,,,,,,,,,,,,,,,
EVO177,EVO,,,,,,,,,,,,,,,,,,,,,,,,,,,,,,,,
EVO178,EVO,,,,,,,,,,,,,,,,,,,,,,,,,,,,,,,,
EVO179,EVO,,,,,,,,,,,,,,,,,,,,,,,,,,,,,,,,
EVO180,EVO,,,,,,,,,,,,,,,,,,,,,,,,,,,,,,,,
EVO181,EVO,,,,,,,,,,,,,,,,,,,,,,,,,,,,,,,,
EVO182,EVO,,,,,,,,,,,,,,,,,,,,,,,,,,,,,,,,
EVO183,EVO,,,,,,,,,,,,,,,,,,,,,,,,,,,,,,,,
EVO184,EVO,,,,,,,,,,,,,,,,,,,,,,,,,,,,,,,,
EVO185,EVO,,,,,,,,,,,,,,,,,,,,,,,,,,,,,,,,
EVO186,EVO,,,,,,,,,,,,,,,,,,,,,,,,,,,,,,,,
EVO187,EVO,,,,,,,,,,,,,,,,,,,,,,,,,,,,,,,,
EVO188,EVO,,,,,,,,,,,,,,,,,,,,,,,,,,,,,,,,
EVO189,EVO,,,,,,,,,,,,,,,,,,,,,,,,,,,,,,,,
EVO190,EVO,,,,,,,,,,,,,,,,,,,,,,,,,,,,,,,,
EVO191,EVO,,,,,,,,,,,,,,,,,,,,,,,,,,,,,,,,
EVO192,EVO,,,,,,,,,,,,,,,,,,,,,,,,,,,,,,,,
EVO193,EVO,,,,,,,,,,,,,,,,,,,,,,,,,,,,,,,,
EVO194,EVO,,,,,,,,,,,,,,,,,,,,,,,,,,,,,,,,
EVO195,EVO,,,,,,,,,,,,,,,,,,,,,,,,,,,,,,,,
EVO196,EVO,,,,,,,,,,,,,,,,,,,,,,,,,,,,,,,,
EVO197,EVO,,,,,,,,,,,,,,,,,,,,,,,,,,,,,,,,
EVO198,EVO,,,,,,,,,,,,,,,,,,,,,,,,,,,,,,,,
EVO199,EVO,,,,,,,,,,,,,,,,,,,,,,,,,,,,,,,,
EVO200,EVO,,,,,,,,,,,,,,,,,,,,,,,,,,,,,,,,
EVO201,EVO,,,,,,,,,,,,,,,,,,,,,,,,,,,,,,,,
EVO202,EVO,,,,,,,,,,,,,,,,,,,,,,,,,,,,,,,,
EVO203,EVO,,,,,,,,,,,,,,,,,,,,,,,,,,,,,,,,
EVO204,EVO,,,,,,,,,,,,,,,,,,,,,,,,,,,,,,,,
EVO205,EVO,,,,,,,,,,,,,,,,,,,,,,,,,,,,,,,,
EVO206,EVO,,,,,,,,,,,,,,,,,,,,,,,,,,,,,,,,
EVO207,EVO,,,,,,,,,,,,,,,,,,,,,,,,,,,,,,,,
EVO208,EVO,,,,,,,,,,,,,,,,,,,,,,,,,,,,,,,,
EVO209,EVO,,,,,,,,,,,,,,,,,,,,,,,,,,,,,,,,
EVO210,EVO,,,,,,,,,,,,,,,,,,,,,,,,,,,,,,,,
EVO211,EVO,,,,,,,,,,,,,,,,,,,,,,,,,,,,,,,,
EVO212,EVO,,,,,,,,,,,,,,,,,,,,,,,,,,,,,,,,
EVO213,EVO,,,,,,,,,,,,,,,,,,,,,,,,,,,,,,,,
EVO214,EVO,,,,,,,,,,,,,,,,,,,,,,,,,,,,,,,,
EVO215,EVO,,,,,,,,,,,,,,,,,,,,,,,,,,,,,,,,
EVO216,EVO,,,,,,,,,,,,,,,,,,,,,,,,,,,,,,,,
EVO217,EVO,,,,,,,,,,,,,,,,,,,,,,,,,,,,,,,,
EVO218,EVO,,,,,,,,,,,,,,,,,,,,,,,,,,,,,,,,
EVO219,EVO,,,,,,,,,,,,,,,,,,,,,,,,,,,,,,,,
EVO220,EVO,,,,,,,,,,,,,,,,,,,,,,,,,,,,,,,,
EVO221,EVO,,,,,,,,,,,,,,,,,,,,,,,,,,,,,,,,
EVO222,EVO,,,,,,,,,,,,,,,,,,,,,,,,,,,,,,,,
EVO223,EVO,,,,,,,,,,,,,,,,,,,,,,,,,,,,,,,,
EVO224,EVO,,,,,,,,,,,,,,,,,,,,,,,,,,,,,,,,
EVO225,EVO,,,,,,,,,,,,,,,,,,,,,,,,,,,,,,,,
EVO226,EVO,,,,,,,,,,,,,,,,,,,,,,,,,,,,,,,,
EVO227,EVO,,,,,,,,,,,,,,,,,,,,,,,,,,,,,,,,
EVO228,EVO,,,,,,,,,,,,,,,,,,,,,,,,,,,,,,,,
EVO229,EVO,,,,,,,,,,,,,,,,,,,,,,,,,,,,,,,,
EVO230,EVO,,,,,,,,,,,,,,,,,,,,,,,,,,,,,,,,
EVO231,EVO,,,,,,,,,,,,,,,,,,,,,,,,,,,,,,,,
EVO232,EVO,,,,,,,,,,,,,,,,,,,,,,,,,,,,,,,,
EVO233,EVO,,,,,,,,,,,,,,,,,,,,,,,,,,,,,,,,
EVO234,EVO,,,,,,,,,,,,,,,,,,,,,,,,,,,,,,,,
EVO235,EVO,Shriek Razors,,,,1,,,"Assassin, Equipment, Arms",Battleworn,Attack Reaction,,,,,"While this is in your graveyard, at the start of your turn, you may destroy 2 Silvers you control. If you do, equip this.

**Attack Reaction** - {r}{r}, destroy this: Target attack action card defending an Assassin attack gets -1{d}.

**Battleworn**",Assassin Equipment - Arms,,,,No,L,C,,Athiwut B.,,/EVO235.webp,,,,,,
EVO236,EVO,Already Dead,1,2,6,3,,,"Assassin, Action, Attack",Contract,,,,,,"**Contract** - You are contracted to banish opponents' non-action cards. Whenever you complete this contract, create a Silver token.

When this hits a hero, banish the top card of their deck and a defending card.",Assassin Action - Attack,,,,No,M,S,,Alexander Mokhov,,/EVO236.webp,,,,,,
EVO237,EVO,Smashing Performance,2,3,6,,,,"Brute, Action, Attack",,,,,,,"When this attacks draw a card, then discard a random card. If a card with 6 or more {p} is discarded this way, destroy a random item in the arena.",Brute Action - Attack,,,,No,M,,,Henrique Lindner,,/EVO237.webp,,,,,,
EVO238,EVO,,,,,,,,,,,,,,,,,,,,,,,,,,,,,,,,
EVO239,EVO,Wax Off,3,0,,2,,,"Ninja, Defense Reaction",,,,,,,"If you've played Wax On this turn, create a Zen State token.",Ninja Defense Reaction,,,,No,M,,,Nathaniel Himawan,,/EVO239.webp,,,,,,
EVO240,EVO,Emboldened Blade,3,0,,3,,,"Warrior, Action",Go again,,,,,,"Turn a face-down card in any arsenal face-up. If it's a defense reaction, destroy it and your next weapon attack this turn gets +1{p}.

**Go again**",Warrior Action,,,,No,M,,,Bastien Jez,,/EVO240.webp,,,,,,
EVO241,EVO,Intoxicating Shot,3,0,4,3,,,"Ranger, Action, Arrow, Attack",Riptide Specialization,,,,,,"**Riptide Specialization**

When this hits a hero, they create a Courage and Quicken token.",Ranger Action - Arrow Attack,,,,No,M,,,Joseph Qiu,,/EVO241.webp,,,,,,
EVO242,EVO,,,,,,,,,,,,,,,,,,,,,,,,,,,,,,,,
EVO243,EVO,,,,,,,,,,,,,,,,,,,,,,,,,,,,,,,,
EVO244,EVO,,,,,,,,,,,,,,,,,,,,,,,,,,,,,,,,
EVO245,EVO,Tome of Imperial Flame,1,0,,,,,"Draconic, Action",Go again,,,,,,"Draw a card. If you are Royal, instead draw 2 cards.

You may pitch 2 red cards. If you don't, banish your hand.

**Go again**",Draconic Action,,,,No,M,,,Mateusz Wiśniewski,,/EVO245.webp,,,,,,
EVO246,EVO,,,,,,,,,,,,,,,,,,,,,,,,,,,,,,,,
EVO247,EVO,Warband of Bellona,,,,2,,,"Light, Warrior, Equipment, Head",Temper,Action,"Go again, Charge",,,,"**Action** - {r}{r}, destroy this: The next time you attack this turn, you may **charge** your hero's soul. If a yellow card is **charged** this way, draw a card. **Go again**

**Temper**",Light Warrior Equipment - Head,,,,No,L,C,EA,soyameii,,/EVO247.webp,,,,,,
EVO248,EVO,,,,,,,,,,,,,,,,,,,,,,,,,,,,,,,,
EVO249,EVO,,,,,,,,,,,,,,,,,,,,,,,,,,,,,,,,
EVO250,EVO,,,,,,,,,,,,,,,,,,,,,,,,,,,,,,,,
FAB172,"FAB, EVO",Meganetic Protocol,3,3,5,3,,,"Mechanologist, Action, Attack",Evo Upgrade,,,,,,"**Evo Upgrade** - The defending hero must defend this with X equipment they control with -1{d} counters if able, where X is the number of Evos you have equipped.",Mechanologist Action - Attack,,,,,P,R,EA,Tanapon Wachirakul,,/FAB172.webp,,,,,,
FAB173,"FAB, EVO",Pulsewave Protocol,2,3,6,3,,,"Mechanologist, Action, Attack",Evo Upgrade,,,,,,"**Evo Upgrade** - When this attacks a hero, they reveal X cards from their hand, where X is the number of Evos you have equipped. Choose an action card with {d} less than X, then add it to this chain link as a defending card.",Mechanologist Action - Attack,,,,,P,R,EA,Asur Misoa,,/FAB173.webp,,,,,,
FAB174,"FAB, EVO",Demolition Protocol,1,3,7,3,,,"Mechanologist, Action, Attack",Evo Upgrade,,,,,,"**Evo Upgrade** - When this attacks a hero, remove all steam counters from up to X equipment, items, and/or weapons they control, where X is the number of Evos you have equipped.",Mechanologist Action - Attack,,,,,P,R,EA,Carlos Cruchaga,,/FAB174.webp,,,,,,
LGS186,"LGS, EVO",Teklo Base Head,,,,1,,,"Mechanologist, Equipment, Base, Head",Blade Break,,,,,,**Blade Break**,Mechanologist Equipment - Base Head,,,,,P,C,,Alief Rusdiatama,,https://dhhim4ltzu1pj.cloudfront.net/media/images/LGS186.width-450.format-webp.webp,,,,,,
LGS187,"LGS, EVO",Teklo Base Chest,,,,1,,,"Mechanologist, Equipment, Base, Chest",Blade Break,,,,,,**Blade Break**,Mechanologist Equipment - Base Chest,,,,,P,C,,Septimius Ferdian,,https://dhhim4ltzu1pj.cloudfront.net/media/images/LGS187.width-450.format-webp.webp,,,,,,
LGS188,"LGS, EVO",Teklo Base Arms,,,,1,,,"Mechanologist, Equipment, Base, Arms",Blade Break,,,,,,**Blade Break**,Mechanologist Equipment - Base Arms,,,,,P,C,,Lizhe Liang,,https://dhhim4ltzu1pj.cloudfront.net/media/images/LGS188.width-450.format-webp.webp,,,,,,
LGS189,"LGS, EVO",Teklo Base Legs,,,,1,,,"Mechanologist, Equipment, Base, Legs",Blade Break,,,,,,**Blade Break**,Mechanologist Equipment - Base Legs,,,,,P,C,,Erick Efata,,https://dhhim4ltzu1pj.cloudfront.net/media/images/LGS189.width-450.format-webp.webp,,,,,,
TCC001,TCC,Professor Teklovossen,,,,,20,4,"Mechanologist, Hero, Young",,,,,,,"Evos cost {r} less to play for each opposing hero.

You may play Evos from your banished zone.",Mechanologist Hero - Young,,,No,No,M,,,Simon Dominic,,https://dhhim4ltzu1pj.cloudfront.net/media/images/TCC001_yajPa8R.width-450.format-webp.webp,,,,,,
TCC002,TCC,Teklo Blaster,,,2,,,,"Mechanologist, Weapon, Gun, 2H","Once per Turn Action, Attack",,,,,,**Once per Turn Action** - {r}{r}{r}: **Attack**,Mechanologist Weapon - Gun (2H),,,,,R,,,Irina Si,,/TCC002.webp,,,,,,
TCC003,TCC,,,,,,,,,,,,,,,,,,,,,,,,,,,,,,,,
TCC004,TCC,,,,,,,,,,,,,,,,,,,,,,,,,,,,,,,,
TCC005,TCC,,,,,,,,,,,,,,,,,,,,,,,,,,,,,,,,
TCC006,TCC,,,,,,,,,,,,,,,,,,,,,,,,,,,,,,,,
TCC007,TCC,Evo Tekloscope,3,3,,2,,,"Mechanologist, Action, Equipment, Evo, Head","Transform, Battleworn",,,,,,"If you have a base head equipped, **transform** it into this, then equip this.

Your Teklo Blaster attacks can target any opposing hero.

**Battleworn**",Mechanologist Action Equipment - Evo Head,,,,No,R,,,Revazashvili E.,,https://dhhim4ltzu1pj.cloudfront.net/media/images/TCC007_yajPa8R.width-450.format-webp.webp,,,,,,
TCC008,TCC,Evo Energy Matrix,3,3,,2,,,"Mechanologist, Action, Equipment, Evo, Chest","Transform, Battleworn",,,,,,"If you have a base chest equipped, **transform** it into this, then equip this.

Your Teklo Blaster attacks cost {r} less to activate for each opposing hero.

**Battleworn**",Mechanologist Action Equipment - Evo Chest,,,,No,R,,,Elena Bakulina,,https://dhhim4ltzu1pj.cloudfront.net/media/images/TCC008_yajPa8R.width-450.format-webp.webp,,,,,,
TCC009,TCC,Evo Scatter Shot,3,3,,2,,,"Mechanologist, Action, Equipment, Evo, Arms","Transform, Battleworn",,,,,,"If you have a base arms equipped, **transform** it into this, then equip this.

Your Teklo Blaster attacks gets +1{p} for each opposing hero.

**Battleworn**",Mechanologist Action Equipment - Evo Arms,,,,No,R,,,Anastasia Pronina,,https://dhhim4ltzu1pj.cloudfront.net/media/images/TCC009_yajPa8R.width-450.format-webp.webp,,,,,,
TCC010,TCC,Evo Rapid Fire,3,3,,2,,,"Mechanologist, Action, Equipment, Evo, Legs","Transform, Battleworn, Go again",,,,,,"""If you have a base legs equipped, **transform** it into this, then equip this.

Your Teklo Blaster attacks gets **go again**.

**Battleworn**""",Mechanologist Action Equipment - Evo Legs,,,,No,R,,,Irina Si,,https://dhhim4ltzu1pj.cloudfront.net/media/images/TCC010_yajPa8R.width-450.format-webp.webp,,,,,,
TCC011,TCC,Apocalypse Automaton,1,3,6,3,,,"Mechanologist, Action, Attack",Evo Upgrade,,,,,,"Play this only if you have 1 or more Evos equipped.

**Evo Upgrade** - This attacks up to X target opposing heroes, where X is the number of Evos you have equipped.",Mechanologist Action - Attack,,,,No,M,,,Simon Dominic,,https://dhhim4ltzu1pj.cloudfront.net/media/images/TCC011_yajPa8R.width-450.format-webp.webp,,,,,,
TCC012,TCC,,,,,,,,,,,,,,,,,,,,,,,,,,,,,,,,
TCC013,TCC,Mechanical Strength,1,3,5,3,,,"Mechanologist, Action, Attack",Evo Upgrade,,,,,,"**Evo Upgrade** - This gets +X{p}, where X is the number of Evos you have equipped.",Mechanologist Action - Attack,,,,No,R,,,Tomasz Jedruszek,,https://dhhim4ltzu1pj.cloudfront.net/media/images/TCC013_yajPa8R.width-450.format-webp.webp,,,,,,
TCC014,TCC,,,,,,,,,,,,,,,,,,,,,,,,,,,,,,,,
TCC015,TCC,,,,,,,,,,,,,,,,,,,,,,,,,,,,,,,,
TCC016,TCC,,,,,,,,,,,,,,,,,,,,,,,,,,,,,,,,
TCC017,TCC,,,,,,,,,,,,,,,,,,,,,,,,,,,,,,,,
TCC018,TCC,,,,,,,,,,,,,,,,,,,,,,,,,,,,,,,,
TCC019,TCC,,,,,,,,,,,,,,,,,,,,,,,,,,,,,,,,
TCC020,TCC,,,,,,,,,,,,,,,,,,,,,,,,,,,,,,,,
TCC021,TCC,,,,,,,,,,,,,,,,,,,,,,,,,,,,,,,,
TCC022,TCC,,,,,,,,,,,,,,,,,,,,,,,,,,,,,,,,
TCC023,TCC,,,,,,,,,,,,,,,,,,,,,,,,,,,,,,,,
TCC024,TCC,,,,,,,,,,,,,,,,,,,,,,,,,,,,,,,,
TCC025,TCC,,,,,,,,,,,,,,,,,,,,,,,,,,,,,,,,
TCC026,TCC,,,,,,,,,,,,,,,,,,,,,,,,,,,,,,,,
TCC027,TCC,"Brevant, Civic Protector",,,,,20,4,"Guardian, Hero, Young",Protect,,,,,,"You may have any number of Chivalry in your deck.

Whenever you **protect** another hero, create a Might token.",Guardian Hero - Young,,,No,No,M,,,Isuardi Therianto,,https://dhhim4ltzu1pj.cloudfront.net/media/images/TCC027_yajPa8R.width-450.format-webp.webp,,,,,,
TCC028,TCC,Hammer of Havenhold,,,3,,,,"Guardian, Weapon, Hammer, 1H","Once per Turn Action, Attack",,,,,,"**Once per Turn Action** - {r}{r}{r}: **Attack**

If you have a Chivalray in your pitch zone, this gets +1{p}.",Guardian Weapon - Hammer (1H),,,,,R,,,Junaidi Lim,,https://dhhim4ltzu1pj.cloudfront.net/media/images/TCC028_yajPa8R.width-450.format-webp.webp,,,,,,
TCC029,TCC,Bastion of Duty,,,,2,,,"Guardian, Equipment, Off-Hand","Protect, Temper",,,,,,"**Protect**

**Temper**",Guardian Equipment - Off-Hand,,,,,R,,,Jessketchin,,https://dhhim4ltzu1pj.cloudfront.net/media/images/TCC029_yajPa8R.width-450.format-webp.webp,,,,,,
TCC030,TCC,Civic Peak,,,,2,,,"Guardian, Equipment, Head",Temper,,,,,,"Whenever this defends, another target hero draws a card.

**Temper**",Guardian Equipment - Head,,,,,R,,,Wisnu Tan,,https://dhhim4ltzu1pj.cloudfront.net/media/images/TCC030_yajPa8R.width-450.format-webp.webp,,,,,,
TCC031,TCC,Civic Duty,,,,2,,,"Guardian, Equipment, Chest",Temper,,,,,,"Whenever this defends, create a Vigor token under another hero's control.

**Temper**",Guardian Equipment - Chest,,,,,R,,,Wisnu Tan,,https://dhhim4ltzu1pj.cloudfront.net/media/images/TCC031_yajPa8R.width-450.format-webp.webp,,,,,,
TCC032,TCC,Civic Guide,,,,2,,,"Guardian, Equipment, Arms",Temper,,,,,,"Whenever this defends, create a Might token under another hero's control.

**Temper**",Guardian Equipment - Arms,,,,,R,,,Wisnu Tan,,https://dhhim4ltzu1pj.cloudfront.net/media/images/TCC032_yajPa8R.width-450.format-webp.webp,,,,,,
TCC033,TCC,Civic Steps,,,,2,,,"Guardian, Equipment, Legs",Temper,,,,,,"Whenever this defends, create a Quicken token under another hero's control.

**Temper**",Guardian Equipment - Legs,,,,,R,,,Wisnu Tan,,https://dhhim4ltzu1pj.cloudfront.net/media/images/TCC033_yajPa8R.width-450.format-webp.webp,,,,,,
TCC034,TCC,,,,,,,,,,,,,,,,,,,,,,,,,,,,,,,,
TCC035,TCC,Lay Down the Law,1,3,7,3,,,"Guardian, Action, Attack",Tower,,,,,,"**Tower** - If this has 13 or more {p}, non-equipment cards get -1{d} while defending this.",Guardian Action - Attack,,,,No,R,,,Marco Wulfr,,https://dhhim4ltzu1pj.cloudfront.net/media/images/TCC035_yajPa8R.width-450.format-webp.webp,,,,,,
TCC036,TCC,,,,,,,,,,,,,,,,,,,,,,,,,,,,,,,,
TCC037,TCC,,,,,,,,,,,,,,,,,,,,,,,,,,,,,,,,
TCC038,TCC,,,,,,,,,,,,,,,,,,,,,,,,,,,,,,,,
TCC039,TCC,,,,,,,,,,,,,,,,,,,,,,,,,,,,,,,,
TCC040,TCC,,,,,,,,,,,,,,,,,,,,,,,,,,,,,,,,
TCC041,TCC,,,,,,,,,,,,,,,,,,,,,,,,,,,,,,,,
TCC042,TCC,,,,,,,,,,,,,,,,,,,,,,,,,,,,,,,,
TCC043,TCC,,,,,,,,,,,,,,,,,,,,,,,,,,,,,,,,
TCC044,TCC,,,,,,,,,,,,,,,,,,,,,,,,,,,,,,,,
TCC045,TCC,,,,,,,,,,,,,,,,,,,,,,,,,,,,,,,,
TCC046,TCC,,,,,,,,,,,,,,,,,,,,,,,,,,,,,,,,
TCC047,TCC,,,,,,,,,,,,,,,,,,,,,,,,,,,,,,,,
TCC048,TCC,Chivalry,3,,,3,,,"Guardian, Block",Protect,,,,,,**Protect**,Guardian Block,,,,,C,,,Bastien Jez,,/TCC048.webp,,,,,,
TCC049,TCC,"Melody, Sing-along",,,,,20,4,"Bard, Hero, Young",,,,,,,"Whenever you play a song, create Copper tokens equal to the number of other heroes in the game.",Bard Hero - Young,,,No,No,M,,,Andy Aslamov,,https://dhhim4ltzu1pj.cloudfront.net/media/images/TCC049_yajPa8R.width-450.format-webp.webp,,,,,,
TCC050,TCC,"Jinglewood, Smash Hit",,,2,,,,"Bard, Weapon, Fiddle, 2H","Once per Turn Action, Go again, Attack",,,,,,"**Once per Turn Action** - {r}{r}{r}: Target opposing hero chooses and creates a Might, Quicken, or Vigor token. You create a Copper token. **Go again**

**Action** - 0: **Attack**.  When this hits, destroy it.",Bard Weapon - Fiddle (2H),,,,,R,,,Brian Adriel,,https://dhhim4ltzu1pj.cloudfront.net/media/images/TCC050_yajPa8R.width-450.format-webp.webp,,,,,,
TCC051,TCC,,,,,,,,,,,,,,,,,,,,,,,,,,,,,,,,
TCC052,TCC,,,,,,,,,,,,,,,,,,,,,,,,,,,,,,,,
TCC053,TCC,,,,,,,,,,,,,,,,,,,,,,,,,,,,,,,,
TCC054,TCC,,,,,,,,,,,,,,,,,,,,,,,,,,,,,,,,
TCC055,TCC,,,,,,,,,,,,,,,,,,,,,,,,,,,,,,,,
TCC056,TCC,,,,,,,,,,,,,,,,,,,,,,,,,,,,,,,,
TCC057,TCC,Final Act,1,1,1,3,,,"Bard, Action, Attack",,,,,,,"When this attacks, it gets +X{p}, where X is twice the number of cards in all pitch zones.",Bard Action - Attack,,,,No,M,,,Rio Sabda,,https://dhhim4ltzu1pj.cloudfront.net/media/images/TCC057_yajPa8R.width-450.format-webp.webp,,,,,,
TCC058,TCC,Interlude,1,0,,,,,"Bard, Instant",,,,,,,"Choose a hero. The next time they would be dealt damage this turn, prevent 3 of that damage. If you prevent damage to another hero this way, create a Copper token.",Bard Instant,,,,,C,,,Veto Zomer,,https://dhhim4ltzu1pj.cloudfront.net/media/images/TCC058_yajPa8R.width-450.format-webp.webp,,,,,,
TCC059,TCC,,,,,,,,,,,,,,,,,,,,,,,,,,,,,,,,
TCC060,TCC,,,,,,,,,,,,,,,,,,,,,,,,,,,,,,,,
TCC061,TCC,Encore,2,1,,2,,,"Bard, Action",Go again,,,,,,"Return a Bard attack action card from your graveyard to your hand.

**Go again**",Bard Action,,,,No,R,,,Sebastian Giacobino,,https://dhhim4ltzu1pj.cloudfront.net/media/images/TCC061_yajPa8R.width-450.format-webp.webp,,,,,,
TCC062,TCC,,,,,,,,,,,,,,,,,,,,,,,,,,,,,,,,
TCC063,TCC,,,,,,,,,,,,,,,,,,,,,,,,,,,,,,,,
TCC064,TCC,Song of Jack-be-Quick,3,0,,3,,,"Bard, Action, Song",,,,,,,Create a Quicken token under each other hero's control.,Bard Action - Song,,,,,C,,,Sebastian Giacobino,,https://dhhim4ltzu1pj.cloudfront.net/media/images/TCC064_yajPa8R.width-450.format-webp.webp,,,,,,
TCC065,TCC,Song of Sweet Nectar,3,0,,3,,,"Bard, Action, Song",,,,,,,Each other hero gains 1{l}.,Bard Action - Song,,,,,C,,,Mateusz Wiśniewski,,https://dhhim4ltzu1pj.cloudfront.net/media/images/TCC065_yajPa8R.width-450.format-webp.webp,,,,,,
TCC066,TCC,Song of the Rosen Matador,3,0,,3,,,"Bard, Action, Song",,,,,,,Create a Vigor token under each other hero's control.,Bard Action - Song,,,,,C,,,Saad Irfan,,https://dhhim4ltzu1pj.cloudfront.net/media/images/TCC066_yajPa8R.width-450.format-webp.webp,,,,,,
TCC067,TCC,Song of the Shining Knight,3,0,,3,,,"Bard, Action, Song",,,,,,,Create a Might token under each other hero's control.,Bard Action - Song,,,,,C,,,Saad Irfan,,https://dhhim4ltzu1pj.cloudfront.net/media/images/TCC067_yajPa8R.width-450.format-webp.webp,,,,,,
TCC068,TCC,Song of the Wandering Mind,3,0,,3,,,"Bard, Action, Song",,,,,,,Each other hero draws a card.,Bard Action - Song,,,,,C,,,Artur Treffner,,https://dhhim4ltzu1pj.cloudfront.net/media/images/TCC068_yajPa8R.width-450.format-webp.webp,,,,,,
TCC069,TCC,Song of Yesteryears,3,0,,3,,,"Bard, Action, Song",,,,,,,Each other hero puts an attack action card from their graveyard on the. bottom of their deck.,Bard Action - Song,,,,,C,,,Mateusz Wiśniewski,,https://dhhim4ltzu1pj.cloudfront.net/media/images/TCC069_yajPa8R.width-450.format-webp.webp,,,,,,
TCC070,TCC,,,,,,,,,,,,,,,,,,,,,,,,,,,,,,,,
TCC071,TCC,,,,,,,,,,,,,,,,,,,,,,,,,,,,,,,,
TCC072,TCC,,,,,,,,,,,,,,,,,,,,,,,,,,,,,,,,
TCC073,TCC,,,,,,,,,,,,,,,,,,,,,,,,,,,,,,,,
TCC074,TCC,,,,,,,,,,,,,,,,,,,,,,,,,,,,,,,,
TCC075,TCC,,,,,,,,,,,,,,,,,,,,,,,,,,,,,,,,
TCC076,TCC,,,,,,,,,,,,,,,,,,,,,,,,,,,,,,,,
TCC077,TCC,,,,,,,,,,,,,,,,,,,,,,,,,,,,,,,,
TCC078,TCC,,,,,,,,,,,,,,,,,,,,,,,,,,,,,,,,
TCC079,TCC,Mask of Three Tails,,,,0,,,"Ninja, Equipment, Head",Instant,,,,,,**Instant** - Destroy this: Draw a card. Activate this ability only if you've hit 3 or more times this combat chain.,Ninja Equipment - Head,,,,,R,,,Kimberly Pantoni,,https://dhhim4ltzu1pj.cloudfront.net/media/images/TCC079_yajPa8R.width-450.format-webp.webp,,,,,,
TCC080,TCC,,,,,,,,,,,,,,,,,,,,,,,,,,,,,,,,
TCC081,TCC,,,,,,,,,,,,,,,,,,,,,,,,,,,,,,,,
TCC082,TCC,Pouncing Paws,,,,1,,,"Ninja, Equipment, Legs","Instant, Battleworn",,,,,,"**Instant** - Destroy this: Create a Crouching Tiger in your banished zone. You may play it this turn.

**Battleworn**",Ninja Equipment - Legs,,,,,R,,,Kimberly Pantoni,,https://dhhim4ltzu1pj.cloudfront.net/media/images/TCC082_yajPa8R.width-450.format-webp.webp,,,,,,
TCC083,TCC,Bittering Thorns,1,1,4,2,,,"Ninja, Action, Attack",Go again,,,,,,"When this hits, your next attack this turn gets +1{p}.

**Go again**",Ninja Action - Attack,,,,,C,,,Maerel Hibadita,,https://dhhim4ltzu1pj.cloudfront.net/media/images/TCC083_yajPa8R.width-450.format-webp.webp,,,,,,
TCC084,TCC,,,,,,,,,,,,,,,,,,,,,,,,,,,,,,,,
TCC085,TCC,,,,,,,,,,,,,,,,,,,,,,,,,,,,,,,,
TCC086,TCC,Growl,1,0,3,2,,,"Ninja, Action, Attack",Go again,,,,,,"When this attacks, the next Crouching Tiger you play this combat chain gets +1{p}.

**Go again**",Ninja Action - Attack,,,,No,R,,,Vito Vivodka,,https://dhhim4ltzu1pj.cloudfront.net/media/images/TCC086_yajPa8R.width-450.format-webp.webp,,,,,,
TCC087,TCC,,,,,,,,,,,,,,,,,,,,,,,,,,,,,,,,
TCC088,TCC,Mauling Qi,1,1,5,3,,,"Ninja, Action, Attack",Combo,,,,,,"**Combo** - When this hits, if Crouching Tiger was the last attack this combat chain, deal 1 damage to each opposing hero.",Ninja Action - Attack,,,,No,M,,,Jessketchin,,https://dhhim4ltzu1pj.cloudfront.net/media/images/TCC088_yajPa8R.width-450.format-webp.webp,,,,,,
TCC089,TCC,,,,,,,,,,,,,,,,,,,,,,,,,,,,,,,,
TCC090,TCC,,,,,,,,,,,,,,,,,,,,,,,,,,,,,,,,
TCC091,TCC,,,,,,,,,,,,,,,,,,,,,,,,,,,,,,,,
TCC092,TCC,,,,,,,,,,,,,,,,,,,,,,,,,,,,,,,,
TCC093,TCC,,,,,,,,,,,,,,,,,,,,,,,,,,,,,,,,
TCC094,TCC,,,,,,,,,,,,,,,,,,,,,,,,,,,,,,,,
TCC095,TCC,,,,,,,,,,,,,,,,,,,,,,,,,,,,,,,,
TCC096,TCC,,,,,,,,,,,,,,,,,,,,,,,,,,,,,,,,
TCC097,TCC,,,,,,,,,,,,,,,,,,,,,,,,,,,,,,,,
TCC098,TCC,,,,,,,,,,,,,,,,,,,,,,,,,,,,,,,,
TCC099,TCC,,,,,,,,,,,,,,,,,,,,,,,,,,,,,,,,
TCC100,TCC,,,,,,,,,,,,,,,,,,,,,,,,,,,,,,,,
TCC101,TCC,,,,,,,,,,,,,,,,,,,,,,,,,,,,,,,,
TCC102,TCC,,,,,,,,,,,,,,,,,,,,,,,,,,,,,,,,
TCC103,TCC,,,,,,,,,,,,,,,,,,,,,,,,,,,,,,,,
TCC104,TCC,,,,,,,,,,,,,,,,,,,,,,,,,,,,,,,,
TCC105,TCC,Might,,,,,,,"Generic, Token, Aura",,,,,,,"At the start of your turn, destroy this, then your next attack this turn gets +1{p}.",Generic Token - Aura,,,,,T,,,Henrique Lindner,,/TCC105.webp,,,,,,
TCC106,TCC,,,,,,,,,,,,,,,,,,,,,,,,,,,,,,,,