Identifiers,Set Identifiers,Name,Color,Pitch,Cost,Power,Defense,Life,Intelligence,Arcane,Types,Traits,Card Keywords,Abilities and Effects,Ability and Effect Keywords,Granted Keywords,Removed Keywords,Interacts with Keywords,Functional Text,Type Text,Card Played Horizontally,Blitz Legal,CC Legal,Silver Age Legal,LL Legal,Rarity,Foiling,Art Variations,Artists,Expansion Slot,Flavor Text,Identifier,Image URL,TCGPlayer Product Id,TCGPlayer Url,Rarity 2,Foiling 2,Art Variations 2,Artists 2,Expansion Slot 2,Flavor Text 2,Identifier 2,Image URL 2,TCGPlayer Product Id 2,TCGPlayer Url 2,Rarity 3,Foiling 3,Art Variations 3,Artists 3,Expansion Slot 3,Flavor Text 3,Identifier 3,Image URL 3,Rarity 4,Foiling 4,Art Variations 4,Artists 4,Expansion Slot 4,Flavor Text 4,Identifier 4,Image URL 4,Rarity 5,Foiling 5,Art Variations 5,Artists 5,Expansion Slot 5,Flavor Text 5,Identifier 5,Image URL 5,Rarity 6,Foiling 6,Art Variations 6,Artists 6,Expansion Slot 6,Flavor Text 6,Identifier 6,Image URL 6
PEN001,PEN,Savage Claw,,,,3,,,,,"Brute, Weapon, Claw, 1H",,,Action,Attack,,,,"**Action** - {r}{r}, {t}: **Attack**

If a card with 6 or more {p} was pitched to attack with this, the attack gets +1{p}.",Brute Weapon - Claw (1H),,,,No,,M,S,,João G. Santos,,,PEN001,https://storage.googleapis.com/fabmaster/cardfaces/2026-PEN/EN/PEN001.png,,,,,,,,,,,,,,,,,,,,,,,,,,,,,,,,,,,,,,,,,,,,
PEN002,PEN,,,,,,,,,,,,,,,,,,,,,,,,,,,,,,,PEN002,https://storage.googleapis.com/fabmaster/cardfaces/2026-PEN/EN/PEN002.png,,,,,,,,,,,,,,,,,,,,,,,,,,,,,,,,,,,,,,,,,,,,
PEN003,PEN,,,,,,,,,,,,,,,,,,,,,,,,,,,,,,,PEN003,https://storage.googleapis.com/fabmaster/cardfaces/2026-PEN/EN/PEN003.png,,,,,,,,,,,,,,,,,,,,,,,,,,,,,,,,,,,,,,,,,,,,
PEN004,PEN,,,,,,,,,,,,,,,,,,,,,,,,,,,,,,,PEN004,https://storage.googleapis.com/fabmaster/cardfaces/2026-PEN/EN/PEN004.png,,,,,,,,,,,,,,,,,,,,,,,,,,,,,,,,,,,,,,,,,,,,
PEN005,PEN,,,,,,,,,,,,,,,,,,,,,,,,,,,,,,,PEN005,https://storage.googleapis.com/fabmaster/cardfaces/2026-PEN/EN/PEN005.png,,,,,,,,,,,,,,,,,,,,,,,,,,,,,,,,,,,,,,,,,,,,
PEN006,PEN,,,,,,,,,,,,,,,,,,,,,,,,,,,,,,,PEN006,https://storage.googleapis.com/fabmaster/cardfaces/2026-PEN/EN/PEN006.png,,,,,,,,,,,,,,,,,,,,,,,,,,,,,,,,,,,,,,,,,,,,
PEN007,PEN,,,,,,,,,,,,,,,,,,,,,,,,,,,,,,,PEN007,https://storage.googleapis.com/fabmaster/cardfaces/2026-PEN/EN/PEN007.png,,,,,,,,,,,,,,,,,,,,,,,,,,,,,,,,,,,,,,,,,,,,
PEN008,PEN,,,,,,,,,,,,,,,,,,,,,,,,,,,,,,,PEN008,https://storage.googleapis.com/fabmaster/cardfaces/2026-PEN/EN/PEN008.png,,,,,,,,,,,,,,,,,,,,,,,,,,,,,,,,,,,,,,,,,,,,
PEN009,PEN,,,,,,,,,,,,,,,,,,,,,,,,,,,,,,,PEN009,https://storage.googleapis.com/fabmaster/cardfaces/2026-PEN/EN/PEN009.png,,,,,,,,,,,,,,,,,,,,,,,,,,,,,,,,,,,,,,,,,,,,
PEN010,PEN,,,,,,,,,,,,,,,,,,,,,,,,,,,,,,,PEN010,https://storage.googleapis.com/fabmaster/cardfaces/2026-PEN/EN/PEN010.png,,,,,,,,,,,,,,,,,,,,,,,,,,,,,,,,,,,,,,,,,,,,
PEN011,PEN,,,,,,,,,,,,,,,,,,,,,,,,,,,,,,,PEN011,https://storage.googleapis.com/fabmaster/cardfaces/2026-PEN/EN/PEN011.png,,,,,,,,,,,,,,,,,,,,,,,,,,,,,,,,,,,,,,,,,,,,
PEN012,PEN,,,,,,,,,,,,,,,,,,,,,,,,,,,,,,,PEN012,https://storage.googleapis.com/fabmaster/cardfaces/2026-PEN/EN/PEN012.png,,,,,,,,,,,,,,,,,,,,,,,,,,,,,,,,,,,,,,,,,,,,
PEN013,PEN,,,,,,,,,,,,,,,,,,,,,,,,,,,,,,,PEN013,https://storage.googleapis.com/fabmaster/cardfaces/2026-PEN/EN/PEN013.png,,,,,,,,,,,,,,,,,,,,,,,,,,,,,,,,,,,,,,,,,,,,
PEN014,PEN,,,,,,,,,,,,,,,,,,,,,,,,,,,,,,,PEN014,https://storage.googleapis.com/fabmaster/cardfaces/2026-PEN/EN/PEN014.png,,,,,,,,,,,,,,,,,,,,,,,,,,,,,,,,,,,,,,,,,,,,
PEN015,PEN,,,,,,,,,,,,,,,,,,,,,,,,,,,,,,,PEN015,https://storage.googleapis.com/fabmaster/cardfaces/2026-PEN/EN/PEN015.png,,,,,,,,,,,,,,,,,,,,,,,,,,,,,,,,,,,,,,,,,,,,
PEN016,PEN,,,,,,,,,,,,,,,,,,,,,,,,,,,,,,,PEN016,https://storage.googleapis.com/fabmaster/cardfaces/2026-PEN/EN/PEN016.png,,,,,,,,,,,,,,,,,,,,,,,,,,,,,,,,,,,,,,,,,,,,
PEN017,PEN,Magmatic Carapace,,,,,2,,,,"Guardian, Equipment, Chest",,Guardwell,,,,,,"Whenever you play an aura, you may {t} this and pay {r}. If you do, create a Seismic Surge token.

**Guardwell**",Guardian Equipment - Chest,,,,,,R,S,,Federico Musetti,,,PEN017,https://storage.googleapis.com/fabmaster/cardfaces/2026-PEN/EN/PEN017.png,,,,,,,,,,,,,,,,,,,,,,,,,,,,,,,,,,,,,,,,,,,,
PEN018,PEN,,,,,,,,,,,,,,,,,,,,,,,,,,,,,,,PEN018,https://storage.googleapis.com/fabmaster/cardfaces/2026-PEN/EN/PEN018.png,,,,,,,,,,,,,,,,,,,,,,,,,,,,,,,,,,,,,,,,,,,,
PEN019,PEN,,,,,,,,,,,,,,,,,,,,,,,,,,,,,,,PEN019,https://storage.googleapis.com/fabmaster/cardfaces/2026-PEN/EN/PEN019.png,,,,,,,,,,,,,,,,,,,,,,,,,,,,,,,,,,,,,,,,,,,,
PEN020,PEN,,,,,,,,,,,,,,,,,,,,,,,,,,,,,,,PEN020,https://storage.googleapis.com/fabmaster/cardfaces/2026-PEN/EN/PEN020.png,,,,,,,,,,,,,,,,,,,,,,,,,,,,,,,,,,,,,,,,,,,,
PEN021,PEN,,,,,,,,,,,,,,,,,,,,,,,,,,,,,,,PEN021,https://storage.googleapis.com/fabmaster/cardfaces/2026-PEN/EN/PEN021.png,,,,,,,,,,,,,,,,,,,,,,,,,,,,,,,,,,,,,,,,,,,,
PEN022,PEN,,,,,,,,,,,,,,,,,,,,,,,,,,,,,,,PEN022,https://storage.googleapis.com/fabmaster/cardfaces/2026-PEN/EN/PEN022.png,,,,,,,,,,,,,,,,,,,,,,,,,,,,,,,,,,,,,,,,,,,,
PEN023,PEN,,,,,,,,,,,,,,,,,,,,,,,,,,,,,,,PEN023,https://storage.googleapis.com/fabmaster/cardfaces/2026-PEN/EN/PEN023.png,,,,,,,,,,,,,,,,,,,,,,,,,,,,,,,,,,,,,,,,,,,,
PEN024,PEN,,,,,,,,,,,,,,,,,,,,,,,,,,,,,,,PEN024,https://storage.googleapis.com/fabmaster/cardfaces/2026-PEN/EN/PEN024.png,,,,,,,,,,,,,,,,,,,,,,,,,,,,,,,,,,,,,,,,,,,,
PEN025,PEN,,,,,,,,,,,,,,,,,,,,,,,,,,,,,,,PEN025,https://storage.googleapis.com/fabmaster/cardfaces/2026-PEN/EN/PEN025.png,,,,,,,,,,,,,,,,,,,,,,,,,,,,,,,,,,,,,,,,,,,,
PEN026,PEN,,,,,,,,,,,,,,,,,,,,,,,,,,,,,,,PEN026,https://storage.googleapis.com/fabmaster/cardfaces/2026-PEN/EN/PEN026.png,,,,,,,,,,,,,,,,,,,,,,,,,,,,,,,,,,,,,,,,,,,,
PEN027,PEN,,,,,,,,,,,,,,,,,,,,,,,,,,,,,,,PEN027,https://storage.googleapis.com/fabmaster/cardfaces/2026-PEN/EN/PEN027.png,,,,,,,,,,,,,,,,,,,,,,,,,,,,,,,,,,,,,,,,,,,,
PEN028,PEN,,,,,,,,,,,,,,,,,,,,,,,,,,,,,,,PEN028,https://storage.googleapis.com/fabmaster/cardfaces/2026-PEN/EN/PEN028.png,,,,,,,,,,,,,,,,,,,,,,,,,,,,,,,,,,,,,,,,,,,,
PEN029,PEN,,,,,,,,,,,,,,,,,,,,,,,,,,,,,,,PEN029,https://storage.googleapis.com/fabmaster/cardfaces/2026-PEN/EN/PEN029.png,,,,,,,,,,,,,,,,,,,,,,,,,,,,,,,,,,,,,,,,,,,,
PEN030,PEN,Mask of the Swarming Claw,,,,,0,,,,"Ninja, Equipment, Head",,"Arcane Barrier 1, Spellvoid X",,,,,,"**Arcane Barrier 1**

**Spellvoid X**, where X is the number of chain links you control.",Ninja Equipment - Head,,,,,,R,,,Widya Wang,,,PEN030,https://storage.googleapis.com/fabmaster/cardfaces/2026-PEN/EN/PEN030.png,,,,,,,,,,,,,,,,,,,,,,,,,,,,,,,,,,,,,,,,,,,,
PEN031,PEN,Double Cross Strap,,,,,0,,,,"Ninja, Equipment, Chest",,Arcane Barrier 1,,,,,,"**Instant** - Destroy this: Gain {r}. Activate this only if you've hit 2 or more times this combat chain.

**Arcane Barrier 1**",Ninja Equipment - Chest,,,,,,R,,,Tomasz Jedruszek,,,PEN031,https://storage.googleapis.com/fabmaster/cardfaces/2026-PEN/EN/PEN031.png,,,,,,,,,,,,,,,,,,,,,,,,,,,,,,,,,,,,,,,,,,,,
PEN032,PEN,,,,,,,,,,,,,,,,,,,,,,,,,,,,,,,PEN032,https://storage.googleapis.com/fabmaster/cardfaces/2026-PEN/EN/PEN032.png,,,,,,,,,,,,,,,,,,,,,,,,,,,,,,,,,,,,,,,,,,,,
PEN033,PEN,,,,,,,,,,,,,,,,,,,,,,,,,,,,,,,PEN033,https://storage.googleapis.com/fabmaster/cardfaces/2026-PEN/EN/PEN033.png,,,,,,,,,,,,,,,,,,,,,,,,,,,,,,,,,,,,,,,,,,,,
PEN034,PEN,,,,,,,,,,,,,,,,,,,,,,,,,,,,,,,PEN034,https://storage.googleapis.com/fabmaster/cardfaces/2026-PEN/EN/PEN034.png,,,,,,,,,,,,,,,,,,,,,,,,,,,,,,,,,,,,,,,,,,,,
PEN035,PEN,,,,,,,,,,,,,,,,,,,,,,,,,,,,,,,PEN035,https://storage.googleapis.com/fabmaster/cardfaces/2026-PEN/EN/PEN035.png,,,,,,,,,,,,,,,,,,,,,,,,,,,,,,,,,,,,,,,,,,,,
PEN036,PEN,,,,,,,,,,,,,,,,,,,,,,,,,,,,,,,PEN036,https://storage.googleapis.com/fabmaster/cardfaces/2026-PEN/EN/PEN036.png,,,,,,,,,,,,,,,,,,,,,,,,,,,,,,,,,,,,,,,,,,,,
PEN037,PEN,,,,,,,,,,,,,,,,,,,,,,,,,,,,,,,PEN037,https://storage.googleapis.com/fabmaster/cardfaces/2026-PEN/EN/PEN037.png,,,,,,,,,,,,,,,,,,,,,,,,,,,,,,,,,,,,,,,,,,,,
PEN038,PEN,,,,,,,,,,,,,,,,,,,,,,,,,,,,,,,PEN038,https://storage.googleapis.com/fabmaster/cardfaces/2026-PEN/EN/PEN038.png,,,,,,,,,,,,,,,,,,,,,,,,,,,,,,,,,,,,,,,,,,,,
PEN039,PEN,,,,,,,,,,,,,,,,,,,,,,,,,,,,,,,PEN039,https://storage.googleapis.com/fabmaster/cardfaces/2026-PEN/EN/PEN039.png,,,,,,,,,,,,,,,,,,,,,,,,,,,,,,,,,,,,,,,,,,,,
PEN040,PEN,,,,,,,,,,,,,,,,,,,,,,,,,,,,,,,PEN040,https://storage.googleapis.com/fabmaster/cardfaces/2026-PEN/EN/PEN040.png,,,,,,,,,,,,,,,,,,,,,,,,,,,,,,,,,,,,,,,,,,,,
PEN041,PEN,,,,,,,,,,,,,,,,,,,,,,,,,,,,,,,PEN041,https://storage.googleapis.com/fabmaster/cardfaces/2026-PEN/EN/PEN041.png,,,,,,,,,,,,,,,,,,,,,,,,,,,,,,,,,,,,,,,,,,,,
PEN042,PEN,,,,,,,,,,,,,,,,,,,,,,,,,,,,,,,PEN042,https://storage.googleapis.com/fabmaster/cardfaces/2026-PEN/EN/PEN042.png,,,,,,,,,,,,,,,,,,,,,,,,,,,,,,,,,,,,,,,,,,,,
PEN043,PEN,,,,,,,,,,,,,,,,,,,,,,,,,,,,,,,PEN043,https://storage.googleapis.com/fabmaster/cardfaces/2026-PEN/EN/PEN043.png,,,,,,,,,,,,,,,,,,,,,,,,,,,,,,,,,,,,,,,,,,,,
PEN044,PEN,,,,,,,,,,,,,,,,,,,,,,,,,,,,,,,PEN044,https://storage.googleapis.com/fabmaster/cardfaces/2026-PEN/EN/PEN044.png,,,,,,,,,,,,,,,,,,,,,,,,,,,,,,,,,,,,,,,,,,,,
PEN045,PEN,,,,,,,,,,,,,,,,,,,,,,,,,,,,,,,PEN045,https://storage.googleapis.com/fabmaster/cardfaces/2026-PEN/EN/PEN045.png,,,,,,,,,,,,,,,,,,,,,,,,,,,,,,,,,,,,,,,,,,,,
PEN046,PEN,,,,,,,,,,,,,,,,,,,,,,,,,,,,,,,PEN046,https://storage.googleapis.com/fabmaster/cardfaces/2026-PEN/EN/PEN046.png,,,,,,,,,,,,,,,,,,,,,,,,,,,,,,,,,,,,,,,,,,,,
PEN047,PEN,,,,,,,,,,,,,,,,,,,,,,,,,,,,,,,PEN047,https://storage.googleapis.com/fabmaster/cardfaces/2026-PEN/EN/PEN047.png,,,,,,,,,,,,,,,,,,,,,,,,,,,,,,,,,,,,,,,,,,,,
PEN048,PEN,,,,,,,,,,,,,,,,,,,,,,,,,,,,,,,PEN048,https://storage.googleapis.com/fabmaster/cardfaces/2026-PEN/EN/PEN048.png,,,,,,,,,,,,,,,,,,,,,,,,,,,,,,,,,,,,,,,,,,,,
PEN049,PEN,,,,,,,,,,,,,,,,,,,,,,,,,,,,,,,PEN049,https://storage.googleapis.com/fabmaster/cardfaces/2026-PEN/EN/PEN049.png,,,,,,,,,,,,,,,,,,,,,,,,,,,,,,,,,,,,,,,,,,,,
PEN050,PEN,,,,,,,,,,,,,,,,,,,,,,,,,,,,,,,PEN050,https://storage.googleapis.com/fabmaster/cardfaces/2026-PEN/EN/PEN050.png,,,,,,,,,,,,,,,,,,,,,,,,,,,,,,,,,,,,,,,,,,,,
PEN051,PEN,,,,,,,,,,,,,,,,,,,,,,,,,,,,,,,PEN051,https://storage.googleapis.com/fabmaster/cardfaces/2026-PEN/EN/PEN051.png,,,,,,,,,,,,,,,,,,,,,,,,,,,,,,,,,,,,,,,,,,,,
PEN052,PEN,,,,,,,,,,,,,,,,,,,,,,,,,,,,,,,PEN052,https://storage.googleapis.com/fabmaster/cardfaces/2026-PEN/EN/PEN052.png,,,,,,,,,,,,,,,,,,,,,,,,,,,,,,,,,,,,,,,,,,,,
PEN053,PEN,,,,,,,,,,,,,,,,,,,,,,,,,,,,,,,PEN053,https://storage.googleapis.com/fabmaster/cardfaces/2026-PEN/EN/PEN053.png,,,,,,,,,,,,,,,,,,,,,,,,,,,,,,,,,,,,,,,,,,,,
PEN054,PEN,,,,,,,,,,,,,,,,,,,,,,,,,,,,,,,PEN054,https://storage.googleapis.com/fabmaster/cardfaces/2026-PEN/EN/PEN054.png,,,,,,,,,,,,,,,,,,,,,,,,,,,,,,,,,,,,,,,,,,,,
PEN055,PEN,,,,,,,,,,,,,,,,,,,,,,,,,,,,,,,PEN055,https://storage.googleapis.com/fabmaster/cardfaces/2026-PEN/EN/PEN055.png,,,,,,,,,,,,,,,,,,,,,,,,,,,,,,,,,,,,,,,,,,,,
PEN056,PEN,,,,,,,,,,,,,,,,,,,,,,,,,,,,,,,PEN056,https://storage.googleapis.com/fabmaster/cardfaces/2026-PEN/EN/PEN056.png,,,,,,,,,,,,,,,,,,,,,,,,,,,,,,,,,,,,,,,,,,,,
PEN057,PEN,Synapse Sparkcap,,,,,1,,,,"Mechanologist, Equipment, Base, Head",,Battleworn,Action,,,,,"**Action** - {t}, banish an Evo from your hand: Create a Ponder token.

**Battleworn**",Mechanologist Equipment - Base Head,,,,No,,M,S,,Nikko Wahyudi,,,PEN057,https://storage.googleapis.com/fabmaster/cardfaces/2026-PEN/EN/PEN057.png,,,,,,,,,,,,,,,,,,,,,,,,,,,,,,,,,,,,,,,,,,,,
PEN058,PEN,,,,,,,,,,,,,,,,,,,,,,,,,,,,,,,PEN058,https://storage.googleapis.com/fabmaster/cardfaces/2026-PEN/EN/PEN058.png,,,,,,,,,,,,,,,,,,,,,,,,,,,,,,,,,,,,,,,,,,,,
PEN059,PEN,,,,,,,,,,,,,,,,,,,,,,,,,,,,,,,PEN059,https://storage.googleapis.com/fabmaster/cardfaces/2026-PEN/EN/PEN059.png,,,,,,,,,,,,,,,,,,,,,,,,,,,,,,,,,,,,,,,,,,,,
PEN060,PEN,,,,,,,,,,,,,,,,,,,,,,,,,,,,,,,PEN060,https://storage.googleapis.com/fabmaster/cardfaces/2026-PEN/EN/PEN060.png,,,,,,,,,,,,,,,,,,,,,,,,,,,,,,,,,,,,,,,,,,,,
PEN061,PEN,,,,,,,,,,,,,,,,,,,,,,,,,,,,,,,PEN061,https://storage.googleapis.com/fabmaster/cardfaces/2026-PEN/EN/PEN061.png,,,,,,,,,,,,,,,,,,,,,,,,,,,,,,,,,,,,,,,,,,,,
PEN062,PEN,Ghost Protocol: Architect,Red,1,0,1,3,,,,"Mechanologist, Action, Attack",,Evo Upgrade,,,,,,"If this was banished from boosting this turn, you may play this from your banished zone.

**Evo Upgrade** - When this attacks, search your deck for an Evo with cost less than or equal to the number of Evos you have equipped, banish it, then shuffle.",Mechanologist Action - Attack,,,,No,,M,,,Jessada Sutthi,,,PEN062,https://storage.googleapis.com/fabmaster/cardfaces/2026-PEN/EN/PEN062.png,,,,,,,,,,,,,,,,,,,,,,,,,,,,,,,,,,,,,,,,,,,,
PEN063,PEN,Ghost Protocol: Mainframe,Blue,3,0,1,3,,,,"Mechanologist, Action, Attack",,Evo Upgrade,,,,,,"If this was banished from boosting this turn, you may play this from your banished zone.

**Evo Upgrade** - This gets +1{p} for each Evo you have equipped.",Mechanologist Action - Attack,,,,No,,M,,,Mariusz Gandzel,,,PEN063,https://storage.googleapis.com/fabmaster/cardfaces/2026-PEN/EN/PEN063.png,,,,,,,,,,,,,,,,,,,,,,,,,,,,,,,,,,,,,,,,,,,,
PEN064,PEN,,,,,,,,,,,,,,,,,,,,,,,,,,,,,,,PEN064,https://storage.googleapis.com/fabmaster/cardfaces/2026-PEN/EN/PEN064.png,,,,,,,,,,,,,,,,,,,,,,,,,,,,,,,,,,,,,,,,,,,,
PEN065,PEN,,,,,,,,,,,,,,,,,,,,,,,,,,,,,,,PEN065,https://storage.googleapis.com/fabmaster/cardfaces/2026-PEN/EN/PEN065.png,,,,,,,,,,,,,,,,,,,,,,,,,,,,,,,,,,,,,,,,,,,,
PEN066,PEN,,,,,,,,,,,,,,,,,,,,,,,,,,,,,,,PEN066,https://storage.googleapis.com/fabmaster/cardfaces/2026-PEN/EN/PEN066.png,,,,,,,,,,,,,,,,,,,,,,,,,,,,,,,,,,,,,,,,,,,,
PEN067,PEN,,,,,,,,,,,,,,,,,,,,,,,,,,,,,,,PEN067,https://storage.googleapis.com/fabmaster/cardfaces/2026-PEN/EN/PEN067.png,,,,,,,,,,,,,,,,,,,,,,,,,,,,,,,,,,,,,,,,,,,,
PEN068,PEN,,,,,,,,,,,,,,,,,,,,,,,,,,,,,,,PEN068,https://storage.googleapis.com/fabmaster/cardfaces/2026-PEN/EN/PEN068.png,,,,,,,,,,,,,,,,,,,,,,,,,,,,,,,,,,,,,,,,,,,,
PEN069,PEN,,,,,,,,,,,,,,,,,,,,,,,,,,,,,,,PEN069,https://storage.googleapis.com/fabmaster/cardfaces/2026-PEN/EN/PEN069.png,,,,,,,,,,,,,,,,,,,,,,,,,,,,,,,,,,,,,,,,,,,,
PEN070,PEN,,,,,,,,,,,,,,,,,,,,,,,,,,,,,,,PEN070,https://storage.googleapis.com/fabmaster/cardfaces/2026-PEN/EN/PEN070.png,,,,,,,,,,,,,,,,,,,,,,,,,,,,,,,,,,,,,,,,,,,,
PEN071,PEN,,,,,,,,,,,,,,,,,,,,,,,,,,,,,,,PEN071,https://storage.googleapis.com/fabmaster/cardfaces/2026-PEN/EN/PEN071.png,,,,,,,,,,,,,,,,,,,,,,,,,,,,,,,,,,,,,,,,,,,,
PEN072,PEN,,,,,,,,,,,,,,,,,,,,,,,,,,,,,,,PEN072,https://storage.googleapis.com/fabmaster/cardfaces/2026-PEN/EN/PEN072.png,,,,,,,,,,,,,,,,,,,,,,,,,,,,,,,,,,,,,,,,,,,,
PEN073,PEN,,,,,,,,,,,,,,,,,,,,,,,,,,,,,,,PEN073,https://storage.googleapis.com/fabmaster/cardfaces/2026-PEN/EN/PEN073.png,,,,,,,,,,,,,,,,,,,,,,,,,,,,,,,,,,,,,,,,,,,,
PEN074,PEN,,,,,,,,,,,,,,,,,,,,,,,,,,,,,,,PEN074,https://storage.googleapis.com/fabmaster/cardfaces/2026-PEN/EN/PEN074.png,,,,,,,,,,,,,,,,,,,,,,,,,,,,,,,,,,,,,,,,,,,,
PEN075,PEN,,,,,,,,,,,,,,,,,,,,,,,,,,,,,,,PEN075,https://storage.googleapis.com/fabmaster/cardfaces/2026-PEN/EN/PEN075.png,,,,,,,,,,,,,,,,,,,,,,,,,,,,,,,,,,,,,,,,,,,,
PEN076,PEN,,,,,,,,,,,,,,,,,,,,,,,,,,,,,,,PEN076,https://storage.googleapis.com/fabmaster/cardfaces/2026-PEN/EN/PEN076.png,,,,,,,,,,,,,,,,,,,,,,,,,,,,,,,,,,,,,,,,,,,,
PEN077,PEN,,,,,,,,,,,,,,,,,,,,,,,,,,,,,,,PEN077,https://storage.googleapis.com/fabmaster/cardfaces/2026-PEN/EN/PEN077.png,,,,,,,,,,,,,,,,,,,,,,,,,,,,,,,,,,,,,,,,,,,,
PEN078,PEN,,,,,,,,,,,,,,,,,,,,,,,,,,,,,,,PEN078,https://storage.googleapis.com/fabmaster/cardfaces/2026-PEN/EN/PEN078.png,,,,,,,,,,,,,,,,,,,,,,,,,,,,,,,,,,,,,,,,,,,,
PEN079,PEN,,,,,,,,,,,,,,,,,,,,,,,,,,,,,,,PEN079,https://storage.googleapis.com/fabmaster/cardfaces/2026-PEN/EN/PEN079.png,,,,,,,,,,,,,,,,,,,,,,,,,,,,,,,,,,,,,,,,,,,,
PEN080,PEN,,,,,,,,,,,,,,,,,,,,,,,,,,,,,,,PEN080,https://storage.googleapis.com/fabmaster/cardfaces/2026-PEN/EN/PEN080.png,,,,,,,,,,,,,,,,,,,,,,,,,,,,,,,,,,,,,,,,,,,,
PEN081,PEN,,,,,,,,,,,,,,,,,,,,,,,,,,,,,,,PEN081,https://storage.googleapis.com/fabmaster/cardfaces/2026-PEN/EN/PEN081.png,,,,,,,,,,,,,,,,,,,,,,,,,,,,,,,,,,,,,,,,,,,,
PEN082,PEN,Bolt'n Boots,,,,,1,,,,"Ranger, Equipment, Legs",,Battleworn,Attack Reaction,,Go again,,,"**Attack Reaction** - {r}, destroy this: Target arrow attack with {p} greater than its base gets **go again**.

**Battleworn**",Ranger Equipment - Legs,,,,,,R,S,,Mariusz Gandzel,,,PEN082,https://storage.googleapis.com/fabmaster/cardfaces/2026-PEN/EN/PEN082.png,,,,,,,,,,,,,,,,,,,,,,,,,,,,,,,,,,,,,,,,,,,,
PEN083,PEN,,,,,,,,,,,,,,,,,,,,,,,,,,,,,,,PEN083,https://storage.googleapis.com/fabmaster/cardfaces/2026-PEN/EN/PEN083.png,,,,,,,,,,,,,,,,,,,,,,,,,,,,,,,,,,,,,,,,,,,,
PEN084,PEN,,,,,,,,,,,,,,,,,,,,,,,,,,,,,,,PEN084,https://storage.googleapis.com/fabmaster/cardfaces/2026-PEN/EN/PEN084.png,,,,,,,,,,,,,,,,,,,,,,,,,,,,,,,,,,,,,,,,,,,,
PEN085,PEN,,,,,,,,,,,,,,,,,,,,,,,,,,,,,,,PEN085,https://storage.googleapis.com/fabmaster/cardfaces/2026-PEN/EN/PEN085.png,,,,,,,,,,,,,,,,,,,,,,,,,,,,,,,,,,,,,,,,,,,,
PEN086,PEN,,,,,,,,,,,,,,,,,,,,,,,,,,,,,,,PEN086,https://storage.googleapis.com/fabmaster/cardfaces/2026-PEN/EN/PEN086.png,,,,,,,,,,,,,,,,,,,,,,,,,,,,,,,,,,,,,,,,,,,,
PEN087,PEN,,,,,,,,,,,,,,,,,,,,,,,,,,,,,,,PEN087,https://storage.googleapis.com/fabmaster/cardfaces/2026-PEN/EN/PEN087.png,,,,,,,,,,,,,,,,,,,,,,,,,,,,,,,,,,,,,,,,,,,,
PEN088,PEN,,,,,,,,,,,,,,,,,,,,,,,,,,,,,,,PEN088,https://storage.googleapis.com/fabmaster/cardfaces/2026-PEN/EN/PEN088.png,,,,,,,,,,,,,,,,,,,,,,,,,,,,,,,,,,,,,,,,,,,,
PEN089,PEN,,,,,,,,,,,,,,,,,,,,,,,,,,,,,,,PEN089,https://storage.googleapis.com/fabmaster/cardfaces/2026-PEN/EN/PEN089.png,,,,,,,,,,,,,,,,,,,,,,,,,,,,,,,,,,,,,,,,,,,,
PEN090,PEN,,,,,,,,,,,,,,,,,,,,,,,,,,,,,,,PEN090,https://storage.googleapis.com/fabmaster/cardfaces/2026-PEN/EN/PEN090.png,,,,,,,,,,,,,,,,,,,,,,,,,,,,,,,,,,,,,,,,,,,,
PEN091,PEN,,,,,,,,,,,,,,,,,,,,,,,,,,,,,,,PEN091,https://storage.googleapis.com/fabmaster/cardfaces/2026-PEN/EN/PEN091.png,,,,,,,,,,,,,,,,,,,,,,,,,,,,,,,,,,,,,,,,,,,,
PEN092,PEN,Grimoire of Fellingsong,,,,,,,,,"Runeblade, Equipment, Off-Hand",,,Instant,,,,,"**Instant** - {r}, destroy this: Create a Runechant token.",Runeblade Equipment - Off-Hand,,,,No,,M,S,,Carlos Cruchaga,,,PEN092,https://storage.googleapis.com/fabmaster/cardfaces/2026-PEN/EN/PEN092.png,,,,,,,,,,,,,,,,,,,,,,,,,,,,,,,,,,,,,,,,,,,,
PEN093,PEN,,,,,,,,,,,,,,,,,,,,,,,,,,,,,,,PEN093,https://storage.googleapis.com/fabmaster/cardfaces/2026-PEN/EN/PEN093.png,,,,,,,,,,,,,,,,,,,,,,,,,,,,,,,,,,,,,,,,,,,,
PEN094,PEN,,,,,,,,,,,,,,,,,,,,,,,,,,,,,,,PEN094,https://storage.googleapis.com/fabmaster/cardfaces/2026-PEN/EN/PEN094.png,,,,,,,,,,,,,,,,,,,,,,,,,,,,,,,,,,,,,,,,,,,,
PEN095,PEN,,,,,,,,,,,,,,,,,,,,,,,,,,,,,,,PEN095,https://storage.googleapis.com/fabmaster/cardfaces/2026-PEN/EN/PEN095.png,,,,,,,,,,,,,,,,,,,,,,,,,,,,,,,,,,,,,,,,,,,,
PEN096,PEN,,,,,,,,,,,,,,,,,,,,,,,,,,,,,,,PEN096,https://storage.googleapis.com/fabmaster/cardfaces/2026-PEN/EN/PEN096.png,,,,,,,,,,,,,,,,,,,,,,,,,,,,,,,,,,,,,,,,,,,,
PEN097,PEN,,,,,,,,,,,,,,,,,,,,,,,,,,,,,,,PEN097,https://storage.googleapis.com/fabmaster/cardfaces/2026-PEN/EN/PEN097.png,,,,,,,,,,,,,,,,,,,,,,,,,,,,,,,,,,,,,,,,,,,,
PEN098,PEN,,,,,,,,,,,,,,,,,,,,,,,,,,,,,,,PEN098,https://storage.googleapis.com/fabmaster/cardfaces/2026-PEN/EN/PEN098.png,,,,,,,,,,,,,,,,,,,,,,,,,,,,,,,,,,,,,,,,,,,,
PEN099,PEN,,,,,,,,,,,,,,,,,,,,,,,,,,,,,,,PEN099,https://storage.googleapis.com/fabmaster/cardfaces/2026-PEN/EN/PEN099.png,,,,,,,,,,,,,,,,,,,,,,,,,,,,,,,,,,,,,,,,,,,,
PEN100,PEN,,,,,,,,,,,,,,,,,,,,,,,,,,,,,,,PEN100,https://storage.googleapis.com/fabmaster/cardfaces/2026-PEN/EN/PEN100.png,,,,,,,,,,,,,,,,,,,,,,,,,,,,,,,,,,,,,,,,,,,,
PEN101,PEN,,,,,,,,,,,,,,,,,,,,,,,,,,,,,,,PEN101,https://storage.googleapis.com/fabmaster/cardfaces/2026-PEN/EN/PEN101.png,,,,,,,,,,,,,,,,,,,,,,,,,,,,,,,,,,,,,,,,,,,,
PEN102,PEN,,,,,,,,,,,,,,,,,,,,,,,,,,,,,,,PEN102,https://storage.googleapis.com/fabmaster/cardfaces/2026-PEN/EN/PEN102.png,,,,,,,,,,,,,,,,,,,,,,,,,,,,,,,,,,,,,,,,,,,,
PEN103,PEN,,,,,,,,,,,,,,,,,,,,,,,,,,,,,,,PEN103,https://storage.googleapis.com/fabmaster/cardfaces/2026-PEN/EN/PEN103.png,,,,,,,,,,,,,,,,,,,,,,,,,,,,,,,,,,,,,,,,,,,,
PEN104,PEN,,,,,,,,,,,,,,,,,,,,,,,,,,,,,,,PEN104,https://storage.googleapis.com/fabmaster/cardfaces/2026-PEN/EN/PEN104.png,,,,,,,,,,,,,,,,,,,,,,,,,,,,,,,,,,,,,,,,,,,,
PEN105,PEN,,,,,,,,,,,,,,,,,,,,,,,,,,,,,,,PEN105,https://storage.googleapis.com/fabmaster/cardfaces/2026-PEN/EN/PEN105.png,,,,,,,,,,,,,,,,,,,,,,,,,,,,,,,,,,,,,,,,,,,,
PEN106,PEN,,,,,,,,,,,,,,,,,,,,,,,,,,,,,,,PEN106,https://storage.googleapis.com/fabmaster/cardfaces/2026-PEN/EN/PEN106.png,,,,,,,,,,,,,,,,,,,,,,,,,,,,,,,,,,,,,,,,,,,,
PEN107,PEN,,,,,,,,,,,,,,,,,,,,,,,,,,,,,,,PEN107,https://storage.googleapis.com/fabmaster/cardfaces/2026-PEN/EN/PEN107.png,,,,,,,,,,,,,,,,,,,,,,,,,,,,,,,,,,,,,,,,,,,,
PEN108,PEN,,,,,,,,,,,,,,,,,,,,,,,,,,,,,,,PEN108,https://storage.googleapis.com/fabmaster/cardfaces/2026-PEN/EN/PEN108.png,,,,,,,,,,,,,,,,,,,,,,,,,,,,,,,,,,,,,,,,,,,,
PEN109,PEN,,,,,,,,,,,,,,,,,,,,,,,,,,,,,,,PEN109,https://storage.googleapis.com/fabmaster/cardfaces/2026-PEN/EN/PEN109.png,,,,,,,,,,,,,,,,,,,,,,,,,,,,,,,,,,,,,,,,,,,,
PEN110,PEN,Aetherstorm Wellingtons,,,,,0,,,,"Wizard, Equipment, Legs",,Arcane Barrier 2,,,,,,**Arcane Barrier 2**,Wizard Equipment - Legs,,,,,,R,,,Mateusz Wiśniewski,,,PEN110,https://storage.googleapis.com/fabmaster/cardfaces/2026-PEN/EN/PEN110.png,,,,,,,,,,,,,,,,,,,,,,,,,,,,,,,,,,,,,,,,,,,,
PEN111,PEN,,,,,,,,,,,,,,,,,,,,,,,,,,,,,,,PEN111,https://storage.googleapis.com/fabmaster/cardfaces/2026-PEN/EN/PEN111.png,,,,,,,,,,,,,,,,,,,,,,,,,,,,,,,,,,,,,,,,,,,,
PEN112,PEN,,,,,,,,,,,,,,,,,,,,,,,,,,,,,,,PEN112,https://storage.googleapis.com/fabmaster/cardfaces/2026-PEN/EN/PEN112.png,,,,,,,,,,,,,,,,,,,,,,,,,,,,,,,,,,,,,,,,,,,,
PEN113,PEN,,,,,,,,,,,,,,,,,,,,,,,,,,,,,,,PEN113,https://storage.googleapis.com/fabmaster/cardfaces/2026-PEN/EN/PEN113.png,,,,,,,,,,,,,,,,,,,,,,,,,,,,,,,,,,,,,,,,,,,,
PEN114,PEN,,,,,,,,,,,,,,,,,,,,,,,,,,,,,,,PEN114,https://storage.googleapis.com/fabmaster/cardfaces/2026-PEN/EN/PEN114.png,,,,,,,,,,,,,,,,,,,,,,,,,,,,,,,,,,,,,,,,,,,,
PEN115,PEN,,,,,,,,,,,,,,,,,,,,,,,,,,,,,,,PEN115,https://storage.googleapis.com/fabmaster/cardfaces/2026-PEN/EN/PEN115.png,,,,,,,,,,,,,,,,,,,,,,,,,,,,,,,,,,,,,,,,,,,,
PEN116,PEN,,,,,,,,,,,,,,,,,,,,,,,,,,,,,,,PEN116,https://storage.googleapis.com/fabmaster/cardfaces/2026-PEN/EN/PEN116.png,,,,,,,,,,,,,,,,,,,,,,,,,,,,,,,,,,,,,,,,,,,,
PEN117,PEN,,,,,,,,,,,,,,,,,,,,,,,,,,,,,,,PEN117,https://storage.googleapis.com/fabmaster/cardfaces/2026-PEN/EN/PEN117.png,,,,,,,,,,,,,,,,,,,,,,,,,,,,,,,,,,,,,,,,,,,,
PEN118,PEN,,,,,,,,,,,,,,,,,,,,,,,,,,,,,,,PEN118,https://storage.googleapis.com/fabmaster/cardfaces/2026-PEN/EN/PEN118.png,,,,,,,,,,,,,,,,,,,,,,,,,,,,,,,,,,,,,,,,,,,,
PEN119,PEN,,,,,,,,,,,,,,,,,,,,,,,,,,,,,,,PEN119,https://storage.googleapis.com/fabmaster/cardfaces/2026-PEN/EN/PEN119.png,,,,,,,,,,,,,,,,,,,,,,,,,,,,,,,,,,,,,,,,,,,,
PEN120,PEN,,,,,,,,,,,,,,,,,,,,,,,,,,,,,,,PEN120,https://storage.googleapis.com/fabmaster/cardfaces/2026-PEN/EN/PEN120.png,,,,,,,,,,,,,,,,,,,,,,,,,,,,,,,,,,,,,,,,,,,,
PEN121,PEN,,,,,,,,,,,,,,,,,,,,,,,,,,,,,,,PEN121,https://storage.googleapis.com/fabmaster/cardfaces/2026-PEN/EN/PEN121.png,,,,,,,,,,,,,,,,,,,,,,,,,,,,,,,,,,,,,,,,,,,,
PEN122,PEN,,,,,,,,,,,,,,,,,,,,,,,,,,,,,,,PEN122,https://storage.googleapis.com/fabmaster/cardfaces/2026-PEN/EN/PEN122.png,,,,,,,,,,,,,,,,,,,,,,,,,,,,,,,,,,,,,,,,,,,,
PEN123,PEN,,,,,,,,,,,,,,,,,,,,,,,,,,,,,,,PEN123,https://storage.googleapis.com/fabmaster/cardfaces/2026-PEN/EN/PEN123.png,,,,,,,,,,,,,,,,,,,,,,,,,,,,,,,,,,,,,,,,,,,,
PEN124,PEN,,,,,,,,,,,,,,,,,,,,,,,,,,,,,,,PEN124,https://storage.googleapis.com/fabmaster/cardfaces/2026-PEN/EN/PEN124.png,,,,,,,,,,,,,,,,,,,,,,,,,,,,,,,,,,,,,,,,,,,,
PEN125,PEN,,,,,,,,,,,,,,,,,,,,,,,,,,,,,,,PEN125,https://storage.googleapis.com/fabmaster/cardfaces/2026-PEN/EN/PEN125.png,,,,,,,,,,,,,,,,,,,,,,,,,,,,,,,,,,,,,,,,,,,,
PEN126,PEN,,,,,,,,,,,,,,,,,,,,,,,,,,,,,,,PEN126,https://storage.googleapis.com/fabmaster/cardfaces/2026-PEN/EN/PEN126.png,,,,,,,,,,,,,,,,,,,,,,,,,,,,,,,,,,,,,,,,,,,,
PEN127,PEN,,,,,,,,,,,,,,,,,,,,,,,,,,,,,,,PEN127,https://storage.googleapis.com/fabmaster/cardfaces/2026-PEN/EN/PEN127.png,,,,,,,,,,,,,,,,,,,,,,,,,,,,,,,,,,,,,,,,,,,,
PEN128,PEN,,,,,,,,,,,,,,,,,,,,,,,,,,,,,,,PEN128,https://storage.googleapis.com/fabmaster/cardfaces/2026-PEN/EN/PEN128.png,,,,,,,,,,,,,,,,,,,,,,,,,,,,,,,,,,,,,,,,,,,,
PEN129,PEN,,,,,,,,,,,,,,,,,,,,,,,,,,,,,,,PEN129,https://storage.googleapis.com/fabmaster/cardfaces/2026-PEN/EN/PEN129.png,,,,,,,,,,,,,,,,,,,,,,,,,,,,,,,,,,,,,,,,,,,,
PEN130,PEN,,,,,,,,,,,,,,,,,,,,,,,,,,,,,,,PEN130,https://storage.googleapis.com/fabmaster/cardfaces/2026-PEN/EN/PEN130.png,,,,,,,,,,,,,,,,,,,,,,,,,,,,,,,,,,,,,,,,,,,,
PEN131,PEN,,,,,,,,,,,,,,,,,,,,,,,,,,,,,,,PEN131,https://storage.googleapis.com/fabmaster/cardfaces/2026-PEN/EN/PEN131.png,,,,,,,,,,,,,,,,,,,,,,,,,,,,,,,,,,,,,,,,,,,,
PEN132,PEN,,,,,,,,,,,,,,,,,,,,,,,,,,,,,,,PEN132,https://storage.googleapis.com/fabmaster/cardfaces/2026-PEN/EN/PEN132.png,,,,,,,,,,,,,,,,,,,,,,,,,,,,,,,,,,,,,,,,,,,,
PEN133,PEN,,,,,,,,,,,,,,,,,,,,,,,,,,,,,,,PEN133,https://storage.googleapis.com/fabmaster/cardfaces/2026-PEN/EN/PEN133.png,,,,,,,,,,,,,,,,,,,,,,,,,,,,,,,,,,,,,,,,,,,,
PEN134,PEN,,,,,,,,,,,,,,,,,,,,,,,,,,,,,,,PEN134,https://storage.googleapis.com/fabmaster/cardfaces/2026-PEN/EN/PEN134.png,,,,,,,,,,,,,,,,,,,,,,,,,,,,,,,,,,,,,,,,,,,,
PEN135,PEN,,,,,,,,,,,,,,,,,,,,,,,,,,,,,,,PEN135,https://storage.googleapis.com/fabmaster/cardfaces/2026-PEN/EN/PEN135.png,,,,,,,,,,,,,,,,,,,,,,,,,,,,,,,,,,,,,,,,,,,,
PEN136,PEN,,,,,,,,,,,,,,,,,,,,,,,,,,,,,,,PEN136,https://storage.googleapis.com/fabmaster/cardfaces/2026-PEN/EN/PEN136.png,,,,,,,,,,,,,,,,,,,,,,,,,,,,,,,,,,,,,,,,,,,,
PEN137,PEN,,,,,,,,,,,,,,,,,,,,,,,,,,,,,,,PEN137,https://storage.googleapis.com/fabmaster/cardfaces/2026-PEN/EN/PEN137.png,,,,,,,,,,,,,,,,,,,,,,,,,,,,,,,,,,,,,,,,,,,,
PEN138,PEN,,,,,,,,,,,,,,,,,,,,,,,,,,,,,,,PEN138,https://storage.googleapis.com/fabmaster/cardfaces/2026-PEN/EN/PEN138.png,,,,,,,,,,,,,,,,,,,,,,,,,,,,,,,,,,,,,,,,,,,,
PEN139,PEN,,,,,,,,,,,,,,,,,,,,,,,,,,,,,,,PEN139,https://storage.googleapis.com/fabmaster/cardfaces/2026-PEN/EN/PEN139.png,,,,,,,,,,,,,,,,,,,,,,,,,,,,,,,,,,,,,,,,,,,,
PEN140,PEN,,,,,,,,,,,,,,,,,,,,,,,,,,,,,,,PEN140,https://storage.googleapis.com/fabmaster/cardfaces/2026-PEN/EN/PEN140.png,,,,,,,,,,,,,,,,,,,,,,,,,,,,,,,,,,,,,,,,,,,,
PEN141,PEN,,,,,,,,,,,,,,,,,,,,,,,,,,,,,,,PEN141,https://storage.googleapis.com/fabmaster/cardfaces/2026-PEN/EN/PEN141.png,,,,,,,,,,,,,,,,,,,,,,,,,,,,,,,,,,,,,,,,,,,,
PEN142,PEN,,,,,,,,,,,,,,,,,,,,,,,,,,,,,,,PEN142,https://storage.googleapis.com/fabmaster/cardfaces/2026-PEN/EN/PEN142.png,,,,,,,,,,,,,,,,,,,,,,,,,,,,,,,,,,,,,,,,,,,,
PEN143,PEN,,,,,,,,,,,,,,,,,,,,,,,,,,,,,,,PEN143,https://storage.googleapis.com/fabmaster/cardfaces/2026-PEN/EN/PEN143.png,,,,,,,,,,,,,,,,,,,,,,,,,,,,,,,,,,,,,,,,,,,,
PEN144,PEN,,,,,,,,,,,,,,,,,,,,,,,,,,,,,,,PEN144,https://storage.googleapis.com/fabmaster/cardfaces/2026-PEN/EN/PEN144.png,,,,,,,,,,,,,,,,,,,,,,,,,,,,,,,,,,,,,,,,,,,,
PEN145,PEN,,,,,,,,,,,,,,,,,,,,,,,,,,,,,,,PEN145,https://storage.googleapis.com/fabmaster/cardfaces/2026-PEN/EN/PEN145.png,,,,,,,,,,,,,,,,,,,,,,,,,,,,,,,,,,,,,,,,,,,,
PEN146,PEN,,,,,,,,,,,,,,,,,,,,,,,,,,,,,,,PEN146,https://storage.googleapis.com/fabmaster/cardfaces/2026-PEN/EN/PEN146.png,,,,,,,,,,,,,,,,,,,,,,,,,,,,,,,,,,,,,,,,,,,,
PEN147,PEN,,,,,,,,,,,,,,,,,,,,,,,,,,,,,,,PEN147,https://storage.googleapis.com/fabmaster/cardfaces/2026-PEN/EN/PEN147.png,,,,,,,,,,,,,,,,,,,,,,,,,,,,,,,,,,,,,,,,,,,,
PEN148,PEN,,,,,,,,,,,,,,,,,,,,,,,,,,,,,,,PEN148,https://storage.googleapis.com/fabmaster/cardfaces/2026-PEN/EN/PEN148.png,,,,,,,,,,,,,,,,,,,,,,,,,,,,,,,,,,,,,,,,,,,,
PEN149,PEN,,,,,,,,,,,,,,,,,,,,,,,,,,,,,,,PEN149,https://storage.googleapis.com/fabmaster/cardfaces/2026-PEN/EN/PEN149.png,,,,,,,,,,,,,,,,,,,,,,,,,,,,,,,,,,,,,,,,,,,,
PEN150,PEN,,,,,,,,,,,,,,,,,,,,,,,,,,,,,,,PEN150,https://storage.googleapis.com/fabmaster/cardfaces/2026-PEN/EN/PEN150.png,,,,,,,,,,,,,,,,,,,,,,,,,,,,,,,,,,,,,,,,,,,,
PEN151,PEN,,,,,,,,,,,,,,,,,,,,,,,,,,,,,,,PEN151,https://storage.googleapis.com/fabmaster/cardfaces/2026-PEN/EN/PEN151.png,,,,,,,,,,,,,,,,,,,,,,,,,,,,,,,,,,,,,,,,,,,,
PEN152,PEN,,,,,,,,,,,,,,,,,,,,,,,,,,,,,,,PEN152,https://storage.googleapis.com/fabmaster/cardfaces/2026-PEN/EN/PEN152.png,,,,,,,,,,,,,,,,,,,,,,,,,,,,,,,,,,,,,,,,,,,,
PEN153,PEN,,,,,,,,,,,,,,,,,,,,,,,,,,,,,,,PEN153,https://storage.googleapis.com/fabmaster/cardfaces/2026-PEN/EN/PEN153.png,,,,,,,,,,,,,,,,,,,,,,,,,,,,,,,,,,,,,,,,,,,,
PEN154,PEN,,,,,,,,,,,,,,,,,,,,,,,,,,,,,,,PEN154,https://storage.googleapis.com/fabmaster/cardfaces/2026-PEN/EN/PEN154.png,,,,,,,,,,,,,,,,,,,,,,,,,,,,,,,,,,,,,,,,,,,,
PEN155,PEN,,,,,,,,,,,,,,,,,,,,,,,,,,,,,,,PEN155,https://storage.googleapis.com/fabmaster/cardfaces/2026-PEN/EN/PEN155.png,,,,,,,,,,,,,,,,,,,,,,,,,,,,,,,,,,,,,,,,,,,,
PEN156,PEN,,,,,,,,,,,,,,,,,,,,,,,,,,,,,,,PEN156,https://storage.googleapis.com/fabmaster/cardfaces/2026-PEN/EN/PEN156.png,,,,,,,,,,,,,,,,,,,,,,,,,,,,,,,,,,,,,,,,,,,,
PEN157,PEN,,,,,,,,,,,,,,,,,,,,,,,,,,,,,,,PEN157,https://storage.googleapis.com/fabmaster/cardfaces/2026-PEN/EN/PEN157.png,,,,,,,,,,,,,,,,,,,,,,,,,,,,,,,,,,,,,,,,,,,,
PEN158,PEN,,,,,,,,,,,,,,,,,,,,,,,,,,,,,,,PEN158,https://storage.googleapis.com/fabmaster/cardfaces/2026-PEN/EN/PEN158.png,,,,,,,,,,,,,,,,,,,,,,,,,,,,,,,,,,,,,,,,,,,,
PEN159,PEN,,,,,,,,,,,,,,,,,,,,,,,,,,,,,,,PEN159,https://storage.googleapis.com/fabmaster/cardfaces/2026-PEN/EN/PEN159.png,,,,,,,,,,,,,,,,,,,,,,,,,,,,,,,,,,,,,,,,,,,,
PEN160,PEN,,,,,,,,,,,,,,,,,,,,,,,,,,,,,,,PEN160,https://storage.googleapis.com/fabmaster/cardfaces/2026-PEN/EN/PEN160.png,,,,,,,,,,,,,,,,,,,,,,,,,,,,,,,,,,,,,,,,,,,,
PEN161,PEN,,,,,,,,,,,,,,,,,,,,,,,,,,,,,,,PEN161,https://storage.googleapis.com/fabmaster/cardfaces/2026-PEN/EN/PEN161.png,,,,,,,,,,,,,,,,,,,,,,,,,,,,,,,,,,,,,,,,,,,,
PEN162,PEN,,,,,,,,,,,,,,,,,,,,,,,,,,,,,,,PEN162,https://storage.googleapis.com/fabmaster/cardfaces/2026-PEN/EN/PEN162.png,,,,,,,,,,,,,,,,,,,,,,,,,,,,,,,,,,,,,,,,,,,,
PEN163,PEN,,,,,,,,,,,,,,,,,,,,,,,,,,,,,,,PEN163,https://storage.googleapis.com/fabmaster/cardfaces/2026-PEN/EN/PEN163.png,,,,,,,,,,,,,,,,,,,,,,,,,,,,,,,,,,,,,,,,,,,,
PEN164,PEN,,,,,,,,,,,,,,,,,,,,,,,,,,,,,,,PEN164,https://storage.googleapis.com/fabmaster/cardfaces/2026-PEN/EN/PEN164.png,,,,,,,,,,,,,,,,,,,,,,,,,,,,,,,,,,,,,,,,,,,,
PEN165,PEN,,,,,,,,,,,,,,,,,,,,,,,,,,,,,,,PEN165,https://storage.googleapis.com/fabmaster/cardfaces/2026-PEN/EN/PEN165.png,,,,,,,,,,,,,,,,,,,,,,,,,,,,,,,,,,,,,,,,,,,,
PEN166,PEN,,,,,,,,,,,,,,,,,,,,,,,,,,,,,,,PEN166,https://storage.googleapis.com/fabmaster/cardfaces/2026-PEN/EN/PEN166.png,,,,,,,,,,,,,,,,,,,,,,,,,,,,,,,,,,,,,,,,,,,,
PEN167,PEN,,,,,,,,,,,,,,,,,,,,,,,,,,,,,,,PEN167,https://storage.googleapis.com/fabmaster/cardfaces/2026-PEN/EN/PEN167.png,,,,,,,,,,,,,,,,,,,,,,,,,,,,,,,,,,,,,,,,,,,,
PEN168,PEN,Trench of Watery Depths,,,,,1,,,,"Pirate, Equipment, Chest",,Blade Break,,,,,,"When this defends, you may pitch a blue card from your graveyard.

**Blade Break**",Pirate Equipment - Chest,,,,,,R,S,,Stormy Elia Fanggidae,,,PEN168,https://storage.googleapis.com/fabmaster/cardfaces/2026-PEN/EN/PEN168.png,,,,,,,,,,,,,,,,,,,,,,,,,,,,,,,,,,,,,,,,,,,,
PEN169,PEN,,,,,,,,,,,,,,,,,,,,,,,,,,,,,,,PEN169,https://storage.googleapis.com/fabmaster/cardfaces/2026-PEN/EN/PEN169.png,,,,,,,,,,,,,,,,,,,,,,,,,,,,,,,,,,,,,,,,,,,,
PEN170,PEN,,,,,,,,,,,,,,,,,,,,,,,,,,,,,,,PEN170,https://storage.googleapis.com/fabmaster/cardfaces/2026-PEN/EN/PEN170.png,,,,,,,,,,,,,,,,,,,,,,,,,,,,,,,,,,,,,,,,,,,,
PEN171,PEN,,,,,,,,,,,,,,,,,,,,,,,,,,,,,,,PEN171,https://storage.googleapis.com/fabmaster/cardfaces/2026-PEN/EN/PEN171.png,,,,,,,,,,,,,,,,,,,,,,,,,,,,,,,,,,,,,,,,,,,,
PEN172,PEN,,,,,,,,,,,,,,,,,,,,,,,,,,,,,,,PEN172,https://storage.googleapis.com/fabmaster/cardfaces/2026-PEN/EN/PEN172.png,,,,,,,,,,,,,,,,,,,,,,,,,,,,,,,,,,,,,,,,,,,,
PEN173,PEN,,,,,,,,,,,,,,,,,,,,,,,,,,,,,,,PEN173,https://storage.googleapis.com/fabmaster/cardfaces/2026-PEN/EN/PEN173.png,,,,,,,,,,,,,,,,,,,,,,,,,,,,,,,,,,,,,,,,,,,,
PEN174,PEN,,,,,,,,,,,,,,,,,,,,,,,,,,,,,,,PEN174,https://storage.googleapis.com/fabmaster/cardfaces/2026-PEN/EN/PEN174.png,,,,,,,,,,,,,,,,,,,,,,,,,,,,,,,,,,,,,,,,,,,,
PEN175,PEN,,,,,,,,,,,,,,,,,,,,,,,,,,,,,,,PEN175,https://storage.googleapis.com/fabmaster/cardfaces/2026-PEN/EN/PEN175.png,,,,,,,,,,,,,,,,,,,,,,,,,,,,,,,,,,,,,,,,,,,,
PEN176,PEN,,,,,,,,,,,,,,,,,,,,,,,,,,,,,,,PEN176,https://storage.googleapis.com/fabmaster/cardfaces/2026-PEN/EN/PEN176.png,,,,,,,,,,,,,,,,,,,,,,,,,,,,,,,,,,,,,,,,,,,,
PEN177,PEN,,,,,,,,,,,,,,,,,,,,,,,,,,,,,,,PEN177,https://storage.googleapis.com/fabmaster/cardfaces/2026-PEN/EN/PEN177.png,,,,,,,,,,,,,,,,,,,,,,,,,,,,,,,,,,,,,,,,,,,,
PEN178,PEN,,,,,,,,,,,,,,,,,,,,,,,,,,,,,,,PEN178,https://storage.googleapis.com/fabmaster/cardfaces/2026-PEN/EN/PEN178.png,,,,,,,,,,,,,,,,,,,,,,,,,,,,,,,,,,,,,,,,,,,,
PEN179,PEN,,,,,,,,,,,,,,,,,,,,,,,,,,,,,,,PEN179,https://storage.googleapis.com/fabmaster/cardfaces/2026-PEN/EN/PEN179.png,,,,,,,,,,,,,,,,,,,,,,,,,,,,,,,,,,,,,,,,,,,,
PEN180,PEN,,,,,,,,,,,,,,,,,,,,,,,,,,,,,,,PEN180,https://storage.googleapis.com/fabmaster/cardfaces/2026-PEN/EN/PEN180.png,,,,,,,,,,,,,,,,,,,,,,,,,,,,,,,,,,,,,,,,,,,,
PEN181,PEN,,,,,,,,,,,,,,,,,,,,,,,,,,,,,,,PEN181,https://storage.googleapis.com/fabmaster/cardfaces/2026-PEN/EN/PEN181.png,,,,,,,,,,,,,,,,,,,,,,,,,,,,,,,,,,,,,,,,,,,,
PEN182,PEN,,,,,,,,,,,,,,,,,,,,,,,,,,,,,,,PEN182,https://storage.googleapis.com/fabmaster/cardfaces/2026-PEN/EN/PEN182.png,,,,,,,,,,,,,,,,,,,,,,,,,,,,,,,,,,,,,,,,,,,,
PEN183,PEN,,,,,,,,,,,,,,,,,,,,,,,,,,,,,,,PEN183,https://storage.googleapis.com/fabmaster/cardfaces/2026-PEN/EN/PEN183.png,,,,,,,,,,,,,,,,,,,,,,,,,,,,,,,,,,,,,,,,,,,,
PEN184,PEN,,,,,,,,,,,,,,,,,,,,,,,,,,,,,,,PEN184,https://storage.googleapis.com/fabmaster/cardfaces/2026-PEN/EN/PEN184.png,,,,,,,,,,,,,,,,,,,,,,,,,,,,,,,,,,,,,,,,,,,,
PEN185,PEN,,,,,,,,,,,,,,,,,,,,,,,,,,,,,,,PEN185,https://storage.googleapis.com/fabmaster/cardfaces/2026-PEN/EN/PEN185.png,,,,,,,,,,,,,,,,,,,,,,,,,,,,,,,,,,,,,,,,,,,,
PEN186,PEN,,,,,,,,,,,,,,,,,,,,,,,,,,,,,,,PEN186,https://storage.googleapis.com/fabmaster/cardfaces/2026-PEN/EN/PEN186.png,,,,,,,,,,,,,,,,,,,,,,,,,,,,,,,,,,,,,,,,,,,,
PEN187,PEN,,,,,,,,,,,,,,,,,,,,,,,,,,,,,,,PEN187,https://storage.googleapis.com/fabmaster/cardfaces/2026-PEN/EN/PEN187.png,,,,,,,,,,,,,,,,,,,,,,,,,,,,,,,,,,,,,,,,,,,,
PEN188,PEN,,,,,,,,,,,,,,,,,,,,,,,,,,,,,,,PEN188,https://storage.googleapis.com/fabmaster/cardfaces/2026-PEN/EN/PEN188.png,,,,,,,,,,,,,,,,,,,,,,,,,,,,,,,,,,,,,,,,,,,,
PEN189,PEN,,,,,,,,,,,,,,,,,,,,,,,,,,,,,,,PEN189,https://storage.googleapis.com/fabmaster/cardfaces/2026-PEN/EN/PEN189.png,,,,,,,,,,,,,,,,,,,,,,,,,,,,,,,,,,,,,,,,,,,,
PEN190,PEN,,,,,,,,,,,,,,,,,,,,,,,,,,,,,,,PEN190,https://storage.googleapis.com/fabmaster/cardfaces/2026-PEN/EN/PEN190.png,,,,,,,,,,,,,,,,,,,,,,,,,,,,,,,,,,,,,,,,,,,,
PEN191,PEN,,,,,,,,,,,,,,,,,,,,,,,,,,,,,,,PEN191,https://storage.googleapis.com/fabmaster/cardfaces/2026-PEN/EN/PEN191.png,,,,,,,,,,,,,,,,,,,,,,,,,,,,,,,,,,,,,,,,,,,,
PEN192,PEN,,,,,,,,,,,,,,,,,,,,,,,,,,,,,,,PEN192,https://storage.googleapis.com/fabmaster/cardfaces/2026-PEN/EN/PEN192.png,,,,,,,,,,,,,,,,,,,,,,,,,,,,,,,,,,,,,,,,,,,,
PEN193,PEN,,,,,,,,,,,,,,,,,,,,,,,,,,,,,,,PEN193,https://storage.googleapis.com/fabmaster/cardfaces/2026-PEN/EN/PEN193.png,,,,,,,,,,,,,,,,,,,,,,,,,,,,,,,,,,,,,,,,,,,,
PEN194,PEN,,,,,,,,,,,,,,,,,,,,,,,,,,,,,,,PEN194,https://storage.googleapis.com/fabmaster/cardfaces/2026-PEN/EN/PEN194.png,,,,,,,,,,,,,,,,,,,,,,,,,,,,,,,,,,,,,,,,,,,,
PEN195,PEN,,,,,,,,,,,,,,,,,,,,,,,,,,,,,,,PEN195,https://storage.googleapis.com/fabmaster/cardfaces/2026-PEN/EN/PEN195.png,,,,,,,,,,,,,,,,,,,,,,,,,,,,,,,,,,,,,,,,,,,,
PEN196,PEN,,,,,,,,,,,,,,,,,,,,,,,,,,,,,,,PEN196,https://storage.googleapis.com/fabmaster/cardfaces/2026-PEN/EN/PEN196.png,,,,,,,,,,,,,,,,,,,,,,,,,,,,,,,,,,,,,,,,,,,,
PEN197,PEN,,,,,,,,,,,,,,,,,,,,,,,,,,,,,,,PEN197,https://storage.googleapis.com/fabmaster/cardfaces/2026-PEN/EN/PEN197.png,,,,,,,,,,,,,,,,,,,,,,,,,,,,,,,,,,,,,,,,,,,,
PEN198,PEN,,,,,,,,,,,,,,,,,,,,,,,,,,,,,,,PEN198,https://storage.googleapis.com/fabmaster/cardfaces/2026-PEN/EN/PEN198.png,,,,,,,,,,,,,,,,,,,,,,,,,,,,,,,,,,,,,,,,,,,,
PEN199,PEN,,,,,,,,,,,,,,,,,,,,,,,,,,,,,,,PEN199,https://storage.googleapis.com/fabmaster/cardfaces/2026-PEN/EN/PEN199.png,,,,,,,,,,,,,,,,,,,,,,,,,,,,,,,,,,,,,,,,,,,,
PEN200,PEN,,,,,,,,,,,,,,,,,,,,,,,,,,,,,,,PEN200,https://storage.googleapis.com/fabmaster/cardfaces/2026-PEN/EN/PEN200.png,,,,,,,,,,,,,,,,,,,,,,,,,,,,,,,,,,,,,,,,,,,,
PEN201,PEN,,,,,,,,,,,,,,,,,,,,,,,,,,,,,,,PEN201,https://storage.googleapis.com/fabmaster/cardfaces/2026-PEN/EN/PEN201.png,,,,,,,,,,,,,,,,,,,,,,,,,,,,,,,,,,,,,,,,,,,,
PEN202,PEN,,,,,,,,,,,,,,,,,,,,,,,,,,,,,,,PEN202,https://storage.googleapis.com/fabmaster/cardfaces/2026-PEN/EN/PEN202.png,,,,,,,,,,,,,,,,,,,,,,,,,,,,,,,,,,,,,,,,,,,,
PEN203,PEN,,,,,,,,,,,,,,,,,,,,,,,,,,,,,,,PEN203,https://storage.googleapis.com/fabmaster/cardfaces/2026-PEN/EN/PEN203.png,,,,,,,,,,,,,,,,,,,,,,,,,,,,,,,,,,,,,,,,,,,,
PEN204,PEN,,,,,,,,,,,,,,,,,,,,,,,,,,,,,,,PEN204,https://storage.googleapis.com/fabmaster/cardfaces/2026-PEN/EN/PEN204.png,,,,,,,,,,,,,,,,,,,,,,,,,,,,,,,,,,,,,,,,,,,,
"PEN205,FAB425","PEN,FAB",Elemental Strike,Red,1,0,5,3,,,,"Elemental, Action, Attack",,"Go again, Dominate",,,,,,"As an additional cost to play this, banish a card from your hand. If it's Earth, this gets +2{p}. Lightning, this gets **go again**. Ice, this gets **dominate**. ",Elemental Action - Attack,,,,No,,M,S,,Mark Poole,,,PEN205,https://storage.googleapis.com/fabmaster/cardfaces/2026-PEN/EN/PEN205.png,,,P,C,FA,Mark Poole,,,FAB425,/FAB425.png,,,,,,,,,,,,,,,,,,,,,,,,,,,,,,,,,,
"PEN206,FAB426","PEN,FAB",Colors of Aria,Red,1,3,7,3,,,,"Elemental, Action, Attack",,,,,,,,"While this is face-up in any zone, it's Earth, Ice, and Lightning.",Elemental Action - Attack,,,,,,R,S,,Flora Silve,,"The Ancients' sacrifice, made centuries ago, still manifests in Aria's lush landscapes and abundant harvests. The Flow is their legacy.",PEN206,https://storage.googleapis.com/fabmaster/cardfaces/2026-PEN/EN/PEN206.png,,,P,C,EA,Flora Silve,,,FAB426,/FAB426.png,,,,,,,,,,,,,,,,,,,,,,,,,,,,,,,,,,
"PEN207,FAB427","PEN,FAB",Frosthaven Sheath,Red,1,1,,5,,,,"Elemental, Defense Reaction",,Ice Bond,,,,,,"**Ice Bond** - If an Ice card was pitched to play this, create a Frostbite token under the attacking hero's control.",Elemental Defense Reaction,,,,,,C,S,,Faizal Fikri,,For Galcia she remembers when two worlds touched.,PEN207,https://storage.googleapis.com/fabmaster/cardfaces/2026-PEN/EN/PEN207.png,,,P,R,EA,Faizal Fikri,,,FAB427,/FAB427.png,,,,,,,,,,,,,,,,,,,,,,,,,,,,,,,,,,
"PEN208,FAB428","PEN,FAB",Leaven Sheath,Red,1,1,,5,,,,"Elemental, Defense Reaction",,Earth Bond,,,,,,"**Earth Bond** - If an Earth card was pitched to play this, create an Embodiment of Earth token.",Elemental Defense Reaction,,,,,,C,S,,Faizal Fikri,,For Davnir she feels the twin lands tremble.,PEN208,https://storage.googleapis.com/fabmaster/cardfaces/2026-PEN/EN/PEN208.png,,,P,R,EA,Faizal Fikri,,,FAB428,/FAB428.png,,,,,,,,,,,,,,,,,,,,,,,,,,,,,,,,,,
"PEN209,FAB429","PEN,FAB",Stormwind Sheath,Red,1,1,,5,,,,"Elemental, Defense Reaction",,Lightning Bond,,,,,,"**Lightning Bond** - If a Lightning card was pitched to play this, create an Embodiment of Lightning token.",Elemental Defense Reaction,,,,,,C,S,,Faizal Fikri,,For Yvor she dances through twice-sundered skies.,PEN209,https://storage.googleapis.com/fabmaster/cardfaces/2026-PEN/EN/PEN209.png,,,P,R,EA,Faizal Fikri,,,FAB429,/FAB429.png,,,,,,,,,,,,,,,,,,,,,,,,,,,,,,,,,,
PEN210,PEN,,,,,,,,,,,,,,,,,,,,,,,,,,,,,,,PEN210,https://storage.googleapis.com/fabmaster/cardfaces/2026-PEN/EN/PEN210.png,,,,,,,,,,,,,,,,,,,,,,,,,,,,,,,,,,,,,,,,,,,,
PEN211,PEN,,,,,,,,,,,,,,,,,,,,,,,,,,,,,,,PEN211,https://storage.googleapis.com/fabmaster/cardfaces/2026-PEN/EN/PEN211.png,,,,,,,,,,,,,,,,,,,,,,,,,,,,,,,,,,,,,,,,,,,,
PEN212,PEN,,,,,,,,,,,,,,,,,,,,,,,,,,,,,,,PEN212,https://storage.googleapis.com/fabmaster/cardfaces/2026-PEN/EN/PEN212.png,,,,,,,,,,,,,,,,,,,,,,,,,,,,,,,,,,,,,,,,,,,,
PEN213,PEN,,,,,,,,,,,,,,,,,,,,,,,,,,,,,,,PEN213,https://storage.googleapis.com/fabmaster/cardfaces/2026-PEN/EN/PEN213.png,,,,,,,,,,,,,,,,,,,,,,,,,,,,,,,,,,,,,,,,,,,,
PEN214,PEN,,,,,,,,,,,,,,,,,,,,,,,,,,,,,,,PEN214,https://storage.googleapis.com/fabmaster/cardfaces/2026-PEN/EN/PEN214.png,,,,,,,,,,,,,,,,,,,,,,,,,,,,,,,,,,,,,,,,,,,,
PEN215,PEN,,,,,,,,,,,,,,,,,,,,,,,,,,,,,,,PEN215,https://storage.googleapis.com/fabmaster/cardfaces/2026-PEN/EN/PEN215.png,,,,,,,,,,,,,,,,,,,,,,,,,,,,,,,,,,,,,,,,,,,,
PEN216,PEN,,,,,,,,,,,,,,,,,,,,,,,,,,,,,,,PEN216,https://storage.googleapis.com/fabmaster/cardfaces/2026-PEN/EN/PEN216.png,,,,,,,,,,,,,,,,,,,,,,,,,,,,,,,,,,,,,,,,,,,,
PEN217,PEN,,,,,,,,,,,,,,,,,,,,,,,,,,,,,,,PEN217,https://storage.googleapis.com/fabmaster/cardfaces/2026-PEN/EN/PEN217.png,,,,,,,,,,,,,,,,,,,,,,,,,,,,,,,,,,,,,,,,,,,,
PEN218,PEN,,,,,,,,,,,,,,,,,,,,,,,,,,,,,,,PEN218,https://storage.googleapis.com/fabmaster/cardfaces/2026-PEN/EN/PEN218.png,,,,,,,,,,,,,,,,,,,,,,,,,,,,,,,,,,,,,,,,,,,,
PEN219,PEN,,,,,,,,,,,,,,,,,,,,,,,,,,,,,,,PEN219,https://storage.googleapis.com/fabmaster/cardfaces/2026-PEN/EN/PEN219.png,,,,,,,,,,,,,,,,,,,,,,,,,,,,,,,,,,,,,,,,,,,,
PEN220,PEN,,,,,,,,,,,,,,,,,,,,,,,,,,,,,,,PEN220,https://storage.googleapis.com/fabmaster/cardfaces/2026-PEN/EN/PEN220.png,,,,,,,,,,,,,,,,,,,,,,,,,,,,,,,,,,,,,,,,,,,,
PEN221,PEN,,,,,,,,,,,,,,,,,,,,,,,,,,,,,,,PEN221,https://storage.googleapis.com/fabmaster/cardfaces/2026-PEN/EN/PEN221.png,,,,,,,,,,,,,,,,,,,,,,,,,,,,,,,,,,,,,,,,,,,,
PEN222,PEN,,,,,,,,,,,,,,,,,,,,,,,,,,,,,,,PEN222,https://storage.googleapis.com/fabmaster/cardfaces/2026-PEN/EN/PEN222.png,,,,,,,,,,,,,,,,,,,,,,,,,,,,,,,,,,,,,,,,,,,,
PEN223,PEN,,,,,,,,,,,,,,,,,,,,,,,,,,,,,,,PEN223,https://storage.googleapis.com/fabmaster/cardfaces/2026-PEN/EN/PEN223.png,,,,,,,,,,,,,,,,,,,,,,,,,,,,,,,,,,,,,,,,,,,,
PEN224,PEN,,,,,,,,,,,,,,,,,,,,,,,,,,,,,,,PEN224,https://storage.googleapis.com/fabmaster/cardfaces/2026-PEN/EN/PEN224.png,,,,,,,,,,,,,,,,,,,,,,,,,,,,,,,,,,,,,,,,,,,,
PEN225,PEN,,,,,,,,,,,,,,,,,,,,,,,,,,,,,,,PEN225,https://storage.googleapis.com/fabmaster/cardfaces/2026-PEN/EN/PEN225.png,,,,,,,,,,,,,,,,,,,,,,,,,,,,,,,,,,,,,,,,,,,,
PEN226,PEN,Frost Spike,Blue,3,0,,,,,,"Ice, Wizard, Instant",,,,,,,,"Create a Frostbite token in an exposed head, chest, arms, or legs zone.",Ice Wizard Instant,,,,,,R,,,Orson CaptainSass,,,PEN226,https://storage.googleapis.com/fabmaster/cardfaces/2026-PEN/EN/PEN226.png,,,,,,,,,,,,,,,,,,,,,,,,,,,,,,,,,,,,,,,,,,,,
PEN227,PEN,,,,,,,,,,,,,,,,,,,,,,,,,,,,,,,PEN227,https://storage.googleapis.com/fabmaster/cardfaces/2026-PEN/EN/PEN227.png,,,,,,,,,,,,,,,,,,,,,,,,,,,,,,,,,,,,,,,,,,,,
PEN228,PEN,,,,,,,,,,,,,,,,,,,,,,,,,,,,,,,PEN228,https://storage.googleapis.com/fabmaster/cardfaces/2026-PEN/EN/PEN228.png,,,,,,,,,,,,,,,,,,,,,,,,,,,,,,,,,,,,,,,,,,,,
PEN229,PEN,,,,,,,,,,,,,,,,,,,,,,,,,,,,,,,PEN229,https://storage.googleapis.com/fabmaster/cardfaces/2026-PEN/EN/PEN229.png,,,,,,,,,,,,,,,,,,,,,,,,,,,,,,,,,,,,,,,,,,,,
PEN230,PEN,,,,,,,,,,,,,,,,,,,,,,,,,,,,,,,PEN230,https://storage.googleapis.com/fabmaster/cardfaces/2026-PEN/EN/PEN230.png,,,,,,,,,,,,,,,,,,,,,,,,,,,,,,,,,,,,,,,,,,,,
PEN231,PEN,,,,,,,,,,,,,,,,,,,,,,,,,,,,,,,PEN231,https://storage.googleapis.com/fabmaster/cardfaces/2026-PEN/EN/PEN231.png,,,,,,,,,,,,,,,,,,,,,,,,,,,,,,,,,,,,,,,,,,,,
PEN232,PEN,,,,,,,,,,,,,,,,,,,,,,,,,,,,,,,PEN232,https://storage.googleapis.com/fabmaster/cardfaces/2026-PEN/EN/PEN232.png,,,,,,,,,,,,,,,,,,,,,,,,,,,,,,,,,,,,,,,,,,,,
PEN233,PEN,,,,,,,,,,,,,,,,,,,,,,,,,,,,,,,PEN233,https://storage.googleapis.com/fabmaster/cardfaces/2026-PEN/EN/PEN233.png,,,,,,,,,,,,,,,,,,,,,,,,,,,,,,,,,,,,,,,,,,,,
PEN234,PEN,,,,,,,,,,,,,,,,,,,,,,,,,,,,,,,PEN234,https://storage.googleapis.com/fabmaster/cardfaces/2026-PEN/EN/PEN234.png,,,,,,,,,,,,,,,,,,,,,,,,,,,,,,,,,,,,,,,,,,,,
PEN235,PEN,,,,,,,,,,,,,,,,,,,,,,,,,,,,,,,PEN235,https://storage.googleapis.com/fabmaster/cardfaces/2026-PEN/EN/PEN235.png,,,,,,,,,,,,,,,,,,,,,,,,,,,,,,,,,,,,,,,,,,,,
PEN236,PEN,,,,,,,,,,,,,,,,,,,,,,,,,,,,,,,PEN236,https://storage.googleapis.com/fabmaster/cardfaces/2026-PEN/EN/PEN236.png,,,,,,,,,,,,,,,,,,,,,,,,,,,,,,,,,,,,,,,,,,,,
PEN237,PEN,,,,,,,,,,,,,,,,,,,,,,,,,,,,,,,PEN237,https://storage.googleapis.com/fabmaster/cardfaces/2026-PEN/EN/PEN237.png,,,,,,,,,,,,,,,,,,,,,,,,,,,,,,,,,,,,,,,,,,,,
PEN238,PEN,,,,,,,,,,,,,,,,,,,,,,,,,,,,,,,PEN238,https://storage.googleapis.com/fabmaster/cardfaces/2026-PEN/EN/PEN238.png,,,,,,,,,,,,,,,,,,,,,,,,,,,,,,,,,,,,,,,,,,,,
PEN239,PEN,,,,,,,,,,,,,,,,,,,,,,,,,,,,,,,PEN239,https://storage.googleapis.com/fabmaster/cardfaces/2026-PEN/EN/PEN239.png,,,,,,,,,,,,,,,,,,,,,,,,,,,,,,,,,,,,,,,,,,,,
PEN240,PEN,,,,,,,,,,,,,,,,,,,,,,,,,,,,,,,PEN240,https://storage.googleapis.com/fabmaster/cardfaces/2026-PEN/EN/PEN240.png,,,,,,,,,,,,,,,,,,,,,,,,,,,,,,,,,,,,,,,,,,,,
PEN241,PEN,,,,,,,,,,,,,,,,,,,,,,,,,,,,,,,PEN241,https://storage.googleapis.com/fabmaster/cardfaces/2026-PEN/EN/PEN241.png,,,,,,,,,,,,,,,,,,,,,,,,,,,,,,,,,,,,,,,,,,,,
PEN242,PEN,,,,,,,,,,,,,,,,,,,,,,,,,,,,,,,PEN242,https://storage.googleapis.com/fabmaster/cardfaces/2026-PEN/EN/PEN242.png,,,,,,,,,,,,,,,,,,,,,,,,,,,,,,,,,,,,,,,,,,,,
PEN243,PEN,,,,,,,,,,,,,,,,,,,,,,,,,,,,,,,PEN243,https://storage.googleapis.com/fabmaster/cardfaces/2026-PEN/EN/PEN243.png,,,,,,,,,,,,,,,,,,,,,,,,,,,,,,,,,,,,,,,,,,,,
PEN244,PEN,,,,,,,,,,,,,,,,,,,,,,,,,,,,,,,PEN244,https://storage.googleapis.com/fabmaster/cardfaces/2026-PEN/EN/PEN244.png,,,,,,,,,,,,,,,,,,,,,,,,,,,,,,,,,,,,,,,,,,,,
PEN245,PEN,,,,,,,,,,,,,,,,,,,,,,,,,,,,,,,PEN245,https://storage.googleapis.com/fabmaster/cardfaces/2026-PEN/EN/PEN245.png,,,,,,,,,,,,,,,,,,,,,,,,,,,,,,,,,,,,,,,,,,,,
PEN246,PEN,,,,,,,,,,,,,,,,,,,,,,,,,,,,,,,PEN246,https://storage.googleapis.com/fabmaster/cardfaces/2026-PEN/EN/PEN246.png,,,,,,,,,,,,,,,,,,,,,,,,,,,,,,,,,,,,,,,,,,,,
PEN247,PEN,,,,,,,,,,,,,,,,,,,,,,,,,,,,,,,PEN247,https://storage.googleapis.com/fabmaster/cardfaces/2026-PEN/EN/PEN247.png,,,,,,,,,,,,,,,,,,,,,,,,,,,,,,,,,,,,,,,,,,,,
PEN248,PEN,,,,,,,,,,,,,,,,,,,,,,,,,,,,,,,PEN248,https://storage.googleapis.com/fabmaster/cardfaces/2026-PEN/EN/PEN248.png,,,,,,,,,,,,,,,,,,,,,,,,,,,,,,,,,,,,,,,,,,,,
PEN249,PEN,,,,,,,,,,,,,,,,,,,,,,,,,,,,,,,PEN249,https://storage.googleapis.com/fabmaster/cardfaces/2026-PEN/EN/PEN249.png,,,,,,,,,,,,,,,,,,,,,,,,,,,,,,,,,,,,,,,,,,,,
PEN250,PEN,Enflame the Firebrand,Red,1,0,2,3,,,,"Draconic, Ninja, Action, Attack",,Go again,,,,,,"When this attacks, if you control 2 or more Draconic chain links, this gets **go again**, 3 or more, your attacks are Draconic this combat chain, 4 or more, this gets +2{p}.",Draconic Ninja Action - Attack,,,,,,R,,,Faizal Fikri,,,PEN250,https://storage.googleapis.com/fabmaster/cardfaces/2026-PEN/EN/PEN250.png,,,,,,,,,,,,,,,,,,,,,,,,,,,,,,,,,,,,,,,,,,,,
PEN251,PEN,,,,,,,,,,,,,,,,,,,,,,,,,,,,,,,PEN251,https://storage.googleapis.com/fabmaster/cardfaces/2026-PEN/EN/PEN251.png,,,,,,,,,,,,,,,,,,,,,,,,,,,,,,,,,,,,,,,,,,,,
PEN252,PEN,,,,,,,,,,,,,,,,,,,,,,,,,,,,,,,PEN252,https://storage.googleapis.com/fabmaster/cardfaces/2026-PEN/EN/PEN252.png,,,,,,,,,,,,,,,,,,,,,,,,,,,,,,,,,,,,,,,,,,,,
PEN253,PEN,,,,,,,,,,,,,,,,,,,,,,,,,,,,,,,PEN253,https://storage.googleapis.com/fabmaster/cardfaces/2026-PEN/EN/PEN253.png,,,,,,,,,,,,,,,,,,,,,,,,,,,,,,,,,,,,,,,,,,,,
PEN254,PEN,,,,,,,,,,,,,,,,,,,,,,,,,,,,,,,PEN254,https://storage.googleapis.com/fabmaster/cardfaces/2026-PEN/EN/PEN254.png,,,,,,,,,,,,,,,,,,,,,,,,,,,,,,,,,,,,,,,,,,,,
PEN255,PEN,Fire that Burns Within,Red,1,1,2,2,,,,"Draconic, Action, Attack",,Go again,,,,,,"When this attacks, you may discard a Phoenix Flame. If you do, draw a card and this gets +2{p}.

**Go again**",Draconic Action - Attack,,,,,,R,,,Tomasz Jedruszek,,,PEN255,https://storage.googleapis.com/fabmaster/cardfaces/2026-PEN/EN/PEN255.png,,,,,,,,,,,,,,,,,,,,,,,,,,,,,,,,,,,,,,,,,,,,
PEN256,PEN,,,,,,,,,,,,,,,,,,,,,,,,,,,,,,,PEN256,https://storage.googleapis.com/fabmaster/cardfaces/2026-PEN/EN/PEN256.png,,,,,,,,,,,,,,,,,,,,,,,,,,,,,,,,,,,,,,,,,,,,
PEN257,PEN,,,,,,,,,,,,,,,,,,,,,,,,,,,,,,,PEN257,https://storage.googleapis.com/fabmaster/cardfaces/2026-PEN/EN/PEN257.png,,,,,,,,,,,,,,,,,,,,,,,,,,,,,,,,,,,,,,,,,,,,
PEN258,PEN,,,,,,,,,,,,,,,,,,,,,,,,,,,,,,,PEN258,https://storage.googleapis.com/fabmaster/cardfaces/2026-PEN/EN/PEN258.png,,,,,,,,,,,,,,,,,,,,,,,,,,,,,,,,,,,,,,,,,,,,
PEN259,PEN,,,,,,,,,,,,,,,,,,,,,,,,,,,,,,,PEN259,https://storage.googleapis.com/fabmaster/cardfaces/2026-PEN/EN/PEN259.png,,,,,,,,,,,,,,,,,,,,,,,,,,,,,,,,,,,,,,,,,,,,
PEN260,PEN,,,,,,,,,,,,,,,,,,,,,,,,,,,,,,,PEN260,https://storage.googleapis.com/fabmaster/cardfaces/2026-PEN/EN/PEN260.png,,,,,,,,,,,,,,,,,,,,,,,,,,,,,,,,,,,,,,,,,,,,
PEN261,PEN,,,,,,,,,,,,,,,,,,,,,,,,,,,,,,,PEN261,https://storage.googleapis.com/fabmaster/cardfaces/2026-PEN/EN/PEN261.png,,,,,,,,,,,,,,,,,,,,,,,,,,,,,,,,,,,,,,,,,,,,
PEN262,PEN,,,,,,,,,,,,,,,,,,,,,,,,,,,,,,,PEN262,https://storage.googleapis.com/fabmaster/cardfaces/2026-PEN/EN/PEN262.png,,,,,,,,,,,,,,,,,,,,,,,,,,,,,,,,,,,,,,,,,,,,
PEN263,PEN,,,,,,,,,,,,,,,,,,,,,,,,,,,,,,,PEN263,https://storage.googleapis.com/fabmaster/cardfaces/2026-PEN/EN/PEN263.png,,,,,,,,,,,,,,,,,,,,,,,,,,,,,,,,,,,,,,,,,,,,
PEN264,PEN,,,,,,,,,,,,,,,,,,,,,,,,,,,,,,,PEN264,https://storage.googleapis.com/fabmaster/cardfaces/2026-PEN/EN/PEN264.png,,,,,,,,,,,,,,,,,,,,,,,,,,,,,,,,,,,,,,,,,,,,
PEN265,PEN,,,,,,,,,,,,,,,,,,,,,,,,,,,,,,,PEN265,https://storage.googleapis.com/fabmaster/cardfaces/2026-PEN/EN/PEN265.png,,,,,,,,,,,,,,,,,,,,,,,,,,,,,,,,,,,,,,,,,,,,
PEN266,PEN,,,,,,,,,,,,,,,,,,,,,,,,,,,,,,,PEN266,https://storage.googleapis.com/fabmaster/cardfaces/2026-PEN/EN/PEN266.png,,,,,,,,,,,,,,,,,,,,,,,,,,,,,,,,,,,,,,,,,,,,
PEN267,PEN,,,,,,,,,,,,,,,,,,,,,,,,,,,,,,,PEN267,https://storage.googleapis.com/fabmaster/cardfaces/2026-PEN/EN/PEN267.png,,,,,,,,,,,,,,,,,,,,,,,,,,,,,,,,,,,,,,,,,,,,
PEN268,PEN,,,,,,,,,,,,,,,,,,,,,,,,,,,,,,,PEN268,https://storage.googleapis.com/fabmaster/cardfaces/2026-PEN/EN/PEN268.png,,,,,,,,,,,,,,,,,,,,,,,,,,,,,,,,,,,,,,,,,,,,
PEN269,PEN,,,,,,,,,,,,,,,,,,,,,,,,,,,,,,,PEN269,https://storage.googleapis.com/fabmaster/cardfaces/2026-PEN/EN/PEN269.png,,,,,,,,,,,,,,,,,,,,,,,,,,,,,,,,,,,,,,,,,,,,
PEN270,PEN,,,,,,,,,,,,,,,,,,,,,,,,,,,,,,,PEN270,https://storage.googleapis.com/fabmaster/cardfaces/2026-PEN/EN/PEN270.png,,,,,,,,,,,,,,,,,,,,,,,,,,,,,,,,,,,,,,,,,,,,
PEN271,PEN,,,,,,,,,,,,,,,,,,,,,,,,,,,,,,,PEN271,https://storage.googleapis.com/fabmaster/cardfaces/2026-PEN/EN/PEN271.png,,,,,,,,,,,,,,,,,,,,,,,,,,,,,,,,,,,,,,,,,,,,
PEN272,PEN,,,,,,,,,,,,,,,,,,,,,,,,,,,,,,,PEN272,https://storage.googleapis.com/fabmaster/cardfaces/2026-PEN/EN/PEN272.png,,,,,,,,,,,,,,,,,,,,,,,,,,,,,,,,,,,,,,,,,,,,
PEN273,PEN,,,,,,,,,,,,,,,,,,,,,,,,,,,,,,,PEN273,https://storage.googleapis.com/fabmaster/cardfaces/2026-PEN/EN/PEN273.png,,,,,,,,,,,,,,,,,,,,,,,,,,,,,,,,,,,,,,,,,,,,
PEN274,PEN,,,,,,,,,,,,,,,,,,,,,,,,,,,,,,,PEN274,https://storage.googleapis.com/fabmaster/cardfaces/2026-PEN/EN/PEN274.png,,,,,,,,,,,,,,,,,,,,,,,,,,,,,,,,,,,,,,,,,,,,
PEN275,PEN,,,,,,,,,,,,,,,,,,,,,,,,,,,,,,,PEN275,https://storage.googleapis.com/fabmaster/cardfaces/2026-PEN/EN/PEN275.png,,,,,,,,,,,,,,,,,,,,,,,,,,,,,,,,,,,,,,,,,,,,
PEN276,PEN,,,,,,,,,,,,,,,,,,,,,,,,,,,,,,,PEN276,https://storage.googleapis.com/fabmaster/cardfaces/2026-PEN/EN/PEN276.png,,,,,,,,,,,,,,,,,,,,,,,,,,,,,,,,,,,,,,,,,,,,
PEN277,PEN,,,,,,,,,,,,,,,,,,,,,,,,,,,,,,,PEN277,https://storage.googleapis.com/fabmaster/cardfaces/2026-PEN/EN/PEN277.png,,,,,,,,,,,,,,,,,,,,,,,,,,,,,,,,,,,,,,,,,,,,
PEN278,PEN,,,,,,,,,,,,,,,,,,,,,,,,,,,,,,,PEN278,https://storage.googleapis.com/fabmaster/cardfaces/2026-PEN/EN/PEN278.png,,,,,,,,,,,,,,,,,,,,,,,,,,,,,,,,,,,,,,,,,,,,
PEN279,PEN,,,,,,,,,,,,,,,,,,,,,,,,,,,,,,,PEN279,https://storage.googleapis.com/fabmaster/cardfaces/2026-PEN/EN/PEN279.png,,,,,,,,,,,,,,,,,,,,,,,,,,,,,,,,,,,,,,,,,,,,
PEN280,PEN,,,,,,,,,,,,,,,,,,,,,,,,,,,,,,,PEN280,https://storage.googleapis.com/fabmaster/cardfaces/2026-PEN/EN/PEN280.png,,,,,,,,,,,,,,,,,,,,,,,,,,,,,,,,,,,,,,,,,,,,
PEN281,PEN,,,,,,,,,,,,,,,,,,,,,,,,,,,,,,,PEN281,https://storage.googleapis.com/fabmaster/cardfaces/2026-PEN/EN/PEN281.png,,,,,,,,,,,,,,,,,,,,,,,,,,,,,,,,,,,,,,,,,,,,
PEN282,PEN,,,,,,,,,,,,,,,,,,,,,,,,,,,,,,,PEN282,https://storage.googleapis.com/fabmaster/cardfaces/2026-PEN/EN/PEN282.png,,,,,,,,,,,,,,,,,,,,,,,,,,,,,,,,,,,,,,,,,,,,
PEN283,PEN,,,,,,,,,,,,,,,,,,,,,,,,,,,,,,,PEN283,https://storage.googleapis.com/fabmaster/cardfaces/2026-PEN/EN/PEN283.png,,,,,,,,,,,,,,,,,,,,,,,,,,,,,,,,,,,,,,,,,,,,
PEN284,PEN,,,,,,,,,,,,,,,,,,,,,,,,,,,,,,,PEN284,https://storage.googleapis.com/fabmaster/cardfaces/2026-PEN/EN/PEN284.png,,,,,,,,,,,,,,,,,,,,,,,,,,,,,,,,,,,,,,,,,,,,
PEN285,PEN,,,,,,,,,,,,,,,,,,,,,,,,,,,,,,,PEN285,https://storage.googleapis.com/fabmaster/cardfaces/2026-PEN/EN/PEN285.png,,,,,,,,,,,,,,,,,,,,,,,,,,,,,,,,,,,,,,,,,,,,
PEN286,PEN,,,,,,,,,,,,,,,,,,,,,,,,,,,,,,,PEN286,https://storage.googleapis.com/fabmaster/cardfaces/2026-PEN/EN/PEN286.png,,,,,,,,,,,,,,,,,,,,,,,,,,,,,,,,,,,,,,,,,,,,
PEN287,PEN,,,,,,,,,,,,,,,,,,,,,,,,,,,,,,,PEN287,https://storage.googleapis.com/fabmaster/cardfaces/2026-PEN/EN/PEN287.png,,,,,,,,,,,,,,,,,,,,,,,,,,,,,,,,,,,,,,,,,,,,
PEN288,PEN,Comeback Kicks,,,,,1,,,,"Revered, Equipment, Legs",,Battleworn,,,,,The Crowd Cheers,"Whenever the crowd cheers you, if you have less {h} than each other hero, you may destroy this. If you do, gain 1 action point.

**Battleworn**",Revered Equipment - Legs,,,,,,R,S,,Jackson Tjota,,,PEN288,https://storage.googleapis.com/fabmaster/cardfaces/2026-PEN/EN/PEN288.png,,,,,,,,,,,,,,,,,,,,,,,,,,,,,,,,,,,,,,,,,,,,
PEN289,PEN,,,,,,,,,,,,,,,,,,,,,,,,,,,,,,,PEN289,https://storage.googleapis.com/fabmaster/cardfaces/2026-PEN/EN/PEN289.png,,,,,,,,,,,,,,,,,,,,,,,,,,,,,,,,,,,,,,,,,,,,
PEN290,PEN,,,,,,,,,,,,,,,,,,,,,,,,,,,,,,,PEN290,https://storage.googleapis.com/fabmaster/cardfaces/2026-PEN/EN/PEN290.png,,,,,,,,,,,,,,,,,,,,,,,,,,,,,,,,,,,,,,,,,,,,
PEN291,PEN,,,,,,,,,,,,,,,,,,,,,,,,,,,,,,,PEN291,https://storage.googleapis.com/fabmaster/cardfaces/2026-PEN/EN/PEN291.png,,,,,,,,,,,,,,,,,,,,,,,,,,,,,,,,,,,,,,,,,,,,
PEN292,PEN,,,,,,,,,,,,,,,,,,,,,,,,,,,,,,,PEN292,https://storage.googleapis.com/fabmaster/cardfaces/2026-PEN/EN/PEN292.png,,,,,,,,,,,,,,,,,,,,,,,,,,,,,,,,,,,,,,,,,,,,
PEN293,PEN,,,,,,,,,,,,,,,,,,,,,,,,,,,,,,,PEN293,https://storage.googleapis.com/fabmaster/cardfaces/2026-PEN/EN/PEN293.png,,,,,,,,,,,,,,,,,,,,,,,,,,,,,,,,,,,,,,,,,,,,
PEN294,PEN,,,,,,,,,,,,,,,,,,,,,,,,,,,,,,,PEN294,https://storage.googleapis.com/fabmaster/cardfaces/2026-PEN/EN/PEN294.png,,,,,,,,,,,,,,,,,,,,,,,,,,,,,,,,,,,,,,,,,,,,
PEN295,PEN,,,,,,,,,,,,,,,,,,,,,,,,,,,,,,,PEN295,https://storage.googleapis.com/fabmaster/cardfaces/2026-PEN/EN/PEN295.png,,,,,,,,,,,,,,,,,,,,,,,,,,,,,,,,,,,,,,,,,,,,
PEN296,PEN,,,,,,,,,,,,,,,,,,,,,,,,,,,,,,,PEN296,https://storage.googleapis.com/fabmaster/cardfaces/2026-PEN/EN/PEN296.png,,,,,,,,,,,,,,,,,,,,,,,,,,,,,,,,,,,,,,,,,,,,
PEN297,PEN,,,,,,,,,,,,,,,,,,,,,,,,,,,,,,,PEN297,https://storage.googleapis.com/fabmaster/cardfaces/2026-PEN/EN/PEN297.png,,,,,,,,,,,,,,,,,,,,,,,,,,,,,,,,,,,,,,,,,,,,
PEN298,PEN,,,,,,,,,,,,,,,,,,,,,,,,,,,,,,,PEN298,https://storage.googleapis.com/fabmaster/cardfaces/2026-PEN/EN/PEN298.png,,,,,,,,,,,,,,,,,,,,,,,,,,,,,,,,,,,,,,,,,,,,
PEN299,PEN,,,,,,,,,,,,,,,,,,,,,,,,,,,,,,,PEN299,https://storage.googleapis.com/fabmaster/cardfaces/2026-PEN/EN/PEN299.png,,,,,,,,,,,,,,,,,,,,,,,,,,,,,,,,,,,,,,,,,,,,
PEN300,PEN,,,,,,,,,,,,,,,,,,,,,,,,,,,,,,,PEN300,https://storage.googleapis.com/fabmaster/cardfaces/2026-PEN/EN/PEN300.png,,,,,,,,,,,,,,,,,,,,,,,,,,,,,,,,,,,,,,,,,,,,
PEN301,PEN,,,,,,,,,,,,,,,,,,,,,,,,,,,,,,,PEN301,https://storage.googleapis.com/fabmaster/cardfaces/2026-PEN/EN/PEN301.png,,,,,,,,,,,,,,,,,,,,,,,,,,,,,,,,,,,,,,,,,,,,
PEN302,PEN,,,,,,,,,,,,,,,,,,,,,,,,,,,,,,,PEN302,https://storage.googleapis.com/fabmaster/cardfaces/2026-PEN/EN/PEN302.png,,,,,,,,,,,,,,,,,,,,,,,,,,,,,,,,,,,,,,,,,,,,
PEN303,PEN,,,,,,,,,,,,,,,,,,,,,,,,,,,,,,,PEN303,https://storage.googleapis.com/fabmaster/cardfaces/2026-PEN/EN/PEN303.png,,,,,,,,,,,,,,,,,,,,,,,,,,,,,,,,,,,,,,,,,,,,
PEN304,PEN,,,,,,,,,,,,,,,,,,,,,,,,,,,,,,,PEN304,https://storage.googleapis.com/fabmaster/cardfaces/2026-PEN/EN/PEN304.png,,,,,,,,,,,,,,,,,,,,,,,,,,,,,,,,,,,,,,,,,,,,
PEN305,PEN,,,,,,,,,,,,,,,,,,,,,,,,,,,,,,,PEN305,https://storage.googleapis.com/fabmaster/cardfaces/2026-PEN/EN/PEN305.png,,,,,,,,,,,,,,,,,,,,,,,,,,,,,,,,,,,,,,,,,,,,
PEN306,PEN,,,,,,,,,,,,,,,,,,,,,,,,,,,,,,,PEN306,https://storage.googleapis.com/fabmaster/cardfaces/2026-PEN/EN/PEN306.png,,,,,,,,,,,,,,,,,,,,,,,,,,,,,,,,,,,,,,,,,,,,
PEN307,PEN,,,,,,,,,,,,,,,,,,,,,,,,,,,,,,,PEN307,https://storage.googleapis.com/fabmaster/cardfaces/2026-PEN/EN/PEN307.png,,,,,,,,,,,,,,,,,,,,,,,,,,,,,,,,,,,,,,,,,,,,
PEN308,PEN,,,,,,,,,,,,,,,,,,,,,,,,,,,,,,,PEN308,https://storage.googleapis.com/fabmaster/cardfaces/2026-PEN/EN/PEN308.png,,,,,,,,,,,,,,,,,,,,,,,,,,,,,,,,,,,,,,,,,,,,
PEN309,PEN,Balance of Justice,,,,,,,,,,,,,,,,,"**Instant** – Destroy this: Draw a card. Activate this only if an opponent has drawn 2 or more cards this turn.

**Guardwell**",,,,,No,,L,S,AA,Sariya Asavametha,,,PEN309,https://storage.googleapis.com/fabmaster/cardfaces/2026-PEN/EN/PEN309.png,,,,,,,,,,,,,,,,,,,,,,,,,,,,,,,,,,,,,,,,,,,,
PEN310,PEN,Crown of Providence,,,,,,,,,,,,,,,,,,,,,,No,,L,S,AA,Dominik Mayer,,,PEN310,https://storage.googleapis.com/fabmaster/cardfaces/2026-PEN/EN/PEN310.png,,,,,,,,,,,,,,,,,,,,,,,,,,,,,,,,,,,,,,,,,,,,
PEN311,PEN,Fyendal's Spring Tunic,,,,,,,,,,,,,,,,,,,,,,No,,L,S,AA,Lius Lasahido,,,PEN311,https://storage.googleapis.com/fabmaster/cardfaces/2026-PEN/EN/PEN311.png,,,,,,,,,,,,,,,,,,,,,,,,,,,,,,,,,,,,,,,,,,,,
PEN312,PEN,Stonewall Gauntlet,,,,,,,,,,,,,,,,,,,,,,No,,L,S,AA,Carlos Cruchaga,,,PEN312,https://storage.googleapis.com/fabmaster/cardfaces/2026-PEN/EN/PEN312.png,,,,,,,,,,,,,,,,,,,,,,,,,,,,,,,,,,,,,,,,,,,,
PEN313,PEN,Quickdodge Flexors,,,,,,,,,,,,,,,,,,,,,,No,,L,,AA,Fajareka Setiawan,,,PEN313,https://storage.googleapis.com/fabmaster/cardfaces/2026-PEN/EN/PEN313.png,,,,,,,,,,,,,,,,,,,,,,,,,,,,,,,,,,,,,,,,,,,,
PEN314,PEN,,,,,,,,,,,,,,,,,,,,,,,,,,,,,,,PEN314,https://storage.googleapis.com/fabmaster/cardfaces/2026-PEN/EN/PEN314.png,,,,,,,,,,,,,,,,,,,,,,,,,,,,,,,,,,,,,,,,,,,,
PEN315,PEN,,,,,,,,,,,,,,,,,,,,,,,,,,,,,,,PEN315,https://storage.googleapis.com/fabmaster/cardfaces/2026-PEN/EN/PEN315.png,,,,,,,,,,,,,,,,,,,,,,,,,,,,,,,,,,,,,,,,,,,,
PEN316,PEN,,,,,,,,,,,,,,,,,,,,,,,,,,,,,,,PEN316,https://storage.googleapis.com/fabmaster/cardfaces/2026-PEN/EN/PEN316.png,,,,,,,,,,,,,,,,,,,,,,,,,,,,,,,,,,,,,,,,,,,,
PEN317,PEN,Unyielding Grip,,,,,0,,,,"Generic, Equipment, Arms",,Blade Break,,,,,,"If you have no cards in your hand, this gets +3{d}.

**Blade Break**",Generic Equipment - Arms,,,,,,R,S,,Tomasz Jedruszek,,,PEN317,https://storage.googleapis.com/fabmaster/cardfaces/2026-PEN/EN/PEN317.png,,,,,,,,,,,,,,,,,,,,,,,,,,,,,,,,,,,,,,,,,,,,
PEN318,PEN,,,,,,,,,,,,,,,,,,,,,,,,,,,,,,,PEN318,https://storage.googleapis.com/fabmaster/cardfaces/2026-PEN/EN/PEN318.png,,,,,,,,,,,,,,,,,,,,,,,,,,,,,,,,,,,,,,,,,,,,
PEN319,PEN,Command and Conquer,Red,1,,,,,,,,,,,,,,,,,,,,No,,L,S,AA,Jessada Sutthi,,,PEN319,https://storage.googleapis.com/fabmaster/cardfaces/2026-PEN/EN/PEN319.png,,,,,,,,,,,,,,,,,,,,,,,,,,,,,,,,,,,,,,,,,,,,
PEN320,PEN,Enlightened Strike,Red,1,,,,,,,,,,,,,,,,,,,,No,,L,S,AA,Wisnu Tan,,,PEN320,https://storage.googleapis.com/fabmaster/cardfaces/2026-PEN/EN/PEN320.png,,,,,,,,,,,,,,,,,,,,,,,,,,,,,,,,,,,,,,,,,,,,
PEN321,PEN,Shelter from the Storm,Red,1,,,,,,,,,,,,,,,,,,,,No,,L,S,AA,Nathaniel Himawan,,,PEN321,https://storage.googleapis.com/fabmaster/cardfaces/2026-PEN/EN/PEN321.png,,,,,,,,,,,,,,,,,,,,,,,,,,,,,,,,,,,,,,,,,,,,
PEN322,PEN,,,,,,,,,,,,,,,,,,,,,,,,,,,,,,,PEN322,https://storage.googleapis.com/fabmaster/cardfaces/2026-PEN/EN/PEN322.png,,,,,,,,,,,,,,,,,,,,,,,,,,,,,,,,,,,,,,,,,,,,
PEN323,PEN,,,,,,,,,,,,,,,,,,,,,,,,,,,,,,,PEN323,https://storage.googleapis.com/fabmaster/cardfaces/2026-PEN/EN/PEN323.png,,,,,,,,,,,,,,,,,,,,,,,,,,,,,,,,,,,,,,,,,,,,
PEN324,PEN,,,,,,,,,,,,,,,,,,,,,,,,,,,,,,,PEN324,https://storage.googleapis.com/fabmaster/cardfaces/2026-PEN/EN/PEN324.png,,,,,,,,,,,,,,,,,,,,,,,,,,,,,,,,,,,,,,,,,,,,
PEN325,PEN,,,,,,,,,,,,,,,,,,,,,,,,,,,,,,,PEN325,https://storage.googleapis.com/fabmaster/cardfaces/2026-PEN/EN/PEN325.png,,,,,,,,,,,,,,,,,,,,,,,,,,,,,,,,,,,,,,,,,,,,
PEN326,PEN,,,,,,,,,,,,,,,,,,,,,,,,,,,,,,,PEN326,https://storage.googleapis.com/fabmaster/cardfaces/2026-PEN/EN/PEN326.png,,,,,,,,,,,,,,,,,,,,,,,,,,,,,,,,,,,,,,,,,,,,
PEN327,PEN,,,,,,,,,,,,,,,,,,,,,,,,,,,,,,,PEN327,https://storage.googleapis.com/fabmaster/cardfaces/2026-PEN/EN/PEN327.png,,,,,,,,,,,,,,,,,,,,,,,,,,,,,,,,,,,,,,,,,,,,
PEN328,PEN,,,,,,,,,,,,,,,,,,,,,,,,,,,,,,,PEN328,https://storage.googleapis.com/fabmaster/cardfaces/2026-PEN/EN/PEN328.png,,,,,,,,,,,,,,,,,,,,,,,,,,,,,,,,,,,,,,,,,,,,
PEN329,PEN,,,,,,,,,,,,,,,,,,,,,,,,,,,,,,,PEN329,https://storage.googleapis.com/fabmaster/cardfaces/2026-PEN/EN/PEN329.png,,,,,,,,,,,,,,,,,,,,,,,,,,,,,,,,,,,,,,,,,,,,
PEN330,PEN,,,,,,,,,,,,,,,,,,,,,,,,,,,,,,,PEN330,https://storage.googleapis.com/fabmaster/cardfaces/2026-PEN/EN/PEN330.png,,,,,,,,,,,,,,,,,,,,,,,,,,,,,,,,,,,,,,,,,,,,
PEN331,PEN,,,,,,,,,,,,,,,,,,,,,,,,,,,,,,,PEN331,https://storage.googleapis.com/fabmaster/cardfaces/2026-PEN/EN/PEN331.png,,,,,,,,,,,,,,,,,,,,,,,,,,,,,,,,,,,,,,,,,,,,
PEN332,PEN,,,,,,,,,,,,,,,,,,,,,,,,,,,,,,,PEN332,https://storage.googleapis.com/fabmaster/cardfaces/2026-PEN/EN/PEN332.png,,,,,,,,,,,,,,,,,,,,,,,,,,,,,,,,,,,,,,,,,,,,
PEN333,PEN,,,,,,,,,,,,,,,,,,,,,,,,,,,,,,,PEN333,https://storage.googleapis.com/fabmaster/cardfaces/2026-PEN/EN/PEN333.png,,,,,,,,,,,,,,,,,,,,,,,,,,,,,,,,,,,,,,,,,,,,
PEN334,PEN,,,,,,,,,,,,,,,,,,,,,,,,,,,,,,,PEN334,https://storage.googleapis.com/fabmaster/cardfaces/2026-PEN/EN/PEN334.png,,,,,,,,,,,,,,,,,,,,,,,,,,,,,,,,,,,,,,,,,,,,
PEN335,PEN,,,,,,,,,,,,,,,,,,,,,,,,,,,,,,,PEN335,https://storage.googleapis.com/fabmaster/cardfaces/2026-PEN/EN/PEN335.png,,,,,,,,,,,,,,,,,,,,,,,,,,,,,,,,,,,,,,,,,,,,
PEN336,PEN,,,,,,,,,,,,,,,,,,,,,,,,,,,,,,,PEN336,https://storage.googleapis.com/fabmaster/cardfaces/2026-PEN/EN/PEN336.png,,,,,,,,,,,,,,,,,,,,,,,,,,,,,,,,,,,,,,,,,,,,
PEN337,PEN,,,,,,,,,,,,,,,,,,,,,,,,,,,,,,,PEN337,https://storage.googleapis.com/fabmaster/cardfaces/2026-PEN/EN/PEN337.png,,,,,,,,,,,,,,,,,,,,,,,,,,,,,,,,,,,,,,,,,,,,
PEN338,PEN,,,,,,,,,,,,,,,,,,,,,,,,,,,,,,,PEN338,https://storage.googleapis.com/fabmaster/cardfaces/2026-PEN/EN/PEN338.png,,,,,,,,,,,,,,,,,,,,,,,,,,,,,,,,,,,,,,,,,,,,
PEN339,PEN,,,,,,,,,,,,,,,,,,,,,,,,,,,,,,,PEN339,https://storage.googleapis.com/fabmaster/cardfaces/2026-PEN/EN/PEN339.png,,,,,,,,,,,,,,,,,,,,,,,,,,,,,,,,,,,,,,,,,,,,
PEN340,PEN,,,,,,,,,,,,,,,,,,,,,,,,,,,,,,,PEN340,https://storage.googleapis.com/fabmaster/cardfaces/2026-PEN/EN/PEN340.png,,,,,,,,,,,,,,,,,,,,,,,,,,,,,,,,,,,,,,,,,,,,
PEN341,PEN,,,,,,,,,,,,,,,,,,,,,,,,,,,,,,,PEN341,https://storage.googleapis.com/fabmaster/cardfaces/2026-PEN/EN/PEN341.png,,,,,,,,,,,,,,,,,,,,,,,,,,,,,,,,,,,,,,,,,,,,
PEN342,PEN,,,,,,,,,,,,,,,,,,,,,,,,,,,,,,,PEN342,https://storage.googleapis.com/fabmaster/cardfaces/2026-PEN/EN/PEN342.png,,,,,,,,,,,,,,,,,,,,,,,,,,,,,,,,,,,,,,,,,,,,
PEN343,PEN,,,,,,,,,,,,,,,,,,,,,,,,,,,,,,,PEN343,https://storage.googleapis.com/fabmaster/cardfaces/2026-PEN/EN/PEN343.png,,,,,,,,,,,,,,,,,,,,,,,,,,,,,,,,,,,,,,,,,,,,
PEN344,PEN,,,,,,,,,,,,,,,,,,,,,,,,,,,,,,,PEN344,https://storage.googleapis.com/fabmaster/cardfaces/2026-PEN/EN/PEN344.png,,,,,,,,,,,,,,,,,,,,,,,,,,,,,,,,,,,,,,,,,,,,
PEN345,PEN,,,,,,,,,,,,,,,,,,,,,,,,,,,,,,,PEN345,https://storage.googleapis.com/fabmaster/cardfaces/2026-PEN/EN/PEN345.png,,,,,,,,,,,,,,,,,,,,,,,,,,,,,,,,,,,,,,,,,,,,
PEN346,PEN,,,,,,,,,,,,,,,,,,,,,,,,,,,,,,,PEN346,https://storage.googleapis.com/fabmaster/cardfaces/2026-PEN/EN/PEN346.png,,,,,,,,,,,,,,,,,,,,,,,,,,,,,,,,,,,,,,,,,,,,
PEN347,PEN,,,,,,,,,,,,,,,,,,,,,,,,,,,,,,,PEN347,https://storage.googleapis.com/fabmaster/cardfaces/2026-PEN/EN/PEN347.png,,,,,,,,,,,,,,,,,,,,,,,,,,,,,,,,,,,,,,,,,,,,
PEN348,PEN,,,,,,,,,,,,,,,,,,,,,,,,,,,,,,,PEN348,https://storage.googleapis.com/fabmaster/cardfaces/2026-PEN/EN/PEN348.png,,,,,,,,,,,,,,,,,,,,,,,,,,,,,,,,,,,,,,,,,,,,