Identifiers,Set Identifiers,Name,Color,Pitch,Cost,Power,Defense,Life,Intelligence,Arcane,Types,Traits,Card Keywords,Abilities and Effects,Ability and Effect Keywords,Granted Keywords,Removed Keywords,Interacts with Keywords,Functional Text,Type Text,Card Played Horizontally,CC Legal,Silver Age Legal,LL Legal,Rarity,Foiling,Art Variations,Artists,Expansion Slot,Flavor Text,Identifier,Image URL,TCGPlayer Product Id,TCGPlayer Url,Rarity 2,Foiling 2,Art Variations 2,Artists 2,Expansion Slot 2,Flavor Text 2,Identifier 2,Image URL 2,TCGPlayer Product Id 2,TCGPlayer Url 2,Rarity 3,Foiling 3,Art Variations 3,Artists 3,Expansion Slot 3,Flavor Text 3,Identifier 3,Image URL 3,Rarity 4,Foiling 4,Art Variations 4,Artists 4,Expansion Slot 4,Flavor Text 4,Identifier 4,Image URL 4,Rarity 5,Foiling 5,Art Variations 5,Artists 5,Expansion Slot 5,Flavor Text 5,Identifier 5,Image URL 5,,,Rarity 6,Foiling 6,Art Variations 6,Artists 6,Expansion Slot 6,Flavor Text 6,Identifier 6,Image URL 6
SBA001,SBA,Briar,,,,,,,,,,,,,,,,,,,,,,,,,,,,,SBA001,https://legendstory-production-s3-public.s3.amazonaws.com/media/cards/large/SBA001.webp,,,,,,,,,,,,,,,,,,,,,,,,,,,,,,,,,,,,,,,,,,,,,,
SBA002,SBA,"Scorpio, Comet Tail",,,,1,,,,,"Lightning, Runeblade, Weapon, Sword, 2H",,,,,,,,"**Action** - {t}: **Attack**. Activate this only if you control a Lightning attack.

When this hits a hero, deal 1 arcane damage to them.",Lightning Runeblade Weapon - Sword (2H),,,,,C,,,,,,SBA002,https://legendstory-production-s3-public.s3.amazonaws.com/media/cards/large/SBA002.webp,,,,,,,,,,,,,,,,,,,,,,,,,,,,,,,,,,,,,,,,,,,,,,
SBA003,SBA,Star Fall,,,,,,,,,,,,,,,,,,,,,,,R,,,,,,SBA003,https://legendstory-production-s3-public.s3.amazonaws.com/media/cards/large/SBA003.webp,,,,,,,,,,,,,,,,,,,,,,,,,,,,,,,,,,,,,,,,,,,,,,
SBA004,SBA,Blade Beckoner Helm,,,,,,,,,,,,,,,,,,,,,,,,,,,,,SBA004,https://legendstory-production-s3-public.s3.amazonaws.com/media/cards/large/SBA004.webp,,,,,,,,,,,,,,,,,,,,,,,,,,,,,,,,,,,,,,,,,,,,,,
SBA005,SBA,Crown of Dichotomy,,,,,,,,,,,,,,,,,,,,,,,,,,,,,SBA005,https://legendstory-production-s3-public.s3.amazonaws.com/media/cards/large/SBA005.webp,,,,,,,,,,,,,,,,,,,,,,,,,,,,,,,,,,,,,,,,,,,,,,
SBA006,SBA,Blossom of Spring,,,,,,,,,,,,,,,,,,,,,,,C,,,Andy Aslamov,,,SBA006,https://legendstory-production-s3-public.s3.amazonaws.com/media/cards/large/SBA006.webp,,,,,,,,,,,,,,,,,,,,,,,,,,,,,,,,,,,,,,,,,,,,,,
SBA007,SBA,Blade Beckoner Gauntlets,,,,,,,,,,,,,,,,,,,,,,,,,,,,,SBA007,https://legendstory-production-s3-public.s3.amazonaws.com/media/cards/large/SBA007.webp,,,,,,,,,,,,,,,,,,,,,,,,,,,,,,,,,,,,,,,,,,,,,,
SBA008,SBA,Swiftstrike Bracers,,,,,,,,,,,,,,,,,,,,,,,,,,,,,SBA008,https://legendstory-production-s3-public.s3.amazonaws.com/media/cards/large/SBA008.webp,,,,,,,,,,,,,,,,,,,,,,,,,,,,,,,,,,,,,,,,,,,,,,
SBA009,SBA,Blade Beckoner Boots,,,,,,,,,,,,,,,,,,,,,,,,,,,,,SBA009,https://legendstory-production-s3-public.s3.amazonaws.com/media/cards/large/SBA009.webp,,,,,,,,,,,,,,,,,,,,,,,,,,,,,,,,,,,,,,,,,,,,,,
SBA010,SBA,Quick Clicks,,,,,,,,,,,,,,,,,,,,,,,,,,,,,SBA010,https://legendstory-production-s3-public.s3.amazonaws.com/media/cards/large/SBA010.webp,,,,,,,,,,,,,,,,,,,,,,,,,,,,,,,,,,,,,,,,,,,,,,
SBA011,SBA,Arcanic Shockwave,Red,1,,,,,,,,,,,,,,,,,,,,,,,,,,,SBA011,https://legendstory-production-s3-public.s3.amazonaws.com/media/cards/large/SBA011.webp,,,,,,,,,,,,,,,,,,,,,,,,,,,,,,,,,,,,,,,,,,,,,,
SBA012,SBA,Entwine Lightning,Red,1,,,,,,,,,,,,,,,,,,,,,,,,,,,SBA012,https://legendstory-production-s3-public.s3.amazonaws.com/media/cards/large/SBA012.webp,,,,,,,,,,,,,,,,,,,,,,,,,,,,,,,,,,,,,,,,,,,,,,
SBA013,SBA,Fry,Red,1,,,,,,,,,,,,,,,,,,,,,,,,,,,SBA013,https://legendstory-production-s3-public.s3.amazonaws.com/media/cards/large/SBA013.webp,,,,,,,,,,,,,,,,,,,,,,,,,,,,,,,,,,,,,,,,,,,,,,
SBA014,SBA,Jack Be Quick,Red,1,,,,,,,,,,,,,,,,,,,,,,,,,,,SBA014,https://legendstory-production-s3-public.s3.amazonaws.com/media/cards/large/SBA014.webp,,,,,,,,,,,,,,,,,,,,,,,,,,,,,,,,,,,,,,,,,,,,,,
SBA015,SBA,Lightning Surge,Red,1,,,,,,,,,,,,,,,,,,,,,,,,,,,SBA015,https://legendstory-production-s3-public.s3.amazonaws.com/media/cards/large/SBA015.webp,,,,,,,,,,,,,,,,,,,,,,,,,,,,,,,,,,,,,,,,,,,,,,
SBA016,SBA,Path of Same Ends,Red,1,0,3,2,,,,"Lightning, Runeblade, Action, Attack",,Go again,,,,,,"When this attacks a hero, deal 1 arcane damage to them. If damage is dealt this way, this gets **go again**.

**Instant** - {r}: This gets **go again**.",Lightning Runeblade Action - Attack,,,,,C,,,Saad Irfan,,,SBA016,https://legendstory-production-s3-public.s3.amazonaws.com/media/cards/large/SBA016.webp,,,,,,,,,,,,,,,,,,,,,,,,,,,,,,,,,,,,,,,,,,,,,,
SBA017,SBA,Ravenous Rabble,Red,1,,,,,,,,,,,,,,,,,,,,,,,,,,,SBA017,https://legendstory-production-s3-public.s3.amazonaws.com/media/cards/large/SBA017.webp,,,,,,,,,,,,,,,,,,,,,,,,,,,,,,,,,,,,,,,,,,,,,,
SBA018,SBA,Rush of Power,Red,1,0,3,3,,,,"Lightning, Runeblade, Action, Attack",,Quickstrike,,,,,,"**Quickstrike** - If this has go again, it gets +1{p}.

When this hits a hero, deal 1 arcane damage to them.",Lightning Runeblade Action - Attack,,,,,C,,,João G. Santos,,,SBA018,https://legendstory-production-s3-public.s3.amazonaws.com/media/cards/large/SBA018.webp,,,,,,,,,,,,,,,,,,,,,,,,,,,,,,,,,,,,,,,,,,,,,,
SBA019,SBA,Scar for a Scar,Red,1,,,,,,,,,,,,,,,,,,,,,C,,,Arif Wijaya,,,SBA019,https://legendstory-production-s3-public.s3.amazonaws.com/media/cards/large/SBA019.webp,,,,,,,,,,,,,,,,,,,,,,,,,,,,,,,,,,,,,,,,,,,,,,
SBA020,SBA,Second Strike,Red,1,,,,,,,,,,,,,,,,,,,,,,,,,,,SBA020,https://legendstory-production-s3-public.s3.amazonaws.com/media/cards/large/SBA020.webp,,,,,,,,,,,,,,,,,,,,,,,,,,,,,,,,,,,,,,,,,,,,,,
SBA021,SBA,Snatch,Red,1,,,,,,,,,,,,,,,,,,,,,R,,,Yulia Litvinova,,,SBA021,https://legendstory-production-s3-public.s3.amazonaws.com/media/cards/large/SBA021.webp,,,,,,,,,,,,,,,,,,,,,,,,,,,,,,,,,,,,,,,,,,,,,,
SBA022,SBA,Static Shock,Red,1,,,,,,,,,,,,,,,,,,,,,,,,,,,SBA022,https://legendstory-production-s3-public.s3.amazonaws.com/media/cards/large/SBA022.webp,,,,,,,,,,,,,,,,,,,,,,,,,,,,,,,,,,,,,,,,,,,,,,
SBA023,SBA,Sigil of Suffering,Red,1,,,,,,,,,,,,,,,,,,,,,,,,,,,SBA023,https://legendstory-production-s3-public.s3.amazonaws.com/media/cards/large/SBA023.webp,,,,,,,,,,,,,,,,,,,,,,,,,,,,,,,,,,,,,,,,,,,,,,
SBA024,SBA,Arcane Seeds // Life,Red,1,,,,,,,,,,,,,,,,,,,,,,,,,,,SBA024,https://legendstory-production-s3-public.s3.amazonaws.com/media/cards/large/SBA024.webp,,,,,,,,,,,,,,,,,,,,,,,,,,,,,,,,,,,,,,,,,,,,,,
SBA025,SBA,Burn Up // Shock,Red,1,,,,,,,,,,,,,,,,,,,,,,,,,,,SBA025,https://legendstory-production-s3-public.s3.amazonaws.com/media/cards/large/SBA025.webp,,,,,,,,,,,,,,,,,,,,,,,,,,,,,,,,,,,,,,,,,,,,,,
SBA026,SBA,Nimblism,Red,1,,,,,,,,,,,,,,,,,,,,,,,,,,,SBA026,https://legendstory-production-s3-public.s3.amazonaws.com/media/cards/large/SBA026.webp,,,,,,,,,,,,,,,,,,,,,,,,,,,,,,,,,,,,,,,,,,,,,,
SBA027,SBA,Sizzle,Red,1,,,,,,,,,,,,,,,,,,,,,,,,,,,SBA027,https://legendstory-production-s3-public.s3.amazonaws.com/media/cards/large/SBA027.webp,,,,,,,,,,,,,,,,,,,,,,,,,,,,,,,,,,,,,,,,,,,,,,
SBA028,SBA,Sprout Strength,Red,1,,,,,,,,,,,,,,,,,,,,,,,,,,,SBA028,https://legendstory-production-s3-public.s3.amazonaws.com/media/cards/large/SBA028.webp,,,,,,,,,,,,,,,,,,,,,,,,,,,,,,,,,,,,,,,,,,,,,,
SBA029,SBA,Weave Lightning,Red,1,,,,,,,,,,,,,,,,,,,,,,,,,,,SBA029,https://legendstory-production-s3-public.s3.amazonaws.com/media/cards/large/SBA029.webp,,,,,,,,,,,,,,,,,,,,,,,,,,,,,,,,,,,,,,,,,,,,,,
SBA030,SBA,Arcane Polarity,Red,1,,,,,,,,,,,,,,,,,,,,,,,,,,,SBA030,https://legendstory-production-s3-public.s3.amazonaws.com/media/cards/large/SBA030.webp,,,,,,,,,,,,,,,,,,,,,,,,,,,,,,,,,,,,,,,,,,,,,,
SBA031,SBA,Cloud Cover,Red,1,,,,,,,,,,,,,,,,,,,,,,,,,,,SBA031,https://legendstory-production-s3-public.s3.amazonaws.com/media/cards/large/SBA031.webp,,,,,,,,,,,,,,,,,,,,,,,,,,,,,,,,,,,,,,,,,,,,,,
SBA032,SBA,Lightning Press,Red,1,,,,,,,,,,,,,,,,,,,,,,,,,,,SBA032,https://legendstory-production-s3-public.s3.amazonaws.com/media/cards/large/SBA032.webp,,,,,,,,,,,,,,,,,,,,,,,,,,,,,,,,,,,,,,,,,,,,,,
SBA033,SBA,Nimblism,Yellow,2,,,,,,,,,,,,,,,,,,,,,,,,,,,SBA033,https://legendstory-production-s3-public.s3.amazonaws.com/media/cards/large/SBA033.webp,,,,,,,,,,,,,,,,,,,,,,,,,,,,,,,,,,,,,,,,,,,,,,
SBA034,SBA,Embodiment of Earth,,,,,,,,,,,,,,,,,,,,,,,,,,,,,SBA034,https://legendstory-production-s3-public.s3.amazonaws.com/media/cards/large/SBA034.webp,,,,,,,,,,,,,,,,,,,,,,,,,,,,,,,,,,,,,,,,,,,,,,
SBA035,SBA,Embodiment of Lightning,,,,,,,,,,,,,,,,,,,,,,,,,,,,,SBA035,https://legendstory-production-s3-public.s3.amazonaws.com/media/cards/large/SBA035.webp,,,,,,,,,,,,,,,,,,,,,,,,,,,,,,,,,,,,,,,,,,,,,,
SBA036,SBA,Runechant,,,,,,,,,,,,,,,,,,,,,,,,,,Jessketchin,,,SBA036,https://legendstory-production-s3-public.s3.amazonaws.com/media/cards/large/SBA036.webp,,,,,,,,,,,,,,,,,,,,,,,,,,,,,,,,,,,,,,,,,,,,,,
SBL001,SBL,Boltyn,,,,,,,,,,,,,,,,,,,,,,,,,,,,,SBL001,https://legendstory-production-s3-public.s3.amazonaws.com/media/cards/large/SBL001.webp,,,,,,,,,,,,,,,,,,,,,,,,,,,,,,,,,,,,,,,,,,,,,,
SBL002,SBL,"Raydn, Duskbane",,,,,,,,,,,,,,,,,,,,,,,R,,,,,,SBL002,https://legendstory-production-s3-public.s3.amazonaws.com/media/cards/large/SBL002.webp,,,,,,,,,,,,,,,,,,,,,,,,,,,,,,,,,,,,,,,,,,,,,,
SBL003,SBL,Halo of Illumination,,,,,,,,,,,,,,,,,,,,,,,,,,,,,SBL003,https://legendstory-production-s3-public.s3.amazonaws.com/media/cards/large/SBL003.webp,,,,,,,,,,,,,,,,,,,,,,,,,,,,,,,,,,,,,,,,,,,,,,
SBL004,SBL,Helm of Unity,,,,,,,,,,,,,,,,,,,,,,,,,,,,,SBL004,https://legendstory-production-s3-public.s3.amazonaws.com/media/cards/large/SBL004.webp,,,,,,,,,,,,,,,,,,,,,,,,,,,,,,,,,,,,,,,,,,,,,,
SBL005,SBL,Garland of Spring,,,,,,,,,,,,,,,,,,,,,,,,,,,,,SBL005,https://legendstory-production-s3-public.s3.amazonaws.com/media/cards/large/SBL005.webp,,,,,,,,,,,,,,,,,,,,,,,,,,,,,,,,,,,,,,,,,,,,,,
SBL006,SBL,Nullrune Robe,,,,,,,,,,,,,,,,,,,,,,,,,,,,,SBL006,https://legendstory-production-s3-public.s3.amazonaws.com/media/cards/large/SBL006.webp,,,,,,,,,,,,,,,,,,,,,,,,,,,,,,,,,,,,,,,,,,,,,,
SBL007,SBL,Gauntlets of Unity,,,,,,,,,,,,,,,,,,,,,,,,,,,,,SBL007,https://legendstory-production-s3-public.s3.amazonaws.com/media/cards/large/SBL007.webp,,,,,,,,,,,,,,,,,,,,,,,,,,,,,,,,,,,,,,,,,,,,,,
SBL008,SBL,Radiant Touch,,,,,,,,,,,,,,,,,,,,,,,,,,,,,SBL008,https://legendstory-production-s3-public.s3.amazonaws.com/media/cards/large/SBL008.webp,,,,,,,,,,,,,,,,,,,,,,,,,,,,,,,,,,,,,,,,,,,,,,
SBL009,SBL,Flat Trackers,,,,,,,,,,,,,,,,,,,,,,,,,,,,,SBL009,https://legendstory-production-s3-public.s3.amazonaws.com/media/cards/large/SBL009.webp,,,,,,,,,,,,,,,,,,,,,,,,,,,,,,,,,,,,,,,,,,,,,,
SBL010,SBL,Nullrune Boots,,,,,,,,,,,,,,,,,,,,,,,,,,,,,SBL010,https://legendstory-production-s3-public.s3.amazonaws.com/media/cards/large/SBL010.webp,,,,,,,,,,,,,,,,,,,,,,,,,,,,,,,,,,,,,,,,,,,,,,
SBL011,SBL,Beaming Bravado,Red,1,,,,,,,,,,,,,,,,,,,,,,,,,,,SBL011,https://legendstory-production-s3-public.s3.amazonaws.com/media/cards/large/SBL011.webp,,,,,,,,,,,,,,,,,,,,,,,,,,,,,,,,,,,,,,,,,,,,,,
SBL012,SBL,Bolt of Courage,Red,1,,,,,,,,,,,,,,,,,,,,,,,,,,,SBL012,https://legendstory-production-s3-public.s3.amazonaws.com/media/cards/large/SBL012.webp,,,,,,,,,,,,,,,,,,,,,,,,,,,,,,,,,,,,,,,,,,,,,,
SBL013,SBL,Duty Bound Blitz,Red,1,,,,,,,,,,,,,,,,,,,,,,,,,,,SBL013,https://legendstory-production-s3-public.s3.amazonaws.com/media/cards/large/SBL013.webp,,,,,,,,,,,,,,,,,,,,,,,,,,,,,,,,,,,,,,,,,,,,,,
SBL014,SBL,Engulfing Light,Red,1,,,,,,,,,,,,,,,,,,,,,,,,,,,SBL014,https://legendstory-production-s3-public.s3.amazonaws.com/media/cards/large/SBL014.webp,,,,,,,,,,,,,,,,,,,,,,,,,,,,,,,,,,,,,,,,,,,,,,
SBL015,SBL,Illuminate,Red,1,,,,,,,,,,,,,,,,,,,,,,,,,,,SBL015,https://legendstory-production-s3-public.s3.amazonaws.com/media/cards/large/SBL015.webp,,,,,,,,,,,,,,,,,,,,,,,,,,,,,,,,,,,,,,,,,,,,,,
SBL016,SBL,Light the Way,Red,1,,,,,,,,,,,,,,,,,,,,,,,,,,,SBL016,https://legendstory-production-s3-public.s3.amazonaws.com/media/cards/large/SBL016.webp,,,,,,,,,,,,,,,,,,,,,,,,,,,,,,,,,,,,,,,,,,,,,,
SBL017,SBL,Snatch,Red,1,,,,,,,,,,,,,,,,,,,,,,,,,,,SBL017,https://legendstory-production-s3-public.s3.amazonaws.com/media/cards/large/SBL017.webp,,,,,,,,,,,,,,,,,,,,,,,,,,,,,,,,,,,,,,,,,,,,,,
SBL018,SBL,Take Flight,Red,1,,,,,,,,,,,,,,,,,,,,,,,,,,,SBL018,https://legendstory-production-s3-public.s3.amazonaws.com/media/cards/large/SBL018.webp,,,,,,,,,,,,,,,,,,,,,,,,,,,,,,,,,,,,,,,,,,,,,,
SBL019,SBL,Courageous Steelhand,Red,1,,,,,,,,,,,,,,,,,,,,,,,,,,,SBL019,https://legendstory-production-s3-public.s3.amazonaws.com/media/cards/large/SBL019.webp,,,,,,,,,,,,,,,,,,,,,,,,,,,,,,,,,,,,,,,,,,,,,,
SBL020,SBL,Edict of Steel,Red,1,,,,,,,,,,,,,,,,,,,,,,,,,,,SBL020,https://legendstory-production-s3-public.s3.amazonaws.com/media/cards/large/SBL020.webp,,,,,,,,,,,,,,,,,,,,,,,,,,,,,,,,,,,,,,,,,,,,,,
SBL021,SBL,Glisten,Red,1,,,,,,,,,,,,,,,,,,,,,,,,,,,SBL021,https://legendstory-production-s3-public.s3.amazonaws.com/media/cards/large/SBL021.webp,,,,,,,,,,,,,,,,,,,,,,,,,,,,,,,,,,,,,,,,,,,,,,
SBL022,SBL,Toe the Line,Red,1,0,,,,,,"Warrior, Instant",,,,,,,,"The next time you would be dealt damage this turn, prevent 2 of that damage. If you prevent damage this way, create a Flurry token.",Warrior Instant,,,,,R,,,Mario Wibisono,,,SBL022,https://legendstory-production-s3-public.s3.amazonaws.com/media/cards/large/SBL022.webp,,,,,,,,,,,,,,,,,,,,,,,,,,,,,,,,,,,,,,,,,,,,,,
SBL023,SBL,Banneret of Salvation,Yellow,2,,,,,,,,,,,,,,,,,,,,,,,,,,,SBL023,https://legendstory-production-s3-public.s3.amazonaws.com/media/cards/large/SBL023.webp,,,,,,,,,,,,,,,,,,,,,,,,,,,,,,,,,,,,,,,,,,,,,,
SBL024,SBL,Beaming Bravado,Yellow,2,,,,,,,,,,,,,,,,,,,,,,,,,,,SBL024,https://legendstory-production-s3-public.s3.amazonaws.com/media/cards/large/SBL024.webp,,,,,,,,,,,,,,,,,,,,,,,,,,,,,,,,,,,,,,,,,,,,,,
SBL025,SBL,Bolt of Courage,Yellow,2,,,,,,,,,,,,,,,,,,,,,,,,,,,SBL025,https://legendstory-production-s3-public.s3.amazonaws.com/media/cards/large/SBL025.webp,,,,,,,,,,,,,,,,,,,,,,,,,,,,,,,,,,,,,,,,,,,,,,
SBL026,SBL,Duty Bound Blitz,Yellow,2,,,,,,,,,,,,,,,,,,,,,,,,,,,SBL026,https://legendstory-production-s3-public.s3.amazonaws.com/media/cards/large/SBL026.webp,,,,,,,,,,,,,,,,,,,,,,,,,,,,,,,,,,,,,,,,,,,,,,
SBL027,SBL,Engulfing Light,Yellow,2,,,,,,,,,,,,,,,,,,,,,,,,,,,SBL027,https://legendstory-production-s3-public.s3.amazonaws.com/media/cards/large/SBL027.webp,,,,,,,,,,,,,,,,,,,,,,,,,,,,,,,,,,,,,,,,,,,,,,
SBL028,SBL,Light the Way,Yellow,2,,,,,,,,,,,,,,,,,,,,,,,,,,,SBL028,https://legendstory-production-s3-public.s3.amazonaws.com/media/cards/large/SBL028.webp,,,,,,,,,,,,,,,,,,,,,,,,,,,,,,,,,,,,,,,,,,,,,,
SBL029,SBL,Take Flight,Yellow,2,,,,,,,,,,,,,,,,,,,,,,,,,,,SBL029,https://legendstory-production-s3-public.s3.amazonaws.com/media/cards/large/SBL029.webp,,,,,,,,,,,,,,,,,,,,,,,,,,,,,,,,,,,,,,,,,,,,,,
SBL030,SBL,V of the Vanguard,Yellow,2,,,,,,,,,,,,,,,,,,,,,,,,,,,SBL030,https://legendstory-production-s3-public.s3.amazonaws.com/media/cards/large/SBL030.webp,,,,,,,,,,,,,,,,,,,,,,,,,,,,,,,,,,,,,,,,,,,,,,
SBL031,SBL,Valiant Thrust,Yellow,2,,,,,,,,,,,,,,,,,,,,,,,,,,,SBL031,https://legendstory-production-s3-public.s3.amazonaws.com/media/cards/large/SBL031.webp,,,,,,,,,,,,,,,,,,,,,,,,,,,,,,,,,,,,,,,,,,,,,,
SBL032,SBL,Roaring Beam,Yellow,2,,,,,,,,,,,,,,,,,,,,,,,,,,,SBL032,https://legendstory-production-s3-public.s3.amazonaws.com/media/cards/large/SBL032.webp,,,,,,,,,,,,,,,,,,,,,,,,,,,,,,,,,,,,,,,,,,,,,,
SBL033,SBL,Springboard Somersault,Yellow,2,,,,,,,,,,,,,,,,,,,,,,,,,,,SBL033,https://legendstory-production-s3-public.s3.amazonaws.com/media/cards/large/SBL033.webp,,,,,,,,,,,,,,,,,,,,,,,,,,,,,,,,,,,,,,,,,,,,,,
SBL034,SBL,Agility,,,,,,,,,,,,,,,,,,,,,,,,,,,,,SBL034,https://legendstory-production-s3-public.s3.amazonaws.com/media/cards/large/SBL034.webp,,,,,,,,,,,,,,,,,,,,,,,,,,,,,,,,,,,,,,,,,,,,,,
SBL035,SBL,Courage,,,,,,,,,,,,,,,,,,,,,,,,,,,,,SBL035,https://legendstory-production-s3-public.s3.amazonaws.com/media/cards/large/SBL035.webp,,,,,,,,,,,,,,,,,,,,,,,,,,,,,,,,,,,,,,,,,,,,,,
SBL036,SBL,Flurry,,,,,,,,,,,,,,,,,,,,,,,,,,,,,SBL036,https://legendstory-production-s3-public.s3.amazonaws.com/media/cards/large/SBL036.webp,,,,,,,,,,,,,,,,,,,,,,,,,,,,,,,,,,,,,,,,,,,,,,
SBZ001,SBZ,"Blaze, Firemind",,,,,,,,,"Wizard, Hero, Young",,,,,,,,,Wizard Hero - Young,,,No,,R,,,,,,SBZ001,https://legendstory-production-s3-public.s3.amazonaws.com/media/cards/large/SBZ001.webp,,,,,,,,,,,,,,,,,,,,,,,,,,,,,,,,,,,,,,,,,,,,,,
SBZ002,SBZ,Crucible of Aetherweave,,,,,,,,,,,,,,,,,,,,No,,,,,,,,,SBZ002,https://legendstory-production-s3-public.s3.amazonaws.com/media/cards/large/SBZ002.webp,,,,,,,,,,,,,,,,,,,,,,,,,,,,,,,,,,,,,,,,,,,,,,
SBZ003,SBZ,Talismanic Lens,,,,,,,,,,,,,,,,,,,,,,,,,,,,,SBZ003,https://legendstory-production-s3-public.s3.amazonaws.com/media/cards/large/SBZ003.webp,,,,,,,,,,,,,,,,,,,,,,,,,,,,,,,,,,,,,,,,,,,,,,
SBZ004,SBZ,Spellfire Cloak,,,,,,,,,,,,,,,,,,,,,,,,,,,,,SBZ004,https://legendstory-production-s3-public.s3.amazonaws.com/media/cards/large/SBZ004.webp,,,,,,,,,,,,,,,,,,,,,,,,,,,,,,,,,,,,,,,,,,,,,,
SBZ005,SBZ,Blade Beckoner Gauntlets,,,,,,,,,,,,,,,,,,,,,,,,,,,,,SBZ005,https://legendstory-production-s3-public.s3.amazonaws.com/media/cards/large/SBZ005.webp,,,,,,,,,,,,,,,,,,,,,,,,,,,,,,,,,,,,,,,,,,,,,,
SBZ006,SBZ,Seeker's Mitts,,,,,,,,,,,,,,,,,,,,,,,,,,,,,SBZ006,https://legendstory-production-s3-public.s3.amazonaws.com/media/cards/large/SBZ006.webp,,,,,,,,,,,,,,,,,,,,,,,,,,,,,,,,,,,,,,,,,,,,,,
SBZ007,SBZ,Aetherstorm Wellingtons,,,,,,,,,,,,,,,,,,,,,,,,,,,,,SBZ007,https://legendstory-production-s3-public.s3.amazonaws.com/media/cards/large/SBZ007.webp,,,,,,,,,,,,,,,,,,,,,,,,,,,,,,,,,,,,,,,,,,,,,,
SBZ008,SBZ,Blade Beckoner Boots,,,,,,,,,,,,,,,,,,,,,,,,,,,,,SBZ008,https://legendstory-production-s3-public.s3.amazonaws.com/media/cards/large/SBZ008.webp,,,,,,,,,,,,,,,,,,,,,,,,,,,,,,,,,,,,,,,,,,,,,,
SBZ009,SBZ,Fyendal's Fighting Spirit,Red,1,,,,,,,,,,,,,,,,,,,,,C,,,Joseph Qiu,,,SBZ009,https://legendstory-production-s3-public.s3.amazonaws.com/media/cards/large/SBZ009.webp,,,,,,,,,,,,,,,,,,,,,,,,,,,,,,,,,,,,,,,,,,,,,,
SBZ010,SBZ,Look Tuff,Red,1,,,,,,,,,,,,,,,,,,,,,,,,,,,SBZ010,https://legendstory-production-s3-public.s3.amazonaws.com/media/cards/large/SBZ010.webp,,,,,,,,,,,,,,,,,,,,,,,,,,,,,,,,,,,,,,,,,,,,,,
SBZ011,SBZ,Wounded Bull,Red,1,,,,,,,,,,,,,,,,,,,,,,,,,,,SBZ011,https://legendstory-production-s3-public.s3.amazonaws.com/media/cards/large/SBZ011.webp,,,,,,,,,,,,,,,,,,,,,,,,,,,,,,,,,,,,,,,,,,,,,,
SBZ012,SBZ,Absorb in Aether,Red,1,,,,,,,,,,,,,,,,,,,,,,,,,,,SBZ012,https://legendstory-production-s3-public.s3.amazonaws.com/media/cards/large/SBZ012.webp,,,,,,,,,,,,,,,,,,,,,,,,,,,,,,,,,,,,,,,,,,,,,,
SBZ013,SBZ,Aether Spindle,Red,1,,,,,,,,,,,,,,,,,,,,,,,,,,,SBZ013,https://legendstory-production-s3-public.s3.amazonaws.com/media/cards/large/SBZ013.webp,,,,,,,,,,,,,,,,,,,,,,,,,,,,,,,,,,,,,,,,,,,,,,
SBZ014,SBZ,Cindering Foresight,Red,1,,,,,,,,,,,,,,,,,,,,,,,,,,,SBZ014,https://legendstory-production-s3-public.s3.amazonaws.com/media/cards/large/SBZ014.webp,,,,,,,,,,,,,,,,,,,,,,,,,,,,,,,,,,,,,,,,,,,,,,
SBZ015,SBZ,Emeritus Scolding,Red,1,,,,,,,,,,,,,,,,,,,,,,,,,,,SBZ015,https://legendstory-production-s3-public.s3.amazonaws.com/media/cards/large/SBZ015.webp,,,,,,,,,,,,,,,,,,,,,,,,,,,,,,,,,,,,,,,,,,,,,,
SBZ016,SBZ,Snapback,Red,1,,,,,,,,,,,,,,,,,,,,,,,,,,,SBZ016,https://legendstory-production-s3-public.s3.amazonaws.com/media/cards/large/SBZ016.webp,,,,,,,,,,,,,,,,,,,,,,,,,,,,,,,,,,,,,,,,,,,,,,
SBZ017,SBZ,Turn to Mindfire,Red,1,2,,2,,,5,"Wizard, Action",,,,,,,,"Deal 5 arcane damage to any target.

If this deals damage, you may {t} your hero. If you do, create a Ponder token.",Wizard Action,,,,,R,,,Khairul Sukmanudin,,,SBZ017,https://legendstory-production-s3-public.s3.amazonaws.com/media/cards/large/SBZ017.webp,,,,,,,,,,,,,,,,,,,,,,,,,,,,,,,,,,,,,,,,,,,,,,
SBZ018,SBZ,Voltic Bolt,Red,1,,,,,,,,,,,,,,,,,,,,,,,,,,,SBZ018,https://legendstory-production-s3-public.s3.amazonaws.com/media/cards/large/SBZ018.webp,,,,,,,,,,,,,,,,,,,,,,,,,,,,,,,,,,,,,,,,,,,,,,
SBZ019,SBZ,Whisper of the Oracle,Red,1,,,,,,,,,,,,,,,,,,,,,,,,,,,SBZ019,https://legendstory-production-s3-public.s3.amazonaws.com/media/cards/large/SBZ019.webp,,,,,,,,,,,,,,,,,,,,,,,,,,,,,,,,,,,,,,,,,,,,,,
SBZ020,SBZ,Arcane Polarity,Red,1,,,,,,,,,,,,,,,,,,,,,,,,,,,SBZ020,https://legendstory-production-s3-public.s3.amazonaws.com/media/cards/large/SBZ020.webp,,,,,,,,,,,,,,,,,,,,,,,,,,,,,,,,,,,,,,,,,,,,,,
SBZ021,SBZ,Cindering Foresight,Yellow,2,,,,,,,,,,,,,,,,,,,,,,,,,,,SBZ021,https://legendstory-production-s3-public.s3.amazonaws.com/media/cards/large/SBZ021.webp,,,,,,,,,,,,,,,,,,,,,,,,,,,,,,,,,,,,,,,,,,,,,,
SBZ022,SBZ,Emeritus Scolding,Yellow,2,,,,,,,,,,,,,,,,,,,,,,,,,,,SBZ022,https://legendstory-production-s3-public.s3.amazonaws.com/media/cards/large/SBZ022.webp,,,,,,,,,,,,,,,,,,,,,,,,,,,,,,,,,,,,,,,,,,,,,,
SBZ023,SBZ,Whisper of the Oracle,Yellow,2,,,,,,,,,,,,,,,,,,,,,,,,,,,SBZ023,https://legendstory-production-s3-public.s3.amazonaws.com/media/cards/large/SBZ023.webp,,,,,,,,,,,,,,,,,,,,,,,,,,,,,,,,,,,,,,,,,,,,,,
SBZ024,SBZ,Aether Quickening,Blue,3,,,,,,,,,,,,,,,,,,,,,,,,,,,SBZ024,https://legendstory-production-s3-public.s3.amazonaws.com/media/cards/large/SBZ024.webp,,,,,,,,,,,,,,,,,,,,,,,,,,,,,,,,,,,,,,,,,,,,,,
SBZ025,SBZ,Aether Spindle,Blue,3,,,,,,,,,,,,,,,,,,,,,,,,,,,SBZ025,https://legendstory-production-s3-public.s3.amazonaws.com/media/cards/large/SBZ025.webp,,,,,,,,,,,,,,,,,,,,,,,,,,,,,,,,,,,,,,,,,,,,,,
SBZ026,SBZ,Arcane Twining,Blue,3,,,,,,,,,,,,,,,,,,,,,,,,,,,SBZ026,https://legendstory-production-s3-public.s3.amazonaws.com/media/cards/large/SBZ026.webp,,,,,,,,,,,,,,,,,,,,,,,,,,,,,,,,,,,,,,,,,,,,,,
SBZ027,SBZ,Cindering Foresight,Blue,3,,,,,,,,,,,,,,,,,,,,,,,,,,,SBZ027,https://legendstory-production-s3-public.s3.amazonaws.com/media/cards/large/SBZ027.webp,,,,,,,,,,,,,,,,,,,,,,,,,,,,,,,,,,,,,,,,,,,,,,
SBZ028,SBZ,Emeritus Scolding,Blue,3,,,,,,,,,,,,,,,,,,,,,,,,,,,SBZ028,https://legendstory-production-s3-public.s3.amazonaws.com/media/cards/large/SBZ028.webp,,,,,,,,,,,,,,,,,,,,,,,,,,,,,,,,,,,,,,,,,,,,,,
SBZ029,SBZ,Open the Flood Gates,Blue,3,,,,,,,,,,,,,,,,,,,,,,,,,,,SBZ029,https://legendstory-production-s3-public.s3.amazonaws.com/media/cards/large/SBZ029.webp,,,,,,,,,,,,,,,,,,,,,,,,,,,,,,,,,,,,,,,,,,,,,,
SBZ030,SBZ,Photon Splicing,Blue,3,,,,,,,,,,,,,,,,,,,,,,,,,,,SBZ030,https://legendstory-production-s3-public.s3.amazonaws.com/media/cards/large/SBZ030.webp,,,,,,,,,,,,,,,,,,,,,,,,,,,,,,,,,,,,,,,,,,,,,,
SBZ031,SBZ,Voltic Bolt,Blue,3,,,,,,,,,,,,,,,,,,,,,,,,,,,SBZ031,https://legendstory-production-s3-public.s3.amazonaws.com/media/cards/large/SBZ031.webp,,,,,,,,,,,,,,,,,,,,,,,,,,,,,,,,,,,,,,,,,,,,,,
SBZ032,SBZ,Whisper of the Oracle,Blue,3,,,,,,,,,,,,,,,,,,,,,,,,,,,SBZ032,https://legendstory-production-s3-public.s3.amazonaws.com/media/cards/large/SBZ032.webp,,,,,,,,,,,,,,,,,,,,,,,,,,,,,,,,,,,,,,,,,,,,,,
SBZ033,SBZ,Ponder,,,,,,,,,,,,,,,,,,,,,,,,,,,,,SBZ033,https://legendstory-production-s3-public.s3.amazonaws.com/media/cards/large/SBZ033.webp,,,,,,,,,,,,,,,,,,,,,,,,,,,,,,,,,,,,,,,,,,,,,,
SGB001,SGB,Gravy Bones,,,,,,,,,,,,,,,,,,,,,,,,,,,,,SGB001,https://legendstory-production-s3-public.s3.amazonaws.com/media/cards/large/SGB001.webp,,,,,,,,,,,,,,,,,,,,,,,,,,,,,,,,,,,,,,,,,,,,,,
SGB002,SGB,Compass of Sunken Depths,,,,,,,,,,,,,,,,,,,,,,,,,,,,,SGB002,https://legendstory-production-s3-public.s3.amazonaws.com/media/cards/large/SGB002.webp,,,,,,,,,,,,,,,,,,,,,,,,,,,,,,,,,,,,,,,,,,,,,,
SGB003,SGB,Carrion Crown,,,,,,,,,,,,,,,,,,,,,,,,,,,,,SGB003,https://legendstory-production-s3-public.s3.amazonaws.com/media/cards/large/SGB003.webp,,,,,,,,,,,,,,,,,,,,,,,,,,,,,,,,,,,,,,,,,,,,,,
SGB004,SGB,Mournful Casket,,,,,,,,,,,,,,,,,,,,,,,,,,,,,SGB004,https://legendstory-production-s3-public.s3.amazonaws.com/media/cards/large/SGB004.webp,,,,,,,,,,,,,,,,,,,,,,,,,,,,,,,,,,,,,,,,,,,,,,
SGB005,SGB,Nullrune Robe,,,,,,,,,,,,,,,,,,,,,,,,,,,,,SGB005,https://legendstory-production-s3-public.s3.amazonaws.com/media/cards/large/SGB005.webp,,,,,,,,,,,,,,,,,,,,,,,,,,,,,,,,,,,,,,,,,,,,,,
SGB006,SGB,Nullrune Gloves,,,,,,,,,,,,,,,,,,,,,,,,,,,,,SGB006,https://legendstory-production-s3-public.s3.amazonaws.com/media/cards/large/SGB006.webp,,,,,,,,,,,,,,,,,,,,,,,,,,,,,,,,,,,,,,,,,,,,,,
SGB007,SGB,Washed Up Wave,,,,,,,,,,,,,,,,,,,,,,,,,,,,,SGB007,https://legendstory-production-s3-public.s3.amazonaws.com/media/cards/large/SGB007.webp,,,,,,,,,,,,,,,,,,,,,,,,,,,,,,,,,,,,,,,,,,,,,,
SGB008,SGB,Mage Master Boots,,,,,,,,,,,,,,,,,,,,,,,,,,,,,SGB008,https://legendstory-production-s3-public.s3.amazonaws.com/media/cards/large/SGB008.webp,,,,,,,,,,,,,,,,,,,,,,,,,,,,,,,,,,,,,,,,,,,,,,
SGB009,SGB,Scuttle Toes,,,,,,,,,,,,,,,,,,,,,,,,,,,,,SGB009,https://legendstory-production-s3-public.s3.amazonaws.com/media/cards/large/SGB009.webp,,,,,,,,,,,,,,,,,,,,,,,,,,,,,,,,,,,,,,,,,,,,,,
SGB010,SGB,Battalion Barque,Red,1,,,,,,,,,,,,,,,,,,,,,,,,,,,SGB010,https://legendstory-production-s3-public.s3.amazonaws.com/media/cards/large/SGB010.webp,,,,,,,,,,,,,,,,,,,,,,,,,,,,,,,,,,,,,,,,,,,,,,
SGB011,SGB,Golden Tipple,Red,1,,,,,,,,,,,,,,,,,,,,,,,,,,,SGB011,https://legendstory-production-s3-public.s3.amazonaws.com/media/cards/large/SGB011.webp,,,,,,,,,,,,,,,,,,,,,,,,,,,,,,,,,,,,,,,,,,,,,,
SGB012,SGB,Saltwater Swell,Red,1,,,,,,,,,,,,,,,,,,,,,,,,,,,SGB012,https://legendstory-production-s3-public.s3.amazonaws.com/media/cards/large/SGB012.webp,,,,,,,,,,,,,,,,,,,,,,,,,,,,,,,,,,,,,,,,,,,,,,
SGB013,SGB,Swiftwater Sloop,Red,1,,,,,,,,,,,,,,,,,,,,,,,,,,,SGB013,https://legendstory-production-s3-public.s3.amazonaws.com/media/cards/large/SGB013.webp,,,,,,,,,,,,,,,,,,,,,,,,,,,,,,,,,,,,,,,,,,,,,,
SGB014,SGB,Golden Tipple,Yellow,2,,,,,,,,,,,,,,,,,,,,,,,,,,,SGB014,https://legendstory-production-s3-public.s3.amazonaws.com/media/cards/large/SGB014.webp,,,,,,,,,,,,,,,,,,,,,,,,,,,,,,,,,,,,,,,,,,,,,,
SGB015,SGB,Barnacle,Yellow,2,,,,,,,,,,,,,,,,,,,,,,,,,,,SGB015,https://legendstory-production-s3-public.s3.amazonaws.com/media/cards/large/SGB015.webp,,,,,,,,,,,,,,,,,,,,,,,,,,,,,,,,,,,,,,,,,,,,,,
SGB016,SGB,"Cutty Shark, Quick Clip",Yellow,2,,,,,,,,,,,,,,,,,,,,,,,,,,,SGB016,https://legendstory-production-s3-public.s3.amazonaws.com/media/cards/large/SGB016.webp,,,,,,,,,,,,,,,,,,,,,,,,,,,,,,,,,,,,,,,,,,,,,,
SGB017,SGB,"Limpit, Hop-a-long",Yellow,2,,,,,,,,,,,,,,,,,,,,,,,,,,,SGB017,https://legendstory-production-s3-public.s3.amazonaws.com/media/cards/large/SGB017.webp,,,,,,,,,,,,,,,,,,,,,,,,,,,,,,,,,,,,,,,,,,,,,,
SGB018,SGB,"Oysten, Heart of Gold",Yellow,2,,,,,,,,,,,,,,,,,,,,,,,,,,,SGB018,https://legendstory-production-s3-public.s3.amazonaws.com/media/cards/large/SGB018.webp,,,,,,,,,,,,,,,,,,,,,,,,,,,,,,,,,,,,,,,,,,,,,,
SGB019,SGB,Riggermortis,Yellow,2,,,,,,,,,,,,,,,,,,,,,,,,,,,SGB019,https://legendstory-production-s3-public.s3.amazonaws.com/media/cards/large/SGB019.webp,,,,,,,,,,,,,,,,,,,,,,,,,,,,,,,,,,,,,,,,,,,,,,
SGB020,SGB,Swabbie,Yellow,2,,,,,,,,,,,,,,,,,,,,,,,,,,,SGB020,https://legendstory-production-s3-public.s3.amazonaws.com/media/cards/large/SGB020.webp,,,,,,,,,,,,,,,,,,,,,,,,,,,,,,,,,,,,,,,,,,,,,,
SGB021,SGB,Back Alley Breakline,Blue,3,,,,,,,,,,,,,,,,,,,,,,,,,,,SGB021,https://legendstory-production-s3-public.s3.amazonaws.com/media/cards/large/SGB021.webp,,,,,,,,,,,,,,,,,,,,,,,,,,,,,,,,,,,,,,,,,,,,,,
SGB022,SGB,Golden Tipple,Blue,3,,,,,,,,,,,,,,,,,,,,,,,,,,,SGB022,https://legendstory-production-s3-public.s3.amazonaws.com/media/cards/large/SGB022.webp,,,,,,,,,,,,,,,,,,,,,,,,,,,,,,,,,,,,,,,,,,,,,,
SGB023,SGB,Jittery Bones,Blue,3,,,,,,,,,,,,,,,,,,,,,,,,,,,SGB023,https://legendstory-production-s3-public.s3.amazonaws.com/media/cards/large/SGB023.webp,,,,,,,,,,,,,,,,,,,,,,,,,,,,,,,,,,,,,,,,,,,,,,
SGB024,SGB,Murderous Rabble,Blue,3,,,,,,,,,,,,,,,,,,,,,,,,,,,SGB024,https://legendstory-production-s3-public.s3.amazonaws.com/media/cards/large/SGB024.webp,,,,,,,,,,,,,,,,,,,,,,,,,,,,,,,,,,,,,,,,,,,,,,
SGB025,SGB,Saltwater Swell,Blue,3,,,,,,,,,,,,,,,,,,,,,,,,,,,SGB025,https://legendstory-production-s3-public.s3.amazonaws.com/media/cards/large/SGB025.webp,,,,,,,,,,,,,,,,,,,,,,,,,,,,,,,,,,,,,,,,,,,,,,
SGB026,SGB,Swiftwater Sloop,Blue,3,,,,,,,,,,,,,,,,,,,,,,,,,,,SGB026,https://legendstory-production-s3-public.s3.amazonaws.com/media/cards/large/SGB026.webp,,,,,,,,,,,,,,,,,,,,,,,,,,,,,,,,,,,,,,,,,,,,,,
SGB027,SGB,Avast Ye!,Blue,3,,,,,,,,,,,,,,,,,,,,,,,,,,,SGB027,https://legendstory-production-s3-public.s3.amazonaws.com/media/cards/large/SGB027.webp,,,,,,,,,,,,,,,,,,,,,,,,,,,,,,,,,,,,,,,,,,,,,,
SGB028,SGB,Flying High,Blue,3,,,,,,,,,,,,,,,,,,,,,,,,,,,SGB028,https://legendstory-production-s3-public.s3.amazonaws.com/media/cards/large/SGB028.webp,,,,,,,,,,,,,,,,,,,,,,,,,,,,,,,,,,,,,,,,,,,,,,
SGB029,SGB,Loot the Arsenal,Blue,3,,,,,,,,,,,,,,,,,,,,,,,,,,,SGB029,https://legendstory-production-s3-public.s3.amazonaws.com/media/cards/large/SGB029.webp,,,,,,,,,,,,,,,,,,,,,,,,,,,,,,,,,,,,,,,,,,,,,,
SGB030,SGB,Loot the Hold,Blue,3,,,,,,,,,,,,,,,,,,,,,,,,,,,SGB030,https://legendstory-production-s3-public.s3.amazonaws.com/media/cards/large/SGB030.webp,,,,,,,,,,,,,,,,,,,,,,,,,,,,,,,,,,,,,,,,,,,,,,
SGB031,SGB,Portside Exchange,Blue,3,,,,,,,,,,,,,,,,,,,,,,,,,,,SGB031,https://legendstory-production-s3-public.s3.amazonaws.com/media/cards/large/SGB031.webp,,,,,,,,,,,,,,,,,,,,,,,,,,,,,,,,,,,,,,,,,,,,,,
SGB032,SGB,Timesnap Potion,Blue,3,,,,,,,,,,,,,,,,,,,,,,,,,,,SGB032,https://legendstory-production-s3-public.s3.amazonaws.com/media/cards/large/SGB032.webp,,,,,,,,,,,,,,,,,,,,,,,,,,,,,,,,,,,,,,,,,,,,,,
SGB033,SGB,Yo Ho Ho!,Blue,3,,,,,,,,,,,,,,,,,,,,,,,,,,,SGB033,https://legendstory-production-s3-public.s3.amazonaws.com/media/cards/large/SGB033.webp,,,,,,,,,,,,,,,,,,,,,,,,,,,,,,,,,,,,,,,,,,,,,,
SGB034,SGB,Throw Caution to the Wind,Blue,3,,,,,,,,,,,,,,,,,,,,,,,,,,,SGB034,https://legendstory-production-s3-public.s3.amazonaws.com/media/cards/large/SGB034.webp,,,,,,,,,,,,,,,,,,,,,,,,,,,,,,,,,,,,,,,,,,,,,,
SGB035,SGB,Gold,,,,,,,,,,,,,,,,,,,,,,,,,,,,,SGB035,https://legendstory-production-s3-public.s3.amazonaws.com/media/cards/large/SGB035.webp,,,,,,,,,,,,,,,,,,,,,,,,,,,,,,,,,,,,,,,,,,,,,,
SLY001,SLY,Lyath Goldmane,,,,,,,,,,,,,,,,,,,,,,,,,,,,,SLY001,https://legendstory-production-s3-public.s3.amazonaws.com/media/cards/large/SLY001.webp,,,,,,,,,,,,,,,,,,,,,,,,,,,,,,,,,,,,,,,,,,,,,,
SLY002,SLY,Titan's Fist,,,,,,,,,,,,,,,,,,,,,,,,,,,,,SLY002,https://legendstory-production-s3-public.s3.amazonaws.com/media/cards/large/SLY002.webp,,,,,,,,,,,,,,,,,,,,,,,,,,,,,,,,,,,,,,,,,,,,,,
SLY003,SLY,Arcane Lantern,,,,,,,,,,,,,,,,,,,,,,,,,,,,,SLY003,https://legendstory-production-s3-public.s3.amazonaws.com/media/cards/large/SLY003.webp,,,,,,,,,,,,,,,,,,,,,,,,,,,,,,,,,,,,,,,,,,,,,,
SLY004,SLY,Stonewall Impasse,,,,,,,,,,,,,,,,,,,,,,,,,,,,,SLY004,https://legendstory-production-s3-public.s3.amazonaws.com/media/cards/large/SLY004.webp,,,,,,,,,,,,,,,,,,,,,,,,,,,,,,,,,,,,,,,,,,,,,,
SLY005,SLY,Blade Beckoner Helm,,,,,,,,,,,,,,,,,,,,,,,,,,,,,SLY005,https://legendstory-production-s3-public.s3.amazonaws.com/media/cards/large/SLY005.webp,,,,,,,,,,,,,,,,,,,,,,,,,,,,,,,,,,,,,,,,,,,,,,
SLY006,SLY,Nullrune Hood,,,,,,,,,,,,,,,,,,,,,,,,,,,,,SLY006,https://legendstory-production-s3-public.s3.amazonaws.com/media/cards/large/SLY006.webp,,,,,,,,,,,,,,,,,,,,,,,,,,,,,,,,,,,,,,,,,,,,,,
SLY007,SLY,Blade Beckoner Plating,,,,,,,,,,,,,,,,,,,,,,,,,,,,,SLY007,https://legendstory-production-s3-public.s3.amazonaws.com/media/cards/large/SLY007.webp,,,,,,,,,,,,,,,,,,,,,,,,,,,,,,,,,,,,,,,,,,,,,,
SLY008,SLY,Nullrune Robe,,,,,,,,,,,,,,,,,,,,,,,,,,,,,SLY008,https://legendstory-production-s3-public.s3.amazonaws.com/media/cards/large/SLY008.webp,,,,,,,,,,,,,,,,,,,,,,,,,,,,,,,,,,,,,,,,,,,,,,
SLY009,SLY,Line Crossers,,,,,,,,,,,,,,,,,,,,,,,,,,,,,SLY009,https://legendstory-production-s3-public.s3.amazonaws.com/media/cards/large/SLY009.webp,,,,,,,,,,,,,,,,,,,,,,,,,,,,,,,,,,,,,,,,,,,,,,
SLY010,SLY,Stand Strong,,,,,,,,,,,,,,,,,,,,,,,,,,,,,SLY010,https://legendstory-production-s3-public.s3.amazonaws.com/media/cards/large/SLY010.webp,,,,,,,,,,,,,,,,,,,,,,,,,,,,,,,,,,,,,,,,,,,,,,
SLY011,SLY,Mocking Blow,Red,1,,,,,,,,,,,,,,,,,,,,,,,,,,,SLY011,https://legendstory-production-s3-public.s3.amazonaws.com/media/cards/large/SLY011.webp,,,,,,,,,,,,,,,,,,,,,,,,,,,,,,,,,,,,,,,,,,,,,,
SLY012,SLY,Drag Down,Red,1,,,,,,,,,,,,,,,,,,,,,,,,,,,SLY012,https://legendstory-production-s3-public.s3.amazonaws.com/media/cards/large/SLY012.webp,,,,,,,,,,,,,,,,,,,,,,,,,,,,,,,,,,,,,,,,,,,,,,
SLY013,SLY,Prime the Crowd,Red,1,,,,,,,,,,,,,,,,,,,,,,,,,,,SLY013,https://legendstory-production-s3-public.s3.amazonaws.com/media/cards/large/SLY013.webp,,,,,,,,,,,,,,,,,,,,,,,,,,,,,,,,,,,,,,,,,,,,,,
SLY014,SLY,Sadistic Scowl,Red,1,,,,,,,,,,,,,,,,,,,,,,,,,,,SLY014,https://legendstory-production-s3-public.s3.amazonaws.com/media/cards/large/SLY014.webp,,,,,,,,,,,,,,,,,,,,,,,,,,,,,,,,,,,,,,,,,,,,,,
SLY015,SLY,Villainous Pose,Red,1,,,,,,,,,,,,,,,,,,,,,,,,,,,SLY015,https://legendstory-production-s3-public.s3.amazonaws.com/media/cards/large/SLY015.webp,,,,,,,,,,,,,,,,,,,,,,,,,,,,,,,,,,,,,,,,,,,,,,
SLY016,SLY,Act of Glory,Red,1,,,,,,,,,,,,,,,,,,,,,,,,,,,SLY016,https://legendstory-production-s3-public.s3.amazonaws.com/media/cards/large/SLY016.webp,,,,,,,,,,,,,,,,,,,,,,,,,,,,,,,,,,,,,,,,,,,,,,
SLY017,SLY,Edge of Their Seats,Red,1,,,,,,,,,,,,,,,,,,,,,,,,,,,SLY017,https://legendstory-production-s3-public.s3.amazonaws.com/media/cards/large/SLY017.webp,,,,,,,,,,,,,,,,,,,,,,,,,,,,,,,,,,,,,,,,,,,,,,
SLY018,SLY,Tension in the Air,Red,1,,,,,,,,,,,,,,,,,,,,,,,,,,,SLY018,https://legendstory-production-s3-public.s3.amazonaws.com/media/cards/large/SLY018.webp,,,,,,,,,,,,,,,,,,,,,,,,,,,,,,,,,,,,,,,,,,,,,,
SLY019,SLY,Oasis Respite,Red,1,,,,,,,,,,,,,,,,,,,,,,,,,,,SLY019,https://legendstory-production-s3-public.s3.amazonaws.com/media/cards/large/SLY019.webp,,,,,,,,,,,,,,,,,,,,,,,,,,,,,,,,,,,,,,,,,,,,,,
SLY020,SLY,Mocking Blow,Yellow,2,,,,,,,,,,,,,,,,,,,,,,,,,,,SLY020,https://legendstory-production-s3-public.s3.amazonaws.com/media/cards/large/SLY020.webp,,,,,,,,,,,,,,,,,,,,,,,,,,,,,,,,,,,,,,,,,,,,,,
SLY021,SLY,Short Shrift,Yellow,2,,,,,,,,,,,,,,,,,,,,,,,,,,,SLY021,https://legendstory-production-s3-public.s3.amazonaws.com/media/cards/large/SLY021.webp,,,,,,,,,,,,,,,,,,,,,,,,,,,,,,,,,,,,,,,,,,,,,,
SLY022,SLY,Walk in My Shoes,Yellow,2,,,,,,,,,,,,,,,,,,,,,,,,,,,SLY022,https://legendstory-production-s3-public.s3.amazonaws.com/media/cards/large/SLY022.webp,,,,,,,,,,,,,,,,,,,,,,,,,,,,,,,,,,,,,,,,,,,,,,
SLY023,SLY,Wee Wrecking Ball,Yellow,2,,,,,,,,,,,,,,,,,,,,,,,,,,,SLY023,https://legendstory-production-s3-public.s3.amazonaws.com/media/cards/large/SLY023.webp,,,,,,,,,,,,,,,,,,,,,,,,,,,,,,,,,,,,,,,,,,,,,,
SLY024,SLY,Brothers in Arms,Blue,3,,,,,,,,,,,,,,,,,,,,,,,,,,,SLY024,https://legendstory-production-s3-public.s3.amazonaws.com/media/cards/large/SLY024.webp,,,,,,,,,,,,,,,,,,,,,,,,,,,,,,,,,,,,,,,,,,,,,,
SLY025,SLY,Full of Bravado,Blue,3,,,,,,,,,,,,,,,,,,,,,,,,,,,SLY025,https://legendstory-production-s3-public.s3.amazonaws.com/media/cards/large/SLY025.webp,,,,,,,,,,,,,,,,,,,,,,,,,,,,,,,,,,,,,,,,,,,,,,
SLY026,SLY,Goon Beatdown,Blue,3,,,,,,,,,,,,,,,,,,,,,,,,,,,SLY026,https://legendstory-production-s3-public.s3.amazonaws.com/media/cards/large/SLY026.webp,,,,,,,,,,,,,,,,,,,,,,,,,,,,,,,,,,,,,,,,,,,,,,
SLY027,SLY,Goon Tactics,Blue,3,,,,,,,,,,,,,,,,,,,,,,,,,,,SLY027,https://legendstory-production-s3-public.s3.amazonaws.com/media/cards/large/SLY027.webp,,,,,,,,,,,,,,,,,,,,,,,,,,,,,,,,,,,,,,,,,,,,,,
SLY028,SLY,Mocking Blow,Blue,3,,,,,,,,,,,,,,,,,,,,,,,,,,,SLY028,https://legendstory-production-s3-public.s3.amazonaws.com/media/cards/large/SLY028.webp,,,,,,,,,,,,,,,,,,,,,,,,,,,,,,,,,,,,,,,,,,,,,,
SLY029,SLY,Power Play,Blue,3,,,,,,,,,,,,,,,,,,,,,,,,,,,SLY029,https://legendstory-production-s3-public.s3.amazonaws.com/media/cards/large/SLY029.webp,,,,,,,,,,,,,,,,,,,,,,,,,,,,,,,,,,,,,,,,,,,,,,
SLY030,SLY,Booze!,Blue,3,,,,,,,,,,,,,,,,,,,,,,,,,,,SLY030,https://legendstory-production-s3-public.s3.amazonaws.com/media/cards/large/SLY030.webp,,,,,,,,,,,,,,,,,,,,,,,,,,,,,,,,,,,,,,,,,,,,,,
SLY031,SLY,Concealed Object,Blue,3,,,,,,,,,,,,,,,,,,,,,,,,,,,SLY031,https://legendstory-production-s3-public.s3.amazonaws.com/media/cards/large/SLY031.webp,,,,,,,,,,,,,,,,,,,,,,,,,,,,,,,,,,,,,,,,,,,,,,
SLY032,SLY,Edge of Their Seats,Blue,3,,,,,,,,,,,,,,,,,,,,,,,,,,,SLY032,https://legendstory-production-s3-public.s3.amazonaws.com/media/cards/large/SLY032.webp,,,,,,,,,,,,,,,,,,,,,,,,,,,,,,,,,,,,,,,,,,,,,,
SLY033,SLY,The Suspense is Killing Me,Blue,3,,,,,,,,,,,,,,,,,,,,,,,,,,,SLY033,https://legendstory-production-s3-public.s3.amazonaws.com/media/cards/large/SLY033.webp,,,,,,,,,,,,,,,,,,,,,,,,,,,,,,,,,,,,,,,,,,,,,,
SLY034,SLY,Confidence,,,,,,,,,,,,,,,,,,,,,,,,,,,,,SLY034,https://legendstory-production-s3-public.s3.amazonaws.com/media/cards/large/SLY034.webp,,,,,,,,,,,,,,,,,,,,,,,,,,,,,,,,,,,,,,,,,,,,,,
SLY035,SLY,Might,,,,,,,,,,,,,,,,,,,,,,,,,,,,,SLY035,https://legendstory-production-s3-public.s3.amazonaws.com/media/cards/large/SLY035.webp,,,,,,,,,,,,,,,,,,,,,,,,,,,,,,,,,,,,,,,,,,,,,,
,,,,,,,,,,,,,,,,,,,,,,,,,,,,,,,,,,,,,,,,,,,,,,,,,,,,,,,,,,,,,,,,,,,,,,,,,,,,,,
,,,,,,,,,,,,,,,,,,,,,,,,,,,,,,,,,,,,,,,,,,,,,,,,,,,,,,,,,,,,,,,,,,,,,,,,,,,,,,
,,,,,,,,,,,,,,,,,,,,,,,,,,,,,,,,,,,,,,,,,,,,,,,,,,,,,,,,,,,,,,,,,,,,,,,,,,,,,,
,,,,,,,,,,,,,,,,,,,,,,,,,,,,,,,,,,,,,,,,,,,,,,,,,,,,,,,,,,,,,,,,,,,,,,,,,,,,,,
,,,,,,,,,,,,,,,,,,,,,,,,,,,,,,,,,,,,,,,,,,,,,,,,,,,,,,,,,,,,,,,,,,,,,,,,,,,,,,
,,,,,,,,,,,,,,,,,,,,,,,,,,,,,,,,,,,,,,,,,,,,,,,,,,,,,,,,,,,,,,,,,,,,,,,,,,,,,,
,,,,,,,,,,,,,,,,,,,,,,,,,,,,,,,,,,,,,,,,,,,,,,,,,,,,,,,,,,,,,,,,,,,,,,,,,,,,,,
,,,,,,,,,,,,,,,,,,,,,,,,,,,,,,,,,,,,,,,,,,,,,,,,,,,,,,,,,,,,,,,,,,,,,,,,,,,,,,
,,,,,,,,,,,,,,,,,,,,,,,,,,,,,,,,,,,,,,,,,,,,,,,,,,,,,,,,,,,,,,,,,,,,,,,,,,,,,,
,,,,,,,,,,,,,,,,,,,,,,,,,,,,,,,,,,,,,,,,,,,,,,,,,,,,,,,,,,,,,,,,,,,,,,,,,,,,,,
,,,,,,,,,,,,,,,,,,,,,,,,,,,,,,,,,,,,,,,,,,,,,,,,,,,,,,,,,,,,,,,,,,,,,,,,,,,,,,
,,,,,,,,,,,,,,,,,,,,,,,,,,,,,,,,,,,,,,,,,,,,,,,,,,,,,,,,,,,,,,,,,,,,,,,,,,,,,,
,,,,,,,,,,,,,,,,,,,,,,,,,,,,,,,,,,,,,,,,,,,,,,,,,,,,,,,,,,,,,,,,,,,,,,,,,,,,,,
,,,,,,,,,,,,,,,,,,,,,,,,,,,,,,,,,,,,,,,,,,,,,,,,,,,,,,,,,,,,,,,,,,,,,,,,,,,,,,
,,,,,,,,,,,,,,,,,,,,,,,,,,,,,,,,,,,,,,,,,,,,,,,,,,,,,,,,,,,,,,,,,,,,,,,,,,,,,,
,,,,,,,,,,,,,,,,,,,,,,,,,,,,,,,,,,,,,,,,,,,,,,,,,,,,,,,,,,,,,,,,,,,,,,,,,,,,,,
,,,,,,,,,,,,,,,,,,,,,,,,,,,,,,,,,,,,,,,,,,,,,,,,,,,,,,,,,,,,,,,,,,,,,,,,,,,,,,
,,,,,,,,,,,,,,,,,,,,,,,,,,,,,,,,,,,,,,,,,,,,,,,,,,,,,,,,,,,,,,,,,,,,,,,,,,,,,,
,,,,,,,,,,,,,,,,,,,,,,,,,,,,,,,,,,,,,,,,,,,,,,,,,,,,,,,,,,,,,,,,,,,,,,,,,,,,,,
,,,,,,,,,,,,,,,,,,,,,,,,,,,,,,,,,,,,,,,,,,,,,,,,,,,,,,,,,,,,,,,,,,,,,,,,,,,,,,
,,,,,,,,,,,,,,,,,,,,,,,,,,,,,,,,,,,,,,,,,,,,,,,,,,,,,,,,,,,,,,,,,,,,,,,,,,,,,,
,,,,,,,,,,,,,,,,,,,,,,,,,,,,,,,,,,,,,,,,,,,,,,,,,,,,,,,,,,,,,,,,,,,,,,,,,,,,,,
,,,,,,,,,,,,,,,,,,,,,,,,,,,,,,,,,,,,,,,,,,,,,,,,,,,,,,,,,,,,,,,,,,,,,,,,,,,,,,
,,,,,,,,,,,,,,,,,,,,,,,,,,,,,,,,,,,,,,,,,,,,,,,,,,,,,,,,,,,,,,,,,,,,,,,,,,,,,,
,,,,,,,,,,,,,,,,,,,,,,,,,,,,,,,,,,,,,,,,,,,,,,,,,,,,,,,,,,,,,,,,,,,,,,,,,,,,,,
,,,,,,,,,,,,,,,,,,,,,,,,,,,,,,,,,,,,,,,,,,,,,,,,,,,,,,,,,,,,,,,,,,,,,,,,,,,,,,
,,,,,,,,,,,,,,,,,,,,,,,,,,,,,,,,,,,,,,,,,,,,,,,,,,,,,,,,,,,,,,,,,,,,,,,,,,,,,,
,,,,,,,,,,,,,,,,,,,,,,,,,,,,,,,,,,,,,,,,,,,,,,,,,,,,,,,,,,,,,,,,,,,,,,,,,,,,,,
,,,,,,,,,,,,,,,,,,,,,,,,,,,,,,,,,,,,,,,,,,,,,,,,,,,,,,,,,,,,,,,,,,,,,,,,,,,,,,
,,,,,,,,,,,,,,,,,,,,,,,,,,,,,,,,,,,,,,,,,,,,,,,,,,,,,,,,,,,,,,,,,,,,,,,,,,,,,,
,,,,,,,,,,,,,,,,,,,,,,,,,,,,,,,,,,,,,,,,,,,,,,,,,,,,,,,,,,,,,,,,,,,,,,,,,,,,,,
,,,,,,,,,,,,,,,,,,,,,,,,,,,,,,,,,,,,,,,,,,,,,,,,,,,,,,,,,,,,,,,,,,,,,,,,,,,,,,
,,,,,,,,,,,,,,,,,,,,,,,,,,,,,,,,,,,,,,,,,,,,,,,,,,,,,,,,,,,,,,,,,,,,,,,,,,,,,,
,,,,,,,,,,,,,,,,,,,,,,,,,,,,,,,,,,,,,,,,,,,,,,,,,,,,,,,,,,,,,,,,,,,,,,,,,,,,,,
,,,,,,,,,,,,,,,,,,,,,,,,,,,,,,,,,,,,,,,,,,,,,,,,,,,,,,,,,,,,,,,,,,,,,,,,,,,,,,
,,,,,,,,,,,,,,,,,,,,,,,,,,,,,,,,https://storage.googleapis.com/fabmaster/cardfaces//.png,,,,,,,,,,,,,,,,,,,,,,,,,,,,,,,,,,,,,,,,,,,,,,
,,,,,,,,,,,,,,,,,,,,,,,,,,,,,,,,https://storage.googleapis.com/fabmaster/cardfaces//.png,,,,,,,,,,,,,,,,,,,,,,,,,,,,,,,,,,,,,,,,,,,,,,
,,,,,,,,,,,,,,,,,,,,,,,,,,,,,,,,https://storage.googleapis.com/fabmaster/cardfaces//.png,,,,,,,,,,,,,,,,,,,,,,,,,,,,,,,,,,,,,,,,,,,,,,
,,,,,,,,,,,,,,,,,,,,,,,,,,,,,,,,https://storage.googleapis.com/fabmaster/cardfaces//.png,,,,,,,,,,,,,,,,,,,,,,,,,,,,,,,,,,,,,,,,,,,,,,
,,,,,,,,,,,,,,,,,,,,,,,,,,,,,,,,https://storage.googleapis.com/fabmaster/cardfaces//.png,,,,,,,,,,,,,,,,,,,,,,,,,,,,,,,,,,,,,,,,,,,,,,
,,,,,,,,,,,,,,,,,,,,,,,,,,,,,,,,https://storage.googleapis.com/fabmaster/cardfaces//.png,,,,,,,,,,,,,,,,,,,,,,,,,,,,,,,,,,,,,,,,,,,,,,
,,,,,,,,,,,,,,,,,,,,,,,,,,,,,,,,https://storage.googleapis.com/fabmaster/cardfaces//.png,,,,,,,,,,,,,,,,,,,,,,,,,,,,,,,,,,,,,,,,,,,,,,
,,,,,,,,,,,,,,,,,,,,,,,,,,,,,,,,https://storage.googleapis.com/fabmaster/cardfaces//.png,,,,,,,,,,,,,,,,,,,,,,,,,,,,,,,,,,,,,,,,,,,,,,
,,,,,,,,,,,,,,,,,,,,,,,,,,,,,,,,https://storage.googleapis.com/fabmaster/cardfaces//.png,,,,,,,,,,,,,,,,,,,,,,,,,,,,,,,,,,,,,,,,,,,,,,
,,,,,,,,,,,,,,,,,,,,,,,,,,,,,,,,https://storage.googleapis.com/fabmaster/cardfaces//.png,,,,,,,,,,,,,,,,,,,,,,,,,,,,,,,,,,,,,,,,,,,,,,
,,,,,,,,,,,,,,,,,,,,,,,,,,,,,,,,https://storage.googleapis.com/fabmaster/cardfaces//.png,,,,,,,,,,,,,,,,,,,,,,,,,,,,,,,,,,,,,,,,,,,,,,
,,,,,,,,,,,,,,,,,,,,,,,,,,,,,,,,https://storage.googleapis.com/fabmaster/cardfaces//.png,,,,,,,,,,,,,,,,,,,,,,,,,,,,,,,,,,,,,,,,,,,,,,
,,,,,,,,,,,,,,,,,,,,,,,,,,,,,,,,https://storage.googleapis.com/fabmaster/cardfaces//.png,,,,,,,,,,,,,,,,,,,,,,,,,,,,,,,,,,,,,,,,,,,,,,
,,,,,,,,,,,,,,,,,,,,,,,,,,,,,,,,https://storage.googleapis.com/fabmaster/cardfaces//.png,,,,,,,,,,,,,,,,,,,,,,,,,,,,,,,,,,,,,,,,,,,,,,
,,,,,,,,,,,,,,,,,,,,,,,,,,,,,,,,https://storage.googleapis.com/fabmaster/cardfaces//.png,,,,,,,,,,,,,,,,,,,,,,,,,,,,,,,,,,,,,,,,,,,,,,
,,,,,,,,,,,,,,,,,,,,,,,,,,,,,,,,https://storage.googleapis.com/fabmaster/cardfaces//.png,,,,,,,,,,,,,,,,,,,,,,,,,,,,,,,,,,,,,,,,,,,,,,
,,,,,,,,,,,,,,,,,,,,,,,,,,,,,,,,https://storage.googleapis.com/fabmaster/cardfaces//.png,,,,,,,,,,,,,,,,,,,,,,,,,,,,,,,,,,,,,,,,,,,,,,
,,,,,,,,,,,,,,,,,,,,,,,,,,,,,,,,https://storage.googleapis.com/fabmaster/cardfaces//.png,,,,,,,,,,,,,,,,,,,,,,,,,,,,,,,,,,,,,,,,,,,,,,
,,,,,,,,,,,,,,,,,,,,,,,,,,,,,,,,https://storage.googleapis.com/fabmaster/cardfaces//.png,,,,,,,,,,,,,,,,,,,,,,,,,,,,,,,,,,,,,,,,,,,,,,
,,,,,,,,,,,,,,,,,,,,,,,,,,,,,,,,https://storage.googleapis.com/fabmaster/cardfaces//.png,,,,,,,,,,,,,,,,,,,,,,,,,,,,,,,,,,,,,,,,,,,,,,
,,,,,,,,,,,,,,,,,,,,,,,,,,,,,,,,https://storage.googleapis.com/fabmaster/cardfaces//.png,,,,,,,,,,,,,,,,,,,,,,,,,,,,,,,,,,,,,,,,,,,,,,
,,,,,,,,,,,,,,,,,,,,,,,,,,,,,,,,https://storage.googleapis.com/fabmaster/cardfaces//.png,,,,,,,,,,,,,,,,,,,,,,,,,,,,,,,,,,,,,,,,,,,,,,
,,,,,,,,,,,,,,,,,,,,,,,,,,,,,,,,https://storage.googleapis.com/fabmaster/cardfaces//.png,,,,,,,,,,,,,,,,,,,,,,,,,,,,,,,,,,,,,,,,,,,,,,
,,,,,,,,,,,,,,,,,,,,,,,,,,,,,,,,https://storage.googleapis.com/fabmaster/cardfaces//.png,,,,,,,,,,,,,,,,,,,,,,,,,,,,,,,,,,,,,,,,,,,,,,
,,,,,,,,,,,,,,,,,,,,,,,,,,,,,,,,https://storage.googleapis.com/fabmaster/cardfaces//.png,,,,,,,,,,,,,,,,,,,,,,,,,,,,,,,,,,,,,,,,,,,,,,
,,,,,,,,,,,,,,,,,,,,,,,,,,,,,,,,https://storage.googleapis.com/fabmaster/cardfaces//.png,,,,,,,,,,,,,,,,,,,,,,,,,,,,,,,,,,,,,,,,,,,,,,
,,,,,,,,,,,,,,,,,,,,,,,,,,,,,,,,https://storage.googleapis.com/fabmaster/cardfaces//.png,,,,,,,,,,,,,,,,,,,,,,,,,,,,,,,,,,,,,,,,,,,,,,
,,,,,,,,,,,,,,,,,,,,,,,,,,,,,,,,https://storage.googleapis.com/fabmaster/cardfaces//.png,,,,,,,,,,,,,,,,,,,,,,,,,,,,,,,,,,,,,,,,,,,,,,
,,,,,,,,,,,,,,,,,,,,,,,,,,,,,,,,https://storage.googleapis.com/fabmaster/cardfaces//.png,,,,,,,,,,,,,,,,,,,,,,,,,,,,,,,,,,,,,,,,,,,,,,
,,,,,,,,,,,,,,,,,,,,,,,,,,,,,,,,https://storage.googleapis.com/fabmaster/cardfaces//.png,,,,,,,,,SEN031,,,,,,,,,,,,,,,,,,,,,,,,,,,,,,,,,,,,,
,,,,,,,,,,,,,,,,,,,,,,,,,,,,,,,,https://storage.googleapis.com/fabmaster/cardfaces//.png,,,,,,,,,,,,,,,,,,,,,,,,,,,,,,,,,,,,,,,,,,,,,,
,,,,,,,,,,,,,,,,,,,,,,,,,,,,,,,SEN031,https://storage.googleapis.com/fabmaster/cardfaces/SEN/SEN031_BACK.png,,,C,,,,,,SEN032,https://storage.googleapis.com/fabmaster/cardfaces/SEN/SEN032_BACK.png,,,C,,,,,,SEN033,https://storage.googleapis.com/fabmaster/cardfaces/SEN/SEN033_BACK.png,C,,,,,,SEN034,https://storage.googleapis.com/fabmaster/cardfaces/SEN/SEN034_BACK.png,C,,,,,,SEN035,https://storage.googleapis.com/fabmaster/cardfaces/SEN/SEN035_BACK.png,,,,,,,,,,
,,,,,,,,,,,,,,,,,,,,,,,,,,,,,,,,https://storage.googleapis.com/fabmaster/cardfaces//.png,,,,,,,,,,,,,,,,,,,,,,,,,,,,,,,,,,,,,,,,,,,,,,
,,,,,,,,,,,,,,,,,,,,,,,,,,,,,,,,https://storage.googleapis.com/fabmaster/cardfaces//.png,,,,,,,,,,,,,,,,,,,,,,,,,,,,,,,,,,,,,,,,,,,,,,
,,,,,,,,,,,,,,,,,,,,,,,,,,,,,,,,https://storage.googleapis.com/fabmaster/cardfaces//.png,,,,,,,,,,,,,,,,,,,,,,,,,,,,,,,,,,,,,,,,,,,,,,
,,,,,,,,,,,,,,,,,,,,,,,,,,,,,,,,https://storage.googleapis.com/fabmaster/cardfaces//.png,,,,,,,,,,,,,,,,,,,,,,,,,,,,,,,,,,,,,,,,,,,,,,
,,,,,,,,,,,,,,,,,,,,,,,,,,,,,,,,https://storage.googleapis.com/fabmaster/cardfaces//.png,,,,,,,,,,,,,,,,,,,,,,,,,,,,,,,,,,,,,,,,,,,,,,
,,,,,,,,,,,,,,,,,,,,,,,,,,,,,,,,https://storage.googleapis.com/fabmaster/cardfaces//.png,,,,,,,,,,,,,,,,,,,,,,,,,,,,,,,,,,,,,,,,,,,,,,
,,,,,,,,,,,,,,,,,,,,,,,,,,,,,,,,https://storage.googleapis.com/fabmaster/cardfaces//.png,,,,,,,,,,,,,,,,,,,,,,,,,,,,,,,,,,,,,,,,,,,,,,
,,,,,,,,,,,,,,,,,,,,,,,,,,,,,,,,https://storage.googleapis.com/fabmaster/cardfaces//.png,,,,,,,,,,,,,,,,,,,,,,,,,,,,,,,,,,,,,,,,,,,,,,
,,,,,,,,,,,,,,,,,,,,,,,,,,,,,,,,https://storage.googleapis.com/fabmaster/cardfaces//.png,,,,,,,,,,,,,,,,,,,,,,,,,,,,,,,,,,,,,,,,,,,,,,
,,,,,,,,,,,,,,,,,,,,,,,,,,,,,,,,https://storage.googleapis.com/fabmaster/cardfaces//.png,,,,,,,,,,,,,,,,,,,,,,,,,,,,,,,,,,,,,,,,,,,,,,
,,,,,,,,,,,,,,,,,,,,,,,,,,,,,,,,https://storage.googleapis.com/fabmaster/cardfaces//.png,,,,,,,,,,,,,,,,,,,,,,,,,,,,,,,,,,,,,,,,,,,,,,
,,,,,,,,,,,,,,,,,,,,,,,,,,,,,,,,https://storage.googleapis.com/fabmaster/cardfaces//.png,,,,,,,,,,,,,,,,,,,,,,,,,,,,,,,,,,,,,,,,,,,,,,
,,,,,,,,,,,,,,,,,,,,,,,,,,,,,,,,https://storage.googleapis.com/fabmaster/cardfaces//.png,,,,,,,,,,,,,,,,,,,,,,,,,,,,,,,,,,,,,,,,,,,,,,
,,,,,,,,,,,,,,,,,,,,,,,,,,,,,,,,https://storage.googleapis.com/fabmaster/cardfaces//.png,,,,,,,,,,,,,,,,,,,,,,,,,,,,,,,,,,,,,,,,,,,,,,
,,,,,,,,,,,,,,,,,,,,,,,,,,,,,,,,https://storage.googleapis.com/fabmaster/cardfaces//.png,,,,,,,,,,,,,,,,,,,,,,,,,,,,,,,,,,,,,,,,,,,,,,
,,,,,,,,,,,,,,,,,,,,,,,,,,,,,,,,https://storage.googleapis.com/fabmaster/cardfaces//.png,,,,,,,,,,,,,,,,,,,,,,,,,,,,,,,,,,,,,,,,,,,,,,
,,,,,,,,,,,,,,,,,,,,,,,,,,,,,,,,https://storage.googleapis.com/fabmaster/cardfaces//.png,,,,,,,,,,,,,,,,,,,,,,,,,,,,,,,,,,,,,,,,,,,,,,
,,,,,,,,,,,,,,,,,,,,,,,,,,,,,,,,https://storage.googleapis.com/fabmaster/cardfaces//.png,,,,,,,,,,,,,,,,,,,,,,,,,,,,,,,,,,,,,,,,,,,,,,
,,,,,,,,,,,,,,,,,,,,,,,,,,,,,,,,https://storage.googleapis.com/fabmaster/cardfaces//.png,,,,,,,,,,,,,,,,,,,,,,,,,,,,,,,,,,,,,,,,,,,,,,
,,,,,,,,,,,,,,,,,,,,,,,,,,,,,,,,https://storage.googleapis.com/fabmaster/cardfaces//.png,,,,,,,,,,,,,,,,,,,,,,,,,,,,,,,,,,,,,,,,,,,,,,
,,,,,,,,,,,,,,,,,,,,,,,,,,,,,,,,https://storage.googleapis.com/fabmaster/cardfaces//.png,,,,,,,,,,,,,,,,,,,,,,,,,,,,,,,,,,,,,,,,,,,,,,
,,,,,,,,,,,,,,,,,,,,,,,,,,,,,,,,https://storage.googleapis.com/fabmaster/cardfaces//.png,,,,,,,,,,,,,,,,,,,,,,,,,,,,,,,,,,,,,,,,,,,,,,
,,,,,,,,,,,,,,,,,,,,,,,,,,,,,,,,https://storage.googleapis.com/fabmaster/cardfaces//.png,,,,,,,,,,,,,,,,,,,,,,,,,,,,,,,,,,,,,,,,,,,,,,
,,,,,,,,,,,,,,,,,,,,,,,,,,,,,,,,https://storage.googleapis.com/fabmaster/cardfaces//.png,,,,,,,,,,,,,,,,,,,,,,,,,,,,,,,,,,,,,,,,,,,,,,
,,,,,,,,,,,,,,,,,,,,,,,,,,,,,,,,https://storage.googleapis.com/fabmaster/cardfaces//.png,,,,,,,,,,,,,,,,,,,,,,,,,,,,,,,,,,,,,,,,,,,,,,
,,,,,,,,,,,,,,,,,,,,,,,,,,,,,,,,https://storage.googleapis.com/fabmaster/cardfaces//.png,,,,,,,,,,,,,,,,,,,,,,,,,,,,,,,,,,,,,,,,,,,,,,
,,,,,,,,,,,,,,,,,,,,,,,,,,,,,,,,https://storage.googleapis.com/fabmaster/cardfaces//.png,,,,,,,,,,,,,,,,,,,,,,,,,,,,,,,,,,,,,,,,,,,,,,
,,,,,,,,,,,,,,,,,,,,,,,,,,,,,,,,https://storage.googleapis.com/fabmaster/cardfaces//.png,,,,,,,,,,,,,,,,,,,,,,,,,,,,,,,,,,,,,,,,,,,,,,
,,,,,,,,,,,,,,,,,,,,,,,,,,,,,,,,https://storage.googleapis.com/fabmaster/cardfaces//.png,,,,,,,,,,,,,,,,,,,,,,,,,,,,,,,,,,,,,,,,,,,,,,
,,,,,,,,,,,,,,,,,,,,,,,,,,,,,,,,https://storage.googleapis.com/fabmaster/cardfaces//.png,,,,,,,,,,,,,,,,,,,,,,,,,,,,,,,,,,,,,,,,,,,,,,
,,,,,,,,,,,,,,,,,,,,,,,,,,,,,,,,https://storage.googleapis.com/fabmaster/cardfaces//.png,,,,,,,,,,,,,,,,,,,,,,,,,,,,,,,,,,,,,,,,,,,,,,
,,,,,,,,,,,,,,,,,,,,,,,,,,,,,,,,https://storage.googleapis.com/fabmaster/cardfaces//.png,,,,,,,,,,,,,,,,,,,,,,,,,,,,,,,,,,,,,,,,,,,,,,
,,,,,,,,,,,,,,,,,,,,,,,,,,,,,,,,https://storage.googleapis.com/fabmaster/cardfaces//.png,,,,,,,,,,,,,,,,,,,,,,,,,,,,,,,,,,,,,,,,,,,,,,
,,,,,,,,,,,,,,,,,,,,,,,,,,,,,,,,https://storage.googleapis.com/fabmaster/cardfaces//.png,,,,,,,,,,,,,,,,,,,,,,,,,,,,,,,,,,,,,,,,,,,,,,
,,,,,,,,,,,,,,,,,,,,,,,,,,,,,,,,https://storage.googleapis.com/fabmaster/cardfaces//.png,,,,,,,,,,,,,,,,,,,,,,,,,,,,,,,,,,,,,,,,,,,,,,
,,,,,,,,,,,,,,,,,,,,,,,,,,,,,,,,https://storage.googleapis.com/fabmaster/cardfaces//.png,,,,,,,,,,,,,,,,,,,,,,,,,,,,,,,,,,,,,,,,,,,,,,
,,,,,,,,,,,,,,,,,,,,,,,,,,,,,,,,https://storage.googleapis.com/fabmaster/cardfaces//.png,,,,,,,,,,,,,,,,,,,,,,,,,,,,,,,,,,,,,,,,,,,,,,
,,,,,,,,,,,,,,,,,,,,,,,,,,,,,,,,https://storage.googleapis.com/fabmaster/cardfaces//.png,,,,,,,,,,,,,,,,,,,,,,,,,,,,,,,,,,,,,,,,,,,,,,
,,,,,,,,,,,,,,,,,,,,,,,,,,,,,,,,https://storage.googleapis.com/fabmaster/cardfaces//.png,,,,,,,,,,,,,,,,,,,,,,,,,,,,,,,,,,,,,,,,,,,,,,
,,,,,,,,,,,,,,,,,,,,,,,,,,,,,,,,https://storage.googleapis.com/fabmaster/cardfaces//.png,,,,,,,,,,,,,,,,,,,,,,,,,,,,,,,,,,,,,,,,,,,,,,
,,,,,,,,,,,,,,,,,,,,,,,,,,,,,,,,https://storage.googleapis.com/fabmaster/cardfaces//.png,,,,,,,,,,,,,,,,,,,,,,,,,,,,,,,,,,,,,,,,,,,,,,
,,,,,,,,,,,,,,,,,,,,,,,,,,,,,,,,https://storage.googleapis.com/fabmaster/cardfaces//.png,,,,,,,,,,,,,,,,,,,,,,,,,,,,,,,,,,,,,,,,,,,,,,
,,,,,,,,,,,,,,,,,,,,,,,,,,,,,,,,https://storage.googleapis.com/fabmaster/cardfaces//.png,,,,,,,,,,,,,,,,,,,,,,,,,,,,,,,,,,,,,,,,,,,,,,
,,,,,,,,,,,,,,,,,,,,,,,,,,,,,,,,https://storage.googleapis.com/fabmaster/cardfaces//.png,,,,,,,,,,,,,,,,,,,,,,,,,,,,,,,,,,,,,,,,,,,,,,
,,,,,,,,,,,,,,,,,,,,,,,,,,,,,,,,https://storage.googleapis.com/fabmaster/cardfaces//.png,,,,,,,,,,,,,,,,,,,,,,,,,,,,,,,,,,,,,,,,,,,,,,
,,,,,,,,,,,,,,,,,,,,,,,,,,,,,,,,https://storage.googleapis.com/fabmaster/cardfaces//.png,,,,,,,,,,,,,,,,,,,,,,,,,,,,,,,,,,,,,,,,,,,,,,
,,,,,,,,,,,,,,,,,,,,,,,,,,,,,,,,https://storage.googleapis.com/fabmaster/cardfaces//.png,,,,,,,,,,,,,,,,,,,,,,,,,,,,,,,,,,,,,,,,,,,,,,
,,,,,,,,,,,,,,,,,,,,,,,,,,,,,,,,https://storage.googleapis.com/fabmaster/cardfaces//.png,,,,,,,,,,,,,,,,,,,,,,,,,,,,,,,,,,,,,,,,,,,,,,
,,,,,,,,,,,,,,,,,,,,,,,,,,,,,,,,https://storage.googleapis.com/fabmaster/cardfaces//.png,,,,,,,,,,,,,,,,,,,,,,,,,,,,,,,,,,,,,,,,,,,,,,
,,,,,,,,,,,,,,,,,,,,,,,,,,,,,,,,https://storage.googleapis.com/fabmaster/cardfaces//.png,,,,,,,,,,,,,,,,,,,,,,,,,,,,,,,,,,,,,,,,,,,,,,
,,,,,,,,,,,,,,,,,,,,,,,,,,,,,,,,https://storage.googleapis.com/fabmaster/cardfaces//.png,,,,,,,,,,,,,,,,,,,,,,,,,,,,,,,,,,,,,,,,,,,,,,
,,,,,,,,,,,,,,,,,,,,,,,,,,,,,,,,https://storage.googleapis.com/fabmaster/cardfaces//.png,,,,,,,,,,,,,,,,,,,,,,,,,,,,,,,,,,,,,,,,,,,,,,
,,,,,,,,,,,,,,,,,,,,,,,,,,,,,,,,https://storage.googleapis.com/fabmaster/cardfaces//.png,,,,,,,,,,,,,,,,,,,,,,,,,,,,,,,,,,,,,,,,,,,,,,
,,,,,,,,,,,,,,,,,,,,,,,,,,,,,,,,https://storage.googleapis.com/fabmaster/cardfaces//.png,,,,,,,,,,,,,,,,,,,,,,,,,,,,,,,,,,,,,,,,,,,,,,
,,,,,,,,,,,,,,,,,,,,,,,,,,,,,,,,https://storage.googleapis.com/fabmaster/cardfaces//.png,,,,,,,,,,,,,,,,,,,,,,,,,,,,,,,,,,,,,,,,,,,,,,
,,,,,,,,,,,,,,,,,,,,,,,,,,,,,,,,https://storage.googleapis.com/fabmaster/cardfaces//.png,,,,,,,,,,,,,,,,,,,,,,,,,,,,,,,,,,,,,,,,,,,,,,
,,,,,,,,,,,,,,,,,,,,,,,,,,,,,,,,https://storage.googleapis.com/fabmaster/cardfaces//.png,,,,,,,,,,,,,,,,,,,,,,,,,,,,,,,,,,,,,,,,,,,,,,
,,,,,,,,,,,,,,,,,,,,,,,,,,,,,,,,https://storage.googleapis.com/fabmaster/cardfaces//.png,,,,,,,,,,,,,,,,,,,,,,,,,,,,,,,,,,,,,,,,,,,,,,
,,,,,,,,,,,,,,,,,,,,,,,,,,,,,,,,https://storage.googleapis.com/fabmaster/cardfaces//.png,,,,,,,,,,,,,,,,,,,,,,,,,,,,,,,,,,,,,,,,,,,,,,
,,,,,,,,,,,,,,,,,,,,,,,,,,,,,,,,https://storage.googleapis.com/fabmaster/cardfaces//.png,,,,,,,,,,,,,,,,,,,,,,,,,,,,,,,,,,,,,,,,,,,,,,
,,,,,,,,,,,,,,,,,,,,,,,,,,,,,,,,https://storage.googleapis.com/fabmaster/cardfaces//.png,,,,,,,,,,,,,,,,,,,,,,,,,,,,,,,,,,,,,,,,,,,,,,
,,,,,,,,,,,,,,,,,,,,,,,,,,,,,,,,https://storage.googleapis.com/fabmaster/cardfaces//.png,,,,,,,,,,,,,,,,,,,,,,,,,,,,,,,,,,,,,,,,,,,,,,
,,,,,,,,,,,,,,,,,,,,,,,,,,,,,,,,https://storage.googleapis.com/fabmaster/cardfaces//.png,,,,,,,,,,,,,,,,,,,,,,,,,,,,,,,,,,,,,,,,,,,,,,
,,,,,,,,,,,,,,,,,,,,,,,,,,,,,,,,https://storage.googleapis.com/fabmaster/cardfaces//.png,,,,,,,,,,,,,,,,,,,,,,,,,,,,,,,,,,,,,,,,,,,,,,
,,,,,,,,,,,,,,,,,,,,,,,,,,,,,,,,https://storage.googleapis.com/fabmaster/cardfaces//.png,,,,,,,,,,,,,,,,,,,,,,,,,,,,,,,,,,,,,,,,,,,,,,
,,,,,,,,,,,,,,,,,,,,,,,,,,,,,,,,https://storage.googleapis.com/fabmaster/cardfaces//.png,,,,,,,,,,,,,,,,,,,,,,,,,,,,,,,,,,,,,,,,,,,,,,
,,,,,,,,,,,,,,,,,,,,,,,,,,,,,,,,https://storage.googleapis.com/fabmaster/cardfaces//.png,,,,,,,,,,,,,,,,,,,,,,,,,,,,,,,,,,,,,,,,,,,,,,
,,,,,,,,,,,,,,,,,,,,,,,,,,,,,,,,https://storage.googleapis.com/fabmaster/cardfaces//.png,,,,,,,,,,,,,,,,,,,,,,,,,,,,,,,,,,,,,,,,,,,,,,
,,,,,,,,,,,,,,,,,,,,,,,,,,,,,,,,https://storage.googleapis.com/fabmaster/cardfaces//.png,,,,,,,,,,,,,,,,,,,,,,,,,,,,,,,,,,,,,,,,,,,,,,
,,,,,,,,,,,,,,,,,,,,,,,,,,,,,,,,https://storage.googleapis.com/fabmaster/cardfaces//.png,,,,,,,,,,,,,,,,,,,,,,,,,,,,,,,,,,,,,,,,,,,,,,
,,,,,,,,,,,,,,,,,,,,,,,,,,,,,,,,https://storage.googleapis.com/fabmaster/cardfaces//.png,,,,,,,,,,,,,,,,,,,,,,,,,,,,,,,,,,,,,,,,,,,,,,
,,,,,,,,,,,,,,,,,,,,,,,,,,,,,,,,https://storage.googleapis.com/fabmaster/cardfaces//.png,,,,,,,,,,,,,,,,,,,,,,,,,,,,,,,,,,,,,,,,,,,,,,
,,,,,,,,,,,,,,,,,,,,,,,,,,,,,,,,https://storage.googleapis.com/fabmaster/cardfaces//.png,,,,,,,,,,,,,,,,,,,,,,,,,,,,,,,,,,,,,,,,,,,,,,
,,,,,,,,,,,,,,,,,,,,,,,,,,,,,,,,https://storage.googleapis.com/fabmaster/cardfaces//.png,,,,,,,,,,,,,,,,,,,,,,,,,,,,,,,,,,,,,,,,,,,,,,
,,,,,,,,,,,,,,,,,,,,,,,,,,,,,,,,https://storage.googleapis.com/fabmaster/cardfaces//.png,,,,,,,,,,,,,,,,,,,,,,,,,,,,,,,,,,,,,,,,,,,,,,
,,,,,,,,,,,,,,,,,,,,,,,,,,,,,,,,https://storage.googleapis.com/fabmaster/cardfaces//.png,,,,,,,,,,,,,,,,,,,,,,,,,,,,,,,,,,,,,,,,,,,,,,
,,,,,,,,,,,,,,,,,,,,,,,,,,,,,,,,https://storage.googleapis.com/fabmaster/cardfaces//.png,,,,,,,,,,,,,,,,,,,,,,,,,,,,,,,,,,,,,,,,,,,,,,
,,,,,,,,,,,,,,,,,,,,,,,,,,,,,,,,https://storage.googleapis.com/fabmaster/cardfaces//.png,,,,,,,,,,,,,,,,,,,,,,,,,,,,,,,,,,,,,,,,,,,,,,
,,,,,,,,,,,,,,,,,,,,,,,,,,,,,,,,https://storage.googleapis.com/fabmaster/cardfaces//.png,,,,,,,,,,,,,,,,,,,,,,,,,,,,,,,,,,,,,,,,,,,,,,
,,,,,,,,,,,,,,,,,,,,,,,,,,,,,,,,https://storage.googleapis.com/fabmaster/cardfaces//.png,,,,,,,,,,,,,,,,,,,,,,,,,,,,,,,,,,,,,,,,,,,,,,
,,,,,,,,,,,,,,,,,,,,,,,,,,,,,,,,https://storage.googleapis.com/fabmaster/cardfaces//.png,,,,,,,,,,,,,,,,,,,,,,,,,,,,,,,,,,,,,,,,,,,,,,
,,,,,,,,,,,,,,,,,,,,,,,,,,,,,,,,https://storage.googleapis.com/fabmaster/cardfaces//.png,,,,,,,,,,,,,,,,,,,,,,,,,,,,,,,,,,,,,,,,,,,,,,
,,,,,,,,,,,,,,,,,,,,,,,,,,,,,,,,https://storage.googleapis.com/fabmaster/cardfaces//.png,,,,,,,,,,,,,,,,,,,,,,,,,,,,,,,,,,,,,,,,,,,,,,
,,,,,,,,,,,,,,,,,,,,,,,,,,,,,,,,https://storage.googleapis.com/fabmaster/cardfaces//.png,,,,,,,,,,,,,,,,,,,,,,,,,,,,,,,,,,,,,,,,,,,,,,
,,,,,,,,,,,,,,,,,,,,,,,,,,,,,,,,https://storage.googleapis.com/fabmaster/cardfaces//.png,,,,,,,,,,,,,,,,,,,,,,,,,,,,,,,,,,,,,,,,,,,,,,
,,,,,,,,,,,,,,,,,,,,,,,,,,,,,,,,https://storage.googleapis.com/fabmaster/cardfaces//.png,,,,,,,,,,,,,,,,,,,,,,,,,,,,,,,,,,,,,,,,,,,,,,
,,,,,,,,,,,,,,,,,,,,,,,,,,,,,,,,https://storage.googleapis.com/fabmaster/cardfaces//.png,,,,,,,,,,,,,,,,,,,,,,,,,,,,,,,,,,,,,,,,,,,,,,
,,,,,,,,,,,,,,,,,,,,,,,,,,,,,,,,https://storage.googleapis.com/fabmaster/cardfaces//.png,,,,,,,,,,,,,,,,,,,,,,,,,,,,,,,,,,,,,,,,,,,,,,
,,,,,,,,,,,,,,,,,,,,,,,,,,,,,,,,https://storage.googleapis.com/fabmaster/cardfaces//.png,,,,,,,,,,,,,,,,,,,,,,,,,,,,,,,,,,,,,,,,,,,,,,
,,,,,,,,,,,,,,,,,,,,,,,,,,,,,,,,https://storage.googleapis.com/fabmaster/cardfaces//.png,,,,,,,,,,,,,,,,,,,,,,,,,,,,,,,,,,,,,,,,,,,,,,
,,,,,,,,,,,,,,,,,,,,,,,,,,,,,,,,https://storage.googleapis.com/fabmaster/cardfaces//.png,,,,,,,,,,,,,,,,,,,,,,,,,,,,,,,,,,,,,,,,,,,,,,
,,,,,,,,,,,,,,,,,,,,,,,,,,,,,,,,https://storage.googleapis.com/fabmaster/cardfaces//.png,,,,,,,,,,,,,,,,,,,,,,,,,,,,,,,,,,,,,,,,,,,,,,
,,,,,,,,,,,,,,,,,,,,,,,,,,,,,,,,https://storage.googleapis.com/fabmaster/cardfaces//.png,,,,,,,,,,,,,,,,,,,,,,,,,,,,,,,,,,,,,,,,,,,,,,
,,,,,,,,,,,,,,,,,,,,,,,,,,,,,,,,https://storage.googleapis.com/fabmaster/cardfaces//.png,,,,,,,,,,,,,,,,,,,,,,,,,,,,,,,,,,,,,,,,,,,,,,
,,,,,,,,,,,,,,,,,,,,,,,,,,,,,,,,https://storage.googleapis.com/fabmaster/cardfaces//.png,,,,,,,,,,,,,,,,,,,,,,,,,,,,,,,,,,,,,,,,,,,,,,
,,,,,,,,,,,,,,,,,,,,,,,,,,,,,,,,https://storage.googleapis.com/fabmaster/cardfaces//.png,,,,,,,,,,,,,,,,,,,,,,,,,,,,,,,,,,,,,,,,,,,,,,
,,,,,,,,,,,,,,,,,,,,,,,,,,,,,,,,https://storage.googleapis.com/fabmaster/cardfaces//.png,,,,,,,,,,,,,,,,,,,,,,,,,,,,,,,,,,,,,,,,,,,,,,
,,,,,,,,,,,,,,,,,,,,,,,,,,,,,,,,https://storage.googleapis.com/fabmaster/cardfaces//.png,,,,,,,,,,,,,,,,,,,,,,,,,,,,,,,,,,,,,,,,,,,,,,
,,,,,,,,,,,,,,,,,,,,,,,,,,,,,,,,https://storage.googleapis.com/fabmaster/cardfaces//.png,,,,,,,,,,,,,,,,,,,,,,,,,,,,,,,,,,,,,,,,,,,,,,
,,,,,,,,,,,,,,,,,,,,,,,,,,,,,,,,https://storage.googleapis.com/fabmaster/cardfaces//.png,,,,,,,,,,,,,,,,,,,,,,,,,,,,,,,,,,,,,,,,,,,,,,
,,,,,,,,,,,,,,,,,,,,,,,,,,,,,,,,https://storage.googleapis.com/fabmaster/cardfaces//.png,,,,,,,,,,,,,,,,,,,,,,,,,,,,,,,,,,,,,,,,,,,,,,
,,,,,,,,,,,,,,,,,,,,,,,,,,,,,,,,https://storage.googleapis.com/fabmaster/cardfaces//.png,,,,,,,,,,,,,,,,,,,,,,,,,,,,,,,,,,,,,,,,,,,,,,
,,,,,,,,,,,,,,,,,,,,,,,,,,,,,,,,https://storage.googleapis.com/fabmaster/cardfaces//.png,,,,,,,,,,,,,,,,,,,,,,,,,,,,,,,,,,,,,,,,,,,,,,
,,,,,,,,,,,,,,,,,,,,,,,,,,,,,,,,https://storage.googleapis.com/fabmaster/cardfaces//.png,,,,,,,,,,,,,,,,,,,,,,,,,,,,,,,,,,,,,,,,,,,,,,
,,,,,,,,,,,,,,,,,,,,,,,,,,,,,,,,https://storage.googleapis.com/fabmaster/cardfaces//.png,,,,,,,,,,,,,,,,,,,,,,,,,,,,,,,,,,,,,,,,,,,,,,
,,,,,,,,,,,,,,,,,,,,,,,,,,,,,,,,https://storage.googleapis.com/fabmaster/cardfaces//.png,,,,,,,,,,,,,,,,,,,,,,,,,,,,,,,,,,,,,,,,,,,,,,
,,,,,,,,,,,,,,,,,,,,,,,,,,,,,,,,https://storage.googleapis.com/fabmaster/cardfaces//.png,,,,,,,,,,,,,,,,,,,,,,,,,,,,,,,,,,,,,,,,,,,,,,
,,,,,,,,,,,,,,,,,,,,,,,,,,,,,,,,https://storage.googleapis.com/fabmaster/cardfaces//.png,,,,,,,,,,,,,,,,,,,,,,,,,,,,,,,,,,,,,,,,,,,,,,
,,,,,,,,,,,,,,,,,,,,,,,,,,,,,,,,https://storage.googleapis.com/fabmaster/cardfaces//.png,,,,,,,,,,,,,,,,,,,,,,,,,,,,,,,,,,,,,,,,,,,,,,
,,,,,,,,,,,,,,,,,,,,,,,,,,,,,,,,https://storage.googleapis.com/fabmaster/cardfaces//.png,,,,,,,,,,,,,,,,,,,,,,,,,,,,,,,,,,,,,,,,,,,,,,
,,,,,,,,,,,,,,,,,,,,,,,,,,,,,,,,https://storage.googleapis.com/fabmaster/cardfaces//.png,,,,,,,,,,,,,,,,,,,,,,,,,,,,,,,,,,,,,,,,,,,,,,
,,,,,,,,,,,,,,,,,,,,,,,,,,,,,,,,https://storage.googleapis.com/fabmaster/cardfaces//.png,,,,,,,,,,,,,,,,,,,,,,,,,,,,,,,,,,,,,,,,,,,,,,
,,,,,,,,,,,,,,,,,,,,,,,,,,,,,,,,https://storage.googleapis.com/fabmaster/cardfaces//.png,,,,,,,,,,,,,,,,,,,,,,,,,,,,,,,,,,,,,,,,,,,,,,
,,,,,,,,,,,,,,,,,,,,,,,,,,,,,,,,https://storage.googleapis.com/fabmaster/cardfaces//.png,,,,,,,,,,,,,,,,,,,,,,,,,,,,,,,,,,,,,,,,,,,,,,
,,,,,,,,,,,,,,,,,,,,,,,,,,,,,,,,https://storage.googleapis.com/fabmaster/cardfaces//.png,,,,,,,,,,,,,,,,,,,,,,,,,,,,,,,,,,,,,,,,,,,,,,
,,,,,,,,,,,,,,,,,,,,,,,,,,,,,,,,https://storage.googleapis.com/fabmaster/cardfaces//.png,,,,,,,,,,,,,,,,,,,,,,,,,,,,,,,,,,,,,,,,,,,,,,
,,,,,,,,,,,,,,,,,,,,,,,,,,,,,,,,https://storage.googleapis.com/fabmaster/cardfaces//.png,,,,,,,,,,,,,,,,,,,,,,,,,,,,,,,,,,,,,,,,,,,,,,
,,,,,,,,,,,,,,,,,,,,,,,,,,,,,,,,https://storage.googleapis.com/fabmaster/cardfaces//.png,,,,,,,,,,,,,,,,,,,,,,,,,,,,,,,,,,,,,,,,,,,,,,
,,,,,,,,,,,,,,,,,,,,,,,,,,,,,,,,https://storage.googleapis.com/fabmaster/cardfaces//.png,,,,,,,,,,,,,,,,,,,,,,,,,,,,,,,,,,,,,,,,,,,,,,
,,,,,,,,,,,,,,,,,,,,,,,,,,,,,,,,https://storage.googleapis.com/fabmaster/cardfaces//.png,,,,,,,,,,,,,,,,,,,,,,,,,,,,,,,,,,,,,,,,,,,,,,
,,,,,,,,,,,,,,,,,,,,,,,,,,,,,,,,https://storage.googleapis.com/fabmaster/cardfaces//.png,,,,,,,,,,,,,,,,,,,,,,,,,,,,,,,,,,,,,,,,,,,,,,
,,,,,,,,,,,,,,,,,,,,,,,,,,,,,,,,https://storage.googleapis.com/fabmaster/cardfaces//.png,,,,,,,,,,,,,,,,,,,,,,,,,,,,,,,,,,,,,,,,,,,,,,
,,,,,,,,,,,,,,,,,,,,,,,,,,,,,,,,https://storage.googleapis.com/fabmaster/cardfaces//.png,,,,,,,,,,,,,,,,,,,,,,,,,,,,,,,,,,,,,,,,,,,,,,
,,,,,,,,,,,,,,,,,,,,,,,,,,,,,,,,https://storage.googleapis.com/fabmaster/cardfaces//.png,,,,,,,,,,,,,,,,,,,,,,,,,,,,,,,,,,,,,,,,,,,,,,
,,,,,,,,,,,,,,,,,,,,,,,,,,,,,,,,https://storage.googleapis.com/fabmaster/cardfaces//.png,,,,,,,,,,,,,,,,,,,,,,,,,,,,,,,,,,,,,,,,,,,,,,
,,,,,,,,,,,,,,,,,,,,,,,,,,,,,,,,https://storage.googleapis.com/fabmaster/cardfaces//.png,,,,,,,,,,,,,,,,,,,,,,,,,,,,,,,,,,,,,,,,,,,,,,
,,,,,,,,,,,,,,,,,,,,,,,,,,,,,,,,https://storage.googleapis.com/fabmaster/cardfaces//.png,,,,,,,,,,,,,,,,,,,,,,,,,,,,,,,,,,,,,,,,,,,,,,
,,,,,,,,,,,,,,,,,,,,,,,,,,,,,,,,https://storage.googleapis.com/fabmaster/cardfaces//.png,,,,,,,,,,,,,,,,,,,,,,,,,,,,,,,,,,,,,,,,,,,,,,
,,,,,,,,,,,,,,,,,,,,,,,,,,,,,,,,https://storage.googleapis.com/fabmaster/cardfaces//.png,,,,,,,,,,,,,,,,,,,,,,,,,,,,,,,,,,,,,,,,,,,,,,
,,,,,,,,,,,,,,,,,,,,,,,,,,,,,,,,https://storage.googleapis.com/fabmaster/cardfaces//.png,,,,,,,,,,,,,,,,,,,,,,,,,,,,,,,,,,,,,,,,,,,,,,
,,,,,,,,,,,,,,,,,,,,,,,,,,,,,,,,https://storage.googleapis.com/fabmaster/cardfaces//.png,,,,,,,,,,,,,,,,,,,,,,,,,,,,,,,,,,,,,,,,,,,,,,
,,,,,,,,,,,,,,,,,,,,,,,,,,,,,,,,https://storage.googleapis.com/fabmaster/cardfaces//.png,,,,,,,,,,,,,,,,,,,,,,,,,,,,,,,,,,,,,,,,,,,,,,
,,,,,,,,,,,,,,,,,,,,,,,,,,,,,,,,https://storage.googleapis.com/fabmaster/cardfaces//.png,,,,,,,,,,,,,,,,,,,,,,,,,,,,,,,,,,,,,,,,,,,,,,
,,,,,,,,,,,,,,,,,,,,,,,,,,,,,,,,https://storage.googleapis.com/fabmaster/cardfaces//.png,,,,,,,,,,,,,,,,,,,,,,,,,,,,,,,,,,,,,,,,,,,,,,
,,,,,,,,,,,,,,,,,,,,,,,,,,,,,,,,https://storage.googleapis.com/fabmaster/cardfaces//.png,,,,,,,,,,,,,,,,,,,,,,,,,,,,,,,,,,,,,,,,,,,,,,
,,,,,,,,,,,,,,,,,,,,,,,,,,,,,,,,https://storage.googleapis.com/fabmaster/cardfaces//.png,,,,,,,,,,,,,,,,,,,,,,,,,,,,,,,,,,,,,,,,,,,,,,
,,,,,,,,,,,,,,,,,,,,,,,,,,,,,,,,https://storage.googleapis.com/fabmaster/cardfaces//.png,,,,,,,,,,,,,,,,,,,,,,,,,,,,,,,,,,,,,,,,,,,,,,
,,,,,,,,,,,,,,,,,,,,,,,,,,,,,,,,https://storage.googleapis.com/fabmaster/cardfaces//.png,,,,,,,,,,,,,,,,,,,,,,,,,,,,,,,,,,,,,,,,,,,,,,
,,,,,,,,,,,,,,,,,,,,,,,,,,,,,,,,https://storage.googleapis.com/fabmaster/cardfaces//.png,,,,,,,,,,,,,,,,,,,,,,,,,,,,,,,,,,,,,,,,,,,,,,
,,,,,,,,,,,,,,,,,,,,,,,,,,,,,,,,https://storage.googleapis.com/fabmaster/cardfaces//.png,,,,,,,,,,,,,,,,,,,,,,,,,,,,,,,,,,,,,,,,,,,,,,
,,,,,,,,,,,,,,,,,,,,,,,,,,,,,,,,https://storage.googleapis.com/fabmaster/cardfaces//.png,,,,,,,,,,,,,,,,,,,,,,,,,,,,,,,,,,,,,,,,,,,,,,
,,,,,,,,,,,,,,,,,,,,,,,,,,,,,,,,https://storage.googleapis.com/fabmaster/cardfaces//.png,,,,,,,,,,,,,,,,,,,,,,,,,,,,,,,,,,,,,,,,,,,,,,
,,,,,,,,,,,,,,,,,,,,,,,,,,,,,,,,https://storage.googleapis.com/fabmaster/cardfaces//.png,,,,,,,,,,,,,,,,,,,,,,,,,,,,,,,,,,,,,,,,,,,,,,
,,,,,,,,,,,,,,,,,,,,,,,,,,,,,,,,https://storage.googleapis.com/fabmaster/cardfaces//.png,,,,,,,,,,,,,,,,,,,,,,,,,,,,,,,,,,,,,,,,,,,,,,
,,,,,,,,,,,,,,,,,,,,,,,,,,,,,,,,https://storage.googleapis.com/fabmaster/cardfaces//.png,,,,,,,,,,,,,,,,,,,,,,,,,,,,,,,,,,,,,,,,,,,,,,
,,,,,,,,,,,,,,,,,,,,,,,,,,,,,,,,https://storage.googleapis.com/fabmaster/cardfaces//.png,,,,,,,,,,,,,,,,,,,,,,,,,,,,,,,,,,,,,,,,,,,,,,
,,,,,,,,,,,,,,,,,,,,,,,,,,,,,,,,https://storage.googleapis.com/fabmaster/cardfaces//.png,,,,,,,,,,,,,,,,,,,,,,,,,,,,,,,,,,,,,,,,,,,,,,
,,,,,,,,,,,,,,,,,,,,,,,,,,,,,,,,https://storage.googleapis.com/fabmaster/cardfaces//.png,,,,,,,,,,,,,,,,,,,,,,,,,,,,,,,,,,,,,,,,,,,,,,