Identifiers,Set Identifiers,Name,Color,Pitch,Cost,Power,Defense,Life,Intelligence,Arcane,Types,Traits,Card Keywords,Abilities and Effects,Ability and Effect Keywords,Granted Keywords,Removed Keywords,Interacts with Keywords,Functional Text,Type Text,Card Played Horizontally,Blitz Legal,CC Legal,Commoner Legal,LL Legal,Rarity,Foiling,Art Variations,Artists,Expansion Slot,Flavor Text,Identifier,Image URL,TCGPlayer Product Id,TCGPlayer Url,Rarity 2,Foiling 2,Art Variations 2,Artists 2,Expansion Slot 2,Flavor Text 2,Identifier 2,Image URL 2,TCGPlayer Product Id 2,TCGPlayer Url 2,Rarity 3,Foiling 3,Art Variations 3,Artists 3,Expansion Slot 3,Flavor Text 3,Identifier 3,Image URL 3
SUP000,SUP,,,,,,,,,,,,,,,,,,,,,,,,,,,,,,,SUP000,https://storage.googleapis.com/cardfaces/2025-SUP/EN/SUP000.png,,,,,,,,,,,,,,,,,,,,
SUP001,SUP,"Tuffnut, Bumbling Hulkster",,,,,,40,3,,"Revered, Brute, Hero",,,Instant,The Crowd Cheers,,,,"**Instant** - {t}: Pitch the top card of your deck. If it has 6 or more {p}, **the crowd cheers** you.

Whenever the crowd cheers you, create a Toughness token.",Revered Brute Hero,,No,,No,,B,,,Wisnu Tan,,,SUP001,https://storage.googleapis.com/cardfaces/2025-SUP/EN/SUP001.png,,,V,C,FA,Wisnu Tan,,,SUP001,https://storage.googleapis.com/cardfaces/2025-SUP/EN/SUP001_V2.png,,,V,C,FA,Wisnu Tan,,,SUP001,https://storage.googleapis.com/cardfaces/2025-SUP/EN/SUP001_V2_BACK.png
SUP002,SUP,Tuffnut,,,,,,20,3,,"Revered, Brute, Hero, Young",,,Instant,The Crowd Cheers,,,,"**Instant** - {t}: Pitch the top card of your deck. If it has 6 or more {p}, **the crowd cheers** you.

Whenever the crowd cheers you, create a Toughness token.",Revered Brute Hero - Young,,,No,,No,B,,,Wisnu Tan,,,SUP002,https://storage.googleapis.com/cardfaces/2025-SUP/EN/SUP002.png,,,,,,,,,,,,,,,,,,,,
SUP003,SUP,,,,,,,,,,,,,,,,,,,,,,,,,,,,,,,SUP003,https://storage.googleapis.com/cardfaces/2025-SUP/EN/SUP003.png,,,,,,,,,,,,,,,,,,,,
SUP004,SUP,,,,,,,,,,,,,,,,,,,,,,,,,,,,,,,SUP004,https://storage.googleapis.com/cardfaces/2025-SUP/EN/SUP004.png,,,,,,,,,,,,,,,,,,,,
SUP005,SUP,,,,,,,,,,,,,,,,,,,,,,,,,,,,,,,SUP005,https://storage.googleapis.com/cardfaces/2025-SUP/EN/SUP005.png,,,,,,,,,,,,,,,,,,,,
SUP006,SUP,,,,,,,,,,,,,,,,,,,,,,,,,,,,,,,SUP006,https://storage.googleapis.com/cardfaces/2025-SUP/EN/SUP006.png,,,,,,,,,,,,,,,,,,,,
SUP007,SUP,Numbskull Charm,Yellow,2,0,,,,,,"Revered, Brute, Instant",,The Crowd Cheers,,,,,,"Choose any number;
- Destroy a Confidence or Might token.
- **The crowd cheers** you.
- Pitch the top card of your deck. If it has 6 or more {p}, create a Vigor token.",Revered Brute Instant,,,,No,,S,S,,Grégory Nunkovics,,,SUP007,https://storage.googleapis.com/cardfaces/2025-SUP/EN/SUP007.png,,,,,,,,,,,,,,,,,,,,
SUP008,SUP,,,,,,,,,,,,,,,,,,,,,,,,,,,,,,,SUP008,https://storage.googleapis.com/cardfaces/2025-SUP/EN/SUP008.png,,,,,,,,,,,,,,,,,,,,
SUP009,SUP,"Pleiades, Superstar",,,,,,40,4,,"Revered, Guardian, Hero",,,Instant,,,,The Crowd Cheers,"**Instant** - {t}, remove a suspense counter from an aura you control: You may put a suspense counter on an aura of suspense you control.

Whenever the crowd cheers you, create a Confidence token.",Revered Guardian Hero,,No,,No,,B,S,,Livia Prima,,,SUP009,https://storage.googleapis.com/cardfaces/2025-SUP/EN/SUP009.png,,,V,C,FA,Livia Prima,,,SUP009,https://storage.googleapis.com/cardfaces/2025-SUP/EN/SUP009_V2.png,,,V,C,FA,Livia Prima,,,SUP009,https://storage.googleapis.com/cardfaces/2025-SUP/EN/SUP009_V2_BACK.png
SUP010,SUP,Pleiades,,,,,,20,4,,"Revered, Guardian, Hero, Young",,,Instant,,,,The Crowd Cheers,"**Instant** - {t}, remove a suspense counter from an aura you control: You may put a suspense counter on an aura of suspense you control.

Whenever the crowd cheers you, create a Confidence token.",Revered Guardian Hero - Young,,,No,,No,B,S,,Livia Prima,,,SUP010,https://storage.googleapis.com/cardfaces/2025-SUP/EN/SUP010.png,,,,,,,,,,,,,,,,,,,,
SUP011,SUP,,,,,,,,,,,,,,,,,,,,,,,,,,,,,,,SUP011,https://storage.googleapis.com/cardfaces/2025-SUP/EN/SUP011.png,,,,,,,,,,,,,,,,,,,,
SUP012,SUP,,,,,,,,,,,,,,,,,,,,,,,,,,,,,,,SUP012,https://storage.googleapis.com/cardfaces/2025-SUP/EN/SUP012.png,,,,,,,,,,,,,,,,,,,,
SUP013,SUP,Thespian Charm,Yellow,2,0,,,,,,"Revered, Guardian, Instant",,The Crowd Cheers,,,,,,"Choose any number;
- Destroy a Might or Vigor token.
- **The crowd cheers** you.
- Return an aura permanent you control to its owner's hand.",Revered Guardian Instant,,,,No,,S,S,,Grégory Nunkovics,,,SUP013,https://storage.googleapis.com/cardfaces/2025-SUP/EN/SUP013.png,,,,,,,,,,,,,,,,,,,,
SUP014,SUP,,,,,,,,,,,,,,,,,,,,,,,,,,,,,,,SUP014,https://storage.googleapis.com/cardfaces/2025-SUP/EN/SUP014.png,,,,,,,,,,,,,,,,,,,,
SUP015,SUP,,,,,,,,,,,,,,,,,,,,,,,,,,,,,,,SUP015,https://storage.googleapis.com/cardfaces/2025-SUP/EN/SUP015.png,,,,,,,,,,,,,,,,,,,,
SUP016,SUP,,,,,,,,,,,,,,,,,,,,,,,,,,,,,,,SUP016,https://storage.googleapis.com/cardfaces/2025-SUP/EN/SUP016.png,,,,,,,,,,,,,,,,,,,,
SUP017,SUP,,,,,,,,,,,,,,,,,,,,,,,,,,,,,,,SUP017,https://storage.googleapis.com/cardfaces/2025-SUP/EN/SUP017.png,,,,,,,,,,,,,,,,,,,,
SUP018,SUP,,,,,,,,,,,,,,,,,,,,,,,,,,,,,,,SUP018,https://storage.googleapis.com/cardfaces/2025-SUP/EN/SUP018.png,,,,,,,,,,,,,,,,,,,,
SUP019,SUP,Crowd Goes Wild,Yellow,2,3,6,3,,,,"Revered, Action, Attack",,,,,,,The Crowd Cheers,"If you've been cheered this turn, this costs {r}{r}{r} less to play.",Revered Action - Attack,,,,No,,M,S,,Kevin Sidharta,,,SUP019,https://storage.googleapis.com/cardfaces/2025-SUP/EN/SUP019.png,,,,,,,,,,,,,,,,,,,,
SUP020,SUP,,,,,,,,,,,,,,,,,,,,,,,,,,,,,,,SUP020,https://storage.googleapis.com/cardfaces/2025-SUP/EN/SUP020.png,,,,,,,,,,,,,,,,,,,,
SUP021,SUP,,,,,,,,,,,,,,,,,,,,,,,,,,,,,,,SUP021,https://storage.googleapis.com/cardfaces/2025-SUP/EN/SUP021.png,,,,,,,,,,,,,,,,,,,,
SUP022,SUP,,,,,,,,,,,,,,,,,,,,,,,,,,,,,,,SUP022,https://storage.googleapis.com/cardfaces/2025-SUP/EN/SUP022.png,,,,,,,,,,,,,,,,,,,,
SUP023,SUP,,,,,,,,,,,,,,,,,,,,,,,,,,,,,,,SUP023,https://storage.googleapis.com/cardfaces/2025-SUP/EN/SUP023.png,,,,,,,,,,,,,,,,,,,,
SUP024,SUP,,,,,,,,,,,,,,,,,,,,,,,,,,,,,,,SUP024,https://storage.googleapis.com/cardfaces/2025-SUP/EN/SUP024.png,,,,,,,,,,,,,,,,,,,,
SUP025,SUP,,,,,,,,,,,,,,,,,,,,,,,,,,,,,,,SUP025,https://storage.googleapis.com/cardfaces/2025-SUP/EN/SUP025.png,,,,,,,,,,,,,,,,,,,,
SUP026,SUP,,,,,,,,,,,,,,,,,,,,,,,,,,,,,,,SUP026,https://storage.googleapis.com/cardfaces/2025-SUP/EN/SUP026.png,,,,,,,,,,,,,,,,,,,,
SUP027,SUP,Comeback Kid,Red,1,3,7,3,,,,"Revered, Action, Attack",,The Crowd Cheers,,,,,The Crowd Cheers,"When this attacks a hero, if you have less {h} than them, **the crowd cheers* you.

If you've been cheered this turn, this gets +1{p}.",Revered Action - Attack,,,,No,,R,S,,Samuel Perin,,,SUP027,https://storage.googleapis.com/cardfaces/2025-SUP/EN/SUP027.png,,,,,,,,,,,,,,,,,,,,
SUP028,SUP,,,,,,,,,,,,,,,,,,,,,,,,,,,,,,,SUP028,https://storage.googleapis.com/cardfaces/2025-SUP/EN/SUP028.png,,,,,,,,,,,,,,,,,,,,
SUP029,SUP,,,,,,,,,,,,,,,,,,,,,,,,,,,,,,,SUP029,https://storage.googleapis.com/cardfaces/2025-SUP/EN/SUP029.png,,,,,,,,,,,,,,,,,,,,
SUP030,SUP,,,,,,,,,,,,,,,,,,,,,,,,,,,,,,,SUP030,https://storage.googleapis.com/cardfaces/2025-SUP/EN/SUP030.png,,,,,,,,,,,,,,,,,,,,
SUP031,SUP,,,,,,,,,,,,,,,,,,,,,,,,,,,,,,,SUP031,https://storage.googleapis.com/cardfaces/2025-SUP/EN/SUP031.png,,,,,,,,,,,,,,,,,,,,
SUP032,SUP,,,,,,,,,,,,,,,,,,,,,,,,,,,,,,,SUP032,https://storage.googleapis.com/cardfaces/2025-SUP/EN/SUP032.png,,,,,,,,,,,,,,,,,,,,
SUP033,SUP,,,,,,,,,,,,,,,,,,,,,,,,,,,,,,,SUP033,https://storage.googleapis.com/cardfaces/2025-SUP/EN/SUP033.png,,,,,,,,,,,,,,,,,,,,
SUP034,SUP,,,,,,,,,,,,,,,,,,,,,,,,,,,,,,,SUP034,https://storage.googleapis.com/cardfaces/2025-SUP/EN/SUP034.png,,,,,,,,,,,,,,,,,,,,
SUP035,SUP,,,,,,,,,,,,,,,,,,,,,,,,,,,,,,,SUP035,https://storage.googleapis.com/cardfaces/2025-SUP/EN/SUP035.png,,,,,,,,,,,,,,,,,,,,
SUP036,SUP,,,,,,,,,,,,,,,,,,,,,,,,,,,,,,,SUP036,https://storage.googleapis.com/cardfaces/2025-SUP/EN/SUP036.png,,,,,,,,,,,,,,,,,,,,
SUP037,SUP,,,,,,,,,,,,,,,,,,,,,,,,,,,,,,,SUP037,https://storage.googleapis.com/cardfaces/2025-SUP/EN/SUP037.png,,,,,,,,,,,,,,,,,,,,
SUP038,SUP,,,,,,,,,,,,,,,,,,,,,,,,,,,,,,,SUP038,https://storage.googleapis.com/cardfaces/2025-SUP/EN/SUP038.png,,,,,,,,,,,,,,,,,,,,
SUP039,SUP,,,,,,,,,,,,,,,,,,,,,,,,,,,,,,,SUP039,https://storage.googleapis.com/cardfaces/2025-SUP/EN/SUP039.png,,,,,,,,,,,,,,,,,,,,
SUP040,SUP,,,,,,,,,,,,,,,,,,,,,,,,,,,,,,,SUP040,https://storage.googleapis.com/cardfaces/2025-SUP/EN/SUP040.png,,,,,,,,,,,,,,,,,,,,
SUP041,SUP,,,,,,,,,,,,,,,,,,,,,,,,,,,,,,,SUP041,https://storage.googleapis.com/cardfaces/2025-SUP/EN/SUP041.png,,,,,,,,,,,,,,,,,,,,
SUP042,SUP,,,,,,,,,,,,,,,,,,,,,,,,,,,,,,,SUP042,https://storage.googleapis.com/cardfaces/2025-SUP/EN/SUP042.png,,,,,,,,,,,,,,,,,,,,
SUP043,SUP,,,,,,,,,,,,,,,,,,,,,,,,,,,,,,,SUP043,https://storage.googleapis.com/cardfaces/2025-SUP/EN/SUP043.png,,,,,,,,,,,,,,,,,,,,
SUP044,SUP,,,,,,,,,,,,,,,,,,,,,,,,,,,,,,,SUP044,https://storage.googleapis.com/cardfaces/2025-SUP/EN/SUP044.png,,,,,,,,,,,,,,,,,,,,
SUP045,SUP,,,,,,,,,,,,,,,,,,,,,,,,,,,,,,,SUP045,https://storage.googleapis.com/cardfaces/2025-SUP/EN/SUP045.png,,,,,,,,,,,,,,,,,,,,
SUP046,SUP,,,,,,,,,,,,,,,,,,,,,,,,,,,,,,,SUP046,https://storage.googleapis.com/cardfaces/2025-SUP/EN/SUP046.png,,,,,,,,,,,,,,,,,,,,
SUP047,SUP,,,,,,,,,,,,,,,,,,,,,,,,,,,,,,,SUP047,https://storage.googleapis.com/cardfaces/2025-SUP/EN/SUP047.png,,,,,,,,,,,,,,,,,,,,
SUP048,SUP,,,,,,,,,,,,,,,,,,,,,,,,,,,,,,,SUP048,https://storage.googleapis.com/cardfaces/2025-SUP/EN/SUP048.png,,,,,,,,,,,,,,,,,,,,
SUP049,SUP,,,,,,,,,,,,,,,,,,,,,,,,,,,,,,,SUP049,https://storage.googleapis.com/cardfaces/2025-SUP/EN/SUP049.png,,,,,,,,,,,,,,,,,,,,
SUP050,SUP,,,,,,,,,,,,,,,,,,,,,,,,,,,,,,,SUP050,https://storage.googleapis.com/cardfaces/2025-SUP/EN/SUP050.png,,,,,,,,,,,,,,,,,,,,
SUP051,SUP,,,,,,,,,,,,,,,,,,,,,,,,,,,,,,,SUP051,https://storage.googleapis.com/cardfaces/2025-SUP/EN/SUP051.png,,,,,,,,,,,,,,,,,,,,
SUP052,SUP,,,,,,,,,,,,,,,,,,,,,,,,,,,,,,,SUP052,https://storage.googleapis.com/cardfaces/2025-SUP/EN/SUP052.png,,,,,,,,,,,,,,,,,,,,
SUP053,SUP,,,,,,,,,,,,,,,,,,,,,,,,,,,,,,,SUP053,https://storage.googleapis.com/cardfaces/2025-SUP/EN/SUP053.png,,,,,,,,,,,,,,,,,,,,
SUP054,SUP,,,,,,,,,,,,,,,,,,,,,,,,,,,,,,,SUP054,https://storage.googleapis.com/cardfaces/2025-SUP/EN/SUP054.png,,,,,,,,,,,,,,,,,,,,
SUP055,SUP,,,,,,,,,,,,,,,,,,,,,,,,,,,,,,,SUP055,https://storage.googleapis.com/cardfaces/2025-SUP/EN/SUP055.png,,,,,,,,,,,,,,,,,,,,
SUP056,SUP,,,,,,,,,,,,,,,,,,,,,,,,,,,,,,,SUP056,https://storage.googleapis.com/cardfaces/2025-SUP/EN/SUP056.png,,,,,,,,,,,,,,,,,,,,
SUP057,SUP,,,,,,,,,,,,,,,,,,,,,,,,,,,,,,,SUP057,https://storage.googleapis.com/cardfaces/2025-SUP/EN/SUP057.png,,,,,,,,,,,,,,,,,,,,
SUP058,SUP,,,,,,,,,,,,,,,,,,,,,,,,,,,,,,,SUP058,https://storage.googleapis.com/cardfaces/2025-SUP/EN/SUP058.png,,,,,,,,,,,,,,,,,,,,
SUP059,SUP,,,,,,,,,,,,,,,,,,,,,,,,,,,,,,,SUP059,https://storage.googleapis.com/cardfaces/2025-SUP/EN/SUP059.png,,,,,,,,,,,,,,,,,,,,
SUP060,SUP,,,,,,,,,,,,,,,,,,,,,,,,,,,,,,,SUP060,https://storage.googleapis.com/cardfaces/2025-SUP/EN/SUP060.png,,,,,,,,,,,,,,,,,,,,
SUP061,SUP,,,,,,,,,,,,,,,,,,,,,,,,,,,,,,,SUP061,https://storage.googleapis.com/cardfaces/2025-SUP/EN/SUP061.png,,,,,,,,,,,,,,,,,,,,
SUP062,SUP,,,,,,,,,,,,,,,,,,,,,,,,,,,,,,,SUP062,https://storage.googleapis.com/cardfaces/2025-SUP/EN/SUP062.png,,,,,,,,,,,,,,,,,,,,
SUP063,SUP,"Kayo, Underhanded Cheat",,,,,,40,4,,"Reviled, Brute, Hero",,,Instant,,,,The Crowd Boos,"You start the game with 1 weapon zone.

**Instant** - {r}{r}{r}{r}, {t}: Target attack action card you control has 6 base {p}.

Whenever the crowd boos you, create a Vigor token.",Reviled Brute Hero,,No,,No,,B,S,,Jessada Sutthi,,,SUP063,https://storage.googleapis.com/cardfaces/2025-SUP/EN/SUP063.png,,,V,C,FA,Jessada Sutthi,,,SUP063,https://storage.googleapis.com/cardfaces/2025-SUP/EN/SUP063_V2.png,,,V,C,FA,Jessada Sutthi,,,SUP063,https://storage.googleapis.com/cardfaces/2025-SUP/EN/SUP063_V2_BACK.png
SUP064,SUP,"Kayo, Strong-arm",,,,,,20,4,,"Reviled, Brute, Hero, Young",,,Instant,,,,The Crowd Boos,"You start the game with 1 weapon zone.

**Instant** - {r}{r}{r}{r}, {t}: Target attack action card you control has 6 base {p}.

Whenever the crowd boos you, create a Vigor token.",Reviled Brute Hero - Young,,,No,,No,B,S,,Jessada Sutthi,,,SUP064,https://storage.googleapis.com/cardfaces/2025-SUP/EN/SUP064.png,,,,,,,,,,,,,,,,,,,,
SUP065,SUP,,,,,,,,,,,,,,,,,,,,,,,,,,,,,,,SUP065,https://storage.googleapis.com/cardfaces/2025-SUP/EN/SUP065.png,,,,,,,,,,,,,,,,,,,,
SUP066,SUP,,,,,,,,,,,,,,,,,,,,,,,,,,,,,,,SUP066,https://storage.googleapis.com/cardfaces/2025-SUP/EN/SUP066.png,,,,,,,,,,,,,,,,,,,,
SUP067,SUP,,,,,,,,,,,,,,,,,,,,,,,,,,,,,,,SUP067,https://storage.googleapis.com/cardfaces/2025-SUP/EN/SUP067.png,,,,,,,,,,,,,,,,,,,,
SUP068,SUP,Cheater's Charm,Yellow,2,0,,,,,,"Reviled, Brute, Instant",,"Steal, The Crowd Boos",,,,,,"Choose any number;
- **Steal** a Confidence or Toughness token.
- **The crowd boos** you.
- If you control an attack with 6 or more {p}, deal 2 damage to target hero unless they discard a card.",Reviled Brute Instant,,,,No,,S,S,,Grégory Nunkovics,,,SUP068,https://storage.googleapis.com/cardfaces/2025-SUP/EN/SUP068.png,,,,,,,,,,,,,,,,,,,,
SUP069,SUP,,,,,,,,,,,,,,,,,,,,,,,,,,,,,,,SUP069,https://storage.googleapis.com/cardfaces/2025-SUP/EN/SUP069.png,,,,,,,,,,,,,,,,,,,,
SUP070,SUP,,,,,,,,,,,,,,,,,,,,,,,,,,,,,,,SUP070,https://storage.googleapis.com/cardfaces/2025-SUP/EN/SUP070.png,,,,,,,,,,,,,,,,,,,,
SUP071,SUP,"Lyath Goldmane, Vile Savant",,,,,,40,5,,"Reviled, Guardian, Hero",,,Instant,The Crowd Boos,,,The Crowd Boos,"The base {p} and {d} of cards you control are halved, rounded up.

**Instant** - {r}{r}, {t}: **The crowd boos** you. Defending action cards you control get +1{d} this turn.

Whenever the crowd boos you, create a Might token.",Reviled Guardian Hero,,No,,No,,B,S,,Nathaniel Himawan,,,SUP071,https://storage.googleapis.com/cardfaces/2025-SUP/EN/SUP071.png,,,V,C,FA,Nathaniel Himawan,,,SUP071,https://storage.googleapis.com/cardfaces/2025-SUP/EN/SUP071_V2.png,,,V,C,FA,Nathaniel Himawan,,,SUP071,https://storage.googleapis.com/cardfaces/2025-SUP/EN/SUP071_V2_BACK.png
SUP072,SUP,Lyath Goldmane,,,,,,20,5,,"Reviled, Guardian, Hero, Young",,,Instant,The Crowd Boos,,,The Crowd Boos,"The base {p} and {d} of cards you control are halved, rounded up.

**Instant** - {r}{r}, {t}: **The crowd boos** you. Defending action cards you control get +1{d} this turn.

Whenever the crowd boos you, create a Might token.",Reviled Guardian Hero - Young,,,No,,No,B,S,,Nathaniel Himawan,,,SUP072,https://storage.googleapis.com/cardfaces/2025-SUP/EN/SUP072.png,,,,,,,,,,,,,,,,,,,,
SUP073,SUP,,,,,,,,,,,,,,,,,,,,,,,,,,,,,,,SUP073,https://storage.googleapis.com/cardfaces/2025-SUP/EN/SUP073.png,,,,,,,,,,,,,,,,,,,,
SUP074,SUP,,,,,,,,,,,,,,,,,,,,,,,,,,,,,,,SUP074,https://storage.googleapis.com/cardfaces/2025-SUP/EN/SUP074.png,,,,,,,,,,,,,,,,,,,,
SUP075,SUP,,,,,,,,,,,,,,,,,,,,,,,,,,,,,,,SUP075,https://storage.googleapis.com/cardfaces/2025-SUP/EN/SUP075.png,,,,,,,,,,,,,,,,,,,,
SUP076,SUP,Liar's Charm,Yellow,2,0,,,,,,"Reviled, Guardian, Instant",,"Steal, The Crowd Boos",,,,,,"Choose any number;
- **Steal** a Toughness or Vigor token.
- **The crowd boos** you.
- Target hero loses and can't gain abilities this action phase unless they discard a card.",Reviled Guardian Instant,,,,No,,S,S,,Grégory Nunkovics,,,SUP076,https://storage.googleapis.com/cardfaces/2025-SUP/EN/SUP076.png,,,,,,,,,,,,,,,,,,,,
SUP077,SUP,,,,,,,,,,,,,,,,,,,,,,,,,,,,,,,SUP077,https://storage.googleapis.com/cardfaces/2025-SUP/EN/SUP077.png,,,,,,,,,,,,,,,,,,,,
SUP078,SUP,,,,,,,,,,,,,,,,,,,,,,,,,,,,,,,SUP078,https://storage.googleapis.com/cardfaces/2025-SUP/EN/SUP078.png,,,,,,,,,,,,,,,,,,,,
SUP079,SUP,,,,,,,,,,,,,,,,,,,,,,,,,,,,,,,SUP079,https://storage.googleapis.com/cardfaces/2025-SUP/EN/SUP079.png,,,,,,,,,,,,,,,,,,,,
SUP080,SUP,,,,,,,,,,,,,,,,,,,,,,,,,,,,,,,SUP080,https://storage.googleapis.com/cardfaces/2025-SUP/EN/SUP080.png,,,,,,,,,,,,,,,,,,,,
SUP081,SUP,Bully Tactics,Red,1,0,3,3,,,,"Reviled, Action, Attack",,Intimidate,,,,,,"When this attacks a hero, you may pay up to {r}{r}{r}. **Intimidate** them that many times.",Reviled Action - Attack,,,,No,,M,S,,Maerel Hibadita,,,SUP081,https://storage.googleapis.com/cardfaces/2025-SUP/EN/SUP081.png,,,,,,,,,,,,,,,,,,,,
SUP082,SUP,,,,,,,,,,,,,,,,,,,,,,,,,,,,,,,SUP082,https://storage.googleapis.com/cardfaces/2025-SUP/EN/SUP082.png,,,,,,,,,,,,,,,,,,,,
SUP083,SUP,,,,,,,,,,,,,,,,,,,,,,,,,,,,,,,SUP083,https://storage.googleapis.com/cardfaces/2025-SUP/EN/SUP083.png,,,,,,,,,,,,,,,,,,,,
SUP084,SUP,,,,,,,,,,,,,,,,,,,,,,,,,,,,,,,SUP084,https://storage.googleapis.com/cardfaces/2025-SUP/EN/SUP084.png,,,,,,,,,,,,,,,,,,,,
SUP085,SUP,,,,,,,,,,,,,,,,,,,,,,,,,,,,,,,SUP085,https://storage.googleapis.com/cardfaces/2025-SUP/EN/SUP085.png,,,,,,,,,,,,,,,,,,,,
SUP086,SUP,,,,,,,,,,,,,,,,,,,,,,,,,,,,,,,SUP086,https://storage.googleapis.com/cardfaces/2025-SUP/EN/SUP086.png,,,,,,,,,,,,,,,,,,,,
SUP087,SUP,,,,,,,,,,,,,,,,,,,,,,,,,,,,,,,SUP087,https://storage.googleapis.com/cardfaces/2025-SUP/EN/SUP087.png,,,,,,,,,,,,,,,,,,,,
SUP088,SUP,,,,,,,,,,,,,,,,,,,,,,,,,,,,,,,SUP088,https://storage.googleapis.com/cardfaces/2025-SUP/EN/SUP088.png,,,,,,,,,,,,,,,,,,,,
SUP089,SUP,,,,,,,,,,,,,,,,,,,,,,,,,,,,,,,SUP089,https://storage.googleapis.com/cardfaces/2025-SUP/EN/SUP089.png,,,,,,,,,,,,,,,,,,,,
SUP090,SUP,Mocking Blow,Red,1,0,1,3,,,,"Reviled, Action, Attack",,,,,,,The Crowd Boos,"When this attacks a hero, if you have more {h} than them, **the crowd boos** you.

If you've been booed this turn, this gets +4{p}.",Reviled Action - Attack,,,,No,,R,S,,Nailsen Ivanderlie,,"""Hah! Who's the buffon now, bigmouth?"" - Slapstick Sal",SUP090,https://storage.googleapis.com/cardfaces/2025-SUP/EN/SUP090.png,,,,,,,,,,,,,,,,,,,,
SUP091,SUP,,,,,,,,,,,,,,,,,,,,,,,,,,,,,,,SUP091,https://storage.googleapis.com/cardfaces/2025-SUP/EN/SUP091.png,,,,,,,,,,,,,,,,,,,,
SUP092,SUP,,,,,,,,,,,,,,,,,,,,,,,,,,,,,,,SUP092,https://storage.googleapis.com/cardfaces/2025-SUP/EN/SUP092.png,,,,,,,,,,,,,,,,,,,,
SUP093,SUP,,,,,,,,,,,,,,,,,,,,,,,,,,,,,,,SUP093,https://storage.googleapis.com/cardfaces/2025-SUP/EN/SUP093.png,,,,,,,,,,,,,,,,,,,,
SUP094,SUP,,,,,,,,,,,,,,,,,,,,,,,,,,,,,,,SUP094,https://storage.googleapis.com/cardfaces/2025-SUP/EN/SUP094.png,,,,,,,,,,,,,,,,,,,,
SUP095,SUP,,,,,,,,,,,,,,,,,,,,,,,,,,,,,,,SUP095,https://storage.googleapis.com/cardfaces/2025-SUP/EN/SUP095.png,,,,,,,,,,,,,,,,,,,,
SUP096,SUP,,,,,,,,,,,,,,,,,,,,,,,,,,,,,,,SUP096,https://storage.googleapis.com/cardfaces/2025-SUP/EN/SUP096.png,,,,,,,,,,,,,,,,,,,,
SUP097,SUP,,,,,,,,,,,,,,,,,,,,,,,,,,,,,,,SUP097,https://storage.googleapis.com/cardfaces/2025-SUP/EN/SUP097.png,,,,,,,,,,,,,,,,,,,,
SUP098,SUP,,,,,,,,,,,,,,,,,,,,,,,,,,,,,,,SUP098,https://storage.googleapis.com/cardfaces/2025-SUP/EN/SUP098.png,,,,,,,,,,,,,,,,,,,,
SUP099,SUP,,,,,,,,,,,,,,,,,,,,,,,,,,,,,,,SUP099,https://storage.googleapis.com/cardfaces/2025-SUP/EN/SUP099.png,,,,,,,,,,,,,,,,,,,,
SUP100,SUP,,,,,,,,,,,,,,,,,,,,,,,,,,,,,,,SUP100,https://storage.googleapis.com/cardfaces/2025-SUP/EN/SUP100.png,,,,,,,,,,,,,,,,,,,,
SUP101,SUP,,,,,,,,,,,,,,,,,,,,,,,,,,,,,,,SUP101,https://storage.googleapis.com/cardfaces/2025-SUP/EN/SUP101.png,,,,,,,,,,,,,,,,,,,,
SUP102,SUP,,,,,,,,,,,,,,,,,,,,,,,,,,,,,,,SUP102,https://storage.googleapis.com/cardfaces/2025-SUP/EN/SUP102.png,,,,,,,,,,,,,,,,,,,,
SUP103,SUP,,,,,,,,,,,,,,,,,,,,,,,,,,,,,,,SUP103,https://storage.googleapis.com/cardfaces/2025-SUP/EN/SUP103.png,,,,,,,,,,,,,,,,,,,,
SUP104,SUP,,,,,,,,,,,,,,,,,,,,,,,,,,,,,,,SUP104,https://storage.googleapis.com/cardfaces/2025-SUP/EN/SUP104.png,,,,,,,,,,,,,,,,,,,,
SUP105,SUP,,,,,,,,,,,,,,,,,,,,,,,,,,,,,,,SUP105,https://storage.googleapis.com/cardfaces/2025-SUP/EN/SUP105.png,,,,,,,,,,,,,,,,,,,,
SUP106,SUP,,,,,,,,,,,,,,,,,,,,,,,,,,,,,,,SUP106,https://storage.googleapis.com/cardfaces/2025-SUP/EN/SUP106.png,,,,,,,,,,,,,,,,,,,,
SUP107,SUP,,,,,,,,,,,,,,,,,,,,,,,,,,,,,,,SUP107,https://storage.googleapis.com/cardfaces/2025-SUP/EN/SUP107.png,,,,,,,,,,,,,,,,,,,,
SUP108,SUP,,,,,,,,,,,,,,,,,,,,,,,,,,,,,,,SUP108,https://storage.googleapis.com/cardfaces/2025-SUP/EN/SUP108.png,,,,,,,,,,,,,,,,,,,,
SUP109,SUP,,,,,,,,,,,,,,,,,,,,,,,,,,,,,,,SUP109,https://storage.googleapis.com/cardfaces/2025-SUP/EN/SUP109.png,,,,,,,,,,,,,,,,,,,,
SUP110,SUP,,,,,,,,,,,,,,,,,,,,,,,,,,,,,,,SUP110,https://storage.googleapis.com/cardfaces/2025-SUP/EN/SUP110.png,,,,,,,,,,,,,,,,,,,,
SUP111,SUP,,,,,,,,,,,,,,,,,,,,,,,,,,,,,,,SUP111,https://storage.googleapis.com/cardfaces/2025-SUP/EN/SUP111.png,,,,,,,,,,,,,,,,,,,,
SUP112,SUP,,,,,,,,,,,,,,,,,,,,,,,,,,,,,,,SUP112,https://storage.googleapis.com/cardfaces/2025-SUP/EN/SUP112.png,,,,,,,,,,,,,,,,,,,,
SUP113,SUP,,,,,,,,,,,,,,,,,,,,,,,,,,,,,,,SUP113,https://storage.googleapis.com/cardfaces/2025-SUP/EN/SUP113.png,,,,,,,,,,,,,,,,,,,,
SUP114,SUP,,,,,,,,,,,,,,,,,,,,,,,,,,,,,,,SUP114,https://storage.googleapis.com/cardfaces/2025-SUP/EN/SUP114.png,,,,,,,,,,,,,,,,,,,,
SUP115,SUP,,,,,,,,,,,,,,,,,,,,,,,,,,,,,,,SUP115,https://storage.googleapis.com/cardfaces/2025-SUP/EN/SUP115.png,,,,,,,,,,,,,,,,,,,,
SUP116,SUP,,,,,,,,,,,,,,,,,,,,,,,,,,,,,,,SUP116,https://storage.googleapis.com/cardfaces/2025-SUP/EN/SUP116.png,,,,,,,,,,,,,,,,,,,,
SUP117,SUP,,,,,,,,,,,,,,,,,,,,,,,,,,,,,,,SUP117,https://storage.googleapis.com/cardfaces/2025-SUP/EN/SUP117.png,,,,,,,,,,,,,,,,,,,,
SUP118,SUP,,,,,,,,,,,,,,,,,,,,,,,,,,,,,,,SUP118,https://storage.googleapis.com/cardfaces/2025-SUP/EN/SUP118.png,,,,,,,,,,,,,,,,,,,,
SUP119,SUP,,,,,,,,,,,,,,,,,,,,,,,,,,,,,,,SUP119,https://storage.googleapis.com/cardfaces/2025-SUP/EN/SUP119.png,,,,,,,,,,,,,,,,,,,,
SUP120,SUP,,,,,,,,,,,,,,,,,,,,,,,,,,,,,,,SUP120,https://storage.googleapis.com/cardfaces/2025-SUP/EN/SUP120.png,,,,,,,,,,,,,,,,,,,,
SUP121,SUP,,,,,,,,,,,,,,,,,,,,,,,,,,,,,,,SUP121,https://storage.googleapis.com/cardfaces/2025-SUP/EN/SUP121.png,,,,,,,,,,,,,,,,,,,,
SUP122,SUP,,,,,,,,,,,,,,,,,,,,,,,,,,,,,,,SUP122,https://storage.googleapis.com/cardfaces/2025-SUP/EN/SUP122.png,,,,,,,,,,,,,,,,,,,,
SUP123,SUP,,,,,,,,,,,,,,,,,,,,,,,,,,,,,,,SUP123,https://storage.googleapis.com/cardfaces/2025-SUP/EN/SUP123.png,,,,,,,,,,,,,,,,,,,,
SUP124,SUP,,,,,,,,,,,,,,,,,,,,,,,,,,,,,,,SUP124,https://storage.googleapis.com/cardfaces/2025-SUP/EN/SUP124.png,,,,,,,,,,,,,,,,,,,,
SUP125,SUP,,,,,,,,,,,,,,,,,,,,,,,,,,,,,,,SUP125,https://storage.googleapis.com/cardfaces/2025-SUP/EN/SUP125.png,,,,,,,,,,,,,,,,,,,,
SUP126,SUP,,,,,,,,,,,,,,,,,,,,,,,,,,,,,,,SUP126,https://storage.googleapis.com/cardfaces/2025-SUP/EN/SUP126.png,,,,,,,,,,,,,,,,,,,,
SUP127,SUP,,,,,,,,,,,,,,,,,,,,,,,,,,,,,,,SUP127,https://storage.googleapis.com/cardfaces/2025-SUP/EN/SUP127.png,,,,,,,,,,,,,,,,,,,,
SUP128,SUP,,,,,,,,,,,,,,,,,,,,,,,,,,,,,,,SUP128,https://storage.googleapis.com/cardfaces/2025-SUP/EN/SUP128.png,,,,,,,,,,,,,,,,,,,,
SUP129,SUP,,,,,,,,,,,,,,,,,,,,,,,,,,,,,,,SUP129,https://storage.googleapis.com/cardfaces/2025-SUP/EN/SUP129.png,,,,,,,,,,,,,,,,,,,,
SUP130,SUP,,,,,,,,,,,,,,,,,,,,,,,,,,,,,,,SUP130,https://storage.googleapis.com/cardfaces/2025-SUP/EN/SUP130.png,,,,,,,,,,,,,,,,,,,,
SUP131,SUP,,,,,,,,,,,,,,,,,,,,,,,,,,,,,,,SUP131,https://storage.googleapis.com/cardfaces/2025-SUP/EN/SUP131.png,,,,,,,,,,,,,,,,,,,,
SUP132,SUP,,,,,,,,,,,,,,,,,,,,,,,,,,,,,,,SUP132,https://storage.googleapis.com/cardfaces/2025-SUP/EN/SUP132.png,,,,,,,,,,,,,,,,,,,,
SUP133,SUP,,,,,,,,,,,,,,,,,,,,,,,,,,,,,,,SUP133,https://storage.googleapis.com/cardfaces/2025-SUP/EN/SUP133.png,,,,,,,,,,,,,,,,,,,,
SUP134,SUP,,,,,,,,,,,,,,,,,,,,,,,,,,,,,,,SUP134,https://storage.googleapis.com/cardfaces/2025-SUP/EN/SUP134.png,,,,,,,,,,,,,,,,,,,,
SUP135,SUP,,,,,,,,,,,,,,,,,,,,,,,,,,,,,,,SUP135,https://storage.googleapis.com/cardfaces/2025-SUP/EN/SUP135.png,,,,,,,,,,,,,,,,,,,,
SUP136,SUP,,,,,,,,,,,,,,,,,,,,,,,,,,,,,,,SUP136,https://storage.googleapis.com/cardfaces/2025-SUP/EN/SUP136.png,,,,,,,,,,,,,,,,,,,,
SUP137,SUP,,,,,,,,,,,,,,,,,,,,,,,,,,,,,,,SUP137,https://storage.googleapis.com/cardfaces/2025-SUP/EN/SUP137.png,,,,,,,,,,,,,,,,,,,,
SUP138,SUP,,,,,,,,,,,,,,,,,,,,,,,,,,,,,,,SUP138,https://storage.googleapis.com/cardfaces/2025-SUP/EN/SUP138.png,,,,,,,,,,,,,,,,,,,,
SUP139,SUP,,,,,,,,,,,,,,,,,,,,,,,,,,,,,,,SUP139,https://storage.googleapis.com/cardfaces/2025-SUP/EN/SUP139.png,,,,,,,,,,,,,,,,,,,,
SUP140,SUP,,,,,,,,,,,,,,,,,,,,,,,,,,,,,,,SUP140,https://storage.googleapis.com/cardfaces/2025-SUP/EN/SUP140.png,,,,,,,,,,,,,,,,,,,,
SUP141,SUP,,,,,,,,,,,,,,,,,,,,,,,,,,,,,,,SUP141,https://storage.googleapis.com/cardfaces/2025-SUP/EN/SUP141.png,,,,,,,,,,,,,,,,,,,,
SUP142,SUP,,,,,,,,,,,,,,,,,,,,,,,,,,,,,,,SUP142,https://storage.googleapis.com/cardfaces/2025-SUP/EN/SUP142.png,,,,,,,,,,,,,,,,,,,,
SUP143,SUP,,,,,,,,,,,,,,,,,,,,,,,,,,,,,,,SUP143,https://storage.googleapis.com/cardfaces/2025-SUP/EN/SUP143.png,,,,,,,,,,,,,,,,,,,,
SUP144,SUP,,,,,,,,,,,,,,,,,,,,,,,,,,,,,,,SUP144,https://storage.googleapis.com/cardfaces/2025-SUP/EN/SUP144.png,,,,,,,,,,,,,,,,,,,,
SUP145,SUP,,,,,,,,,,,,,,,,,,,,,,,,,,,,,,,SUP145,https://storage.googleapis.com/cardfaces/2025-SUP/EN/SUP145.png,,,,,,,,,,,,,,,,,,,,
SUP146,SUP,,,,,,,,,,,,,,,,,,,,,,,,,,,,,,,SUP146,https://storage.googleapis.com/cardfaces/2025-SUP/EN/SUP146.png,,,,,,,,,,,,,,,,,,,,
SUP147,SUP,,,,,,,,,,,,,,,,,,,,,,,,,,,,,,,SUP147,https://storage.googleapis.com/cardfaces/2025-SUP/EN/SUP147.png,,,,,,,,,,,,,,,,,,,,
SUP148,SUP,,,,,,,,,,,,,,,,,,,,,,,,,,,,,,,SUP148,https://storage.googleapis.com/cardfaces/2025-SUP/EN/SUP148.png,,,,,,,,,,,,,,,,,,,,
SUP149,SUP,,,,,,,,,,,,,,,,,,,,,,,,,,,,,,,SUP149,https://storage.googleapis.com/cardfaces/2025-SUP/EN/SUP149.png,,,,,,,,,,,,,,,,,,,,
SUP150,SUP,,,,,,,,,,,,,,,,,,,,,,,,,,,,,,,SUP150,https://storage.googleapis.com/cardfaces/2025-SUP/EN/SUP150.png,,,,,,,,,,,,,,,,,,,,
SUP151,SUP,,,,,,,,,,,,,,,,,,,,,,,,,,,,,,,SUP151,https://storage.googleapis.com/cardfaces/2025-SUP/EN/SUP151.png,,,,,,,,,,,,,,,,,,,,
SUP152,SUP,,,,,,,,,,,,,,,,,,,,,,,,,,,,,,,SUP152,https://storage.googleapis.com/cardfaces/2025-SUP/EN/SUP152.png,,,,,,,,,,,,,,,,,,,,
SUP153,SUP,,,,,,,,,,,,,,,,,,,,,,,,,,,,,,,SUP153,https://storage.googleapis.com/cardfaces/2025-SUP/EN/SUP153.png,,,,,,,,,,,,,,,,,,,,
SUP154,SUP,,,,,,,,,,,,,,,,,,,,,,,,,,,,,,,SUP154,https://storage.googleapis.com/cardfaces/2025-SUP/EN/SUP154.png,,,,,,,,,,,,,,,,,,,,
SUP155,SUP,,,,,,,,,,,,,,,,,,,,,,,,,,,,,,,SUP155,https://storage.googleapis.com/cardfaces/2025-SUP/EN/SUP155.png,,,,,,,,,,,,,,,,,,,,
SUP156,SUP,,,,,,,,,,,,,,,,,,,,,,,,,,,,,,,SUP156,https://storage.googleapis.com/cardfaces/2025-SUP/EN/SUP156.png,,,,,,,,,,,,,,,,,,,,
SUP157,SUP,,,,,,,,,,,,,,,,,,,,,,,,,,,,,,,SUP157,https://storage.googleapis.com/cardfaces/2025-SUP/EN/SUP157.png,,,,,,,,,,,,,,,,,,,,
SUP158,SUP,,,,,,,,,,,,,,,,,,,,,,,,,,,,,,,SUP158,https://storage.googleapis.com/cardfaces/2025-SUP/EN/SUP158.png,,,,,,,,,,,,,,,,,,,,
SUP159,SUP,,,,,,,,,,,,,,,,,,,,,,,,,,,,,,,SUP159,https://storage.googleapis.com/cardfaces/2025-SUP/EN/SUP159.png,,,,,,,,,,,,,,,,,,,,
SUP160,SUP,,,,,,,,,,,,,,,,,,,,,,,,,,,,,,,SUP160,https://storage.googleapis.com/cardfaces/2025-SUP/EN/SUP160.png,,,,,,,,,,,,,,,,,,,,
SUP161,SUP,,,,,,,,,,,,,,,,,,,,,,,,,,,,,,,SUP161,https://storage.googleapis.com/cardfaces/2025-SUP/EN/SUP161.png,,,,,,,,,,,,,,,,,,,,
SUP162,SUP,,,,,,,,,,,,,,,,,,,,,,,,,,,,,,,SUP162,https://storage.googleapis.com/cardfaces/2025-SUP/EN/SUP162.png,,,,,,,,,,,,,,,,,,,,
SUP163,SUP,,,,,,,,,,,,,,,,,,,,,,,,,,,,,,,SUP163,https://storage.googleapis.com/cardfaces/2025-SUP/EN/SUP163.png,,,,,,,,,,,,,,,,,,,,
SUP164,SUP,,,,,,,,,,,,,,,,,,,,,,,,,,,,,,,SUP164,https://storage.googleapis.com/cardfaces/2025-SUP/EN/SUP164.png,,,,,,,,,,,,,,,,,,,,
SUP165,SUP,,,,,,,,,,,,,,,,,,,,,,,,,,,,,,,SUP165,https://storage.googleapis.com/cardfaces/2025-SUP/EN/SUP165.png,,,,,,,,,,,,,,,,,,,,
SUP166,SUP,,,,,,,,,,,,,,,,,,,,,,,,,,,,,,,SUP166,https://storage.googleapis.com/cardfaces/2025-SUP/EN/SUP166.png,,,,,,,,,,,,,,,,,,,,
SUP167,SUP,,,,,,,,,,,,,,,,,,,,,,,,,,,,,,,SUP167,https://storage.googleapis.com/cardfaces/2025-SUP/EN/SUP167.png,,,,,,,,,,,,,,,,,,,,
SUP168,SUP,,,,,,,,,,,,,,,,,,,,,,,,,,,,,,,SUP168,https://storage.googleapis.com/cardfaces/2025-SUP/EN/SUP168.png,,,,,,,,,,,,,,,,,,,,
SUP169,SUP,,,,,,,,,,,,,,,,,,,,,,,,,,,,,,,SUP169,https://storage.googleapis.com/cardfaces/2025-SUP/EN/SUP169.png,,,,,,,,,,,,,,,,,,,,
SUP170,SUP,,,,,,,,,,,,,,,,,,,,,,,,,,,,,,,SUP170,https://storage.googleapis.com/cardfaces/2025-SUP/EN/SUP170.png,,,,,,,,,,,,,,,,,,,,
SUP171,SUP,,,,,,,,,,,,,,,,,,,,,,,,,,,,,,,SUP171,https://storage.googleapis.com/cardfaces/2025-SUP/EN/SUP171.png,,,,,,,,,,,,,,,,,,,,
SUP172,SUP,,,,,,,,,,,,,,,,,,,,,,,,,,,,,,,SUP172,https://storage.googleapis.com/cardfaces/2025-SUP/EN/SUP172.png,,,,,,,,,,,,,,,,,,,,
SUP173,SUP,,,,,,,,,,,,,,,,,,,,,,,,,,,,,,,SUP173,https://storage.googleapis.com/cardfaces/2025-SUP/EN/SUP173.png,,,,,,,,,,,,,,,,,,,,
SUP174,SUP,,,,,,,,,,,,,,,,,,,,,,,,,,,,,,,SUP174,https://storage.googleapis.com/cardfaces/2025-SUP/EN/SUP174.png,,,,,,,,,,,,,,,,,,,,
SUP175,SUP,,,,,,,,,,,,,,,,,,,,,,,,,,,,,,,SUP175,https://storage.googleapis.com/cardfaces/2025-SUP/EN/SUP175.png,,,,,,,,,,,,,,,,,,,,
SUP176,SUP,,,,,,,,,,,,,,,,,,,,,,,,,,,,,,,SUP176,https://storage.googleapis.com/cardfaces/2025-SUP/EN/SUP176.png,,,,,,,,,,,,,,,,,,,,
SUP177,SUP,,,,,,,,,,,,,,,,,,,,,,,,,,,,,,,SUP177,https://storage.googleapis.com/cardfaces/2025-SUP/EN/SUP177.png,,,,,,,,,,,,,,,,,,,,
SUP178,SUP,,,,,,,,,,,,,,,,,,,,,,,,,,,,,,,SUP178,https://storage.googleapis.com/cardfaces/2025-SUP/EN/SUP178.png,,,,,,,,,,,,,,,,,,,,
SUP179,SUP,,,,,,,,,,,,,,,,,,,,,,,,,,,,,,,SUP179,https://storage.googleapis.com/cardfaces/2025-SUP/EN/SUP179.png,,,,,,,,,,,,,,,,,,,,
SUP180,SUP,,,,,,,,,,,,,,,,,,,,,,,,,,,,,,,SUP180,https://storage.googleapis.com/cardfaces/2025-SUP/EN/SUP180.png,,,,,,,,,,,,,,,,,,,,
SUP181,SUP,,,,,,,,,,,,,,,,,,,,,,,,,,,,,,,SUP181,https://storage.googleapis.com/cardfaces/2025-SUP/EN/SUP181.png,,,,,,,,,,,,,,,,,,,,
SUP182,SUP,,,,,,,,,,,,,,,,,,,,,,,,,,,,,,,SUP182,https://storage.googleapis.com/cardfaces/2025-SUP/EN/SUP182.png,,,,,,,,,,,,,,,,,,,,
SUP183,SUP,,,,,,,,,,,,,,,,,,,,,,,,,,,,,,,SUP183,https://storage.googleapis.com/cardfaces/2025-SUP/EN/SUP183.png,,,,,,,,,,,,,,,,,,,,
SUP184,SUP,,,,,,,,,,,,,,,,,,,,,,,,,,,,,,,SUP184,https://storage.googleapis.com/cardfaces/2025-SUP/EN/SUP184.png,,,,,,,,,,,,,,,,,,,,
SUP185,SUP,,,,,,,,,,,,,,,,,,,,,,,,,,,,,,,SUP185,https://storage.googleapis.com/cardfaces/2025-SUP/EN/SUP185.png,,,,,,,,,,,,,,,,,,,,
SUP186,SUP,,,,,,,,,,,,,,,,,,,,,,,,,,,,,,,SUP186,https://storage.googleapis.com/cardfaces/2025-SUP/EN/SUP186.png,,,,,,,,,,,,,,,,,,,,
SUP187,SUP,,,,,,,,,,,,,,,,,,,,,,,,,,,,,,,SUP187,https://storage.googleapis.com/cardfaces/2025-SUP/EN/SUP187.png,,,,,,,,,,,,,,,,,,,,
SUP188,SUP,,,,,,,,,,,,,,,,,,,,,,,,,,,,,,,SUP188,https://storage.googleapis.com/cardfaces/2025-SUP/EN/SUP188.png,,,,,,,,,,,,,,,,,,,,
SUP189,SUP,,,,,,,,,,,,,,,,,,,,,,,,,,,,,,,SUP189,https://storage.googleapis.com/cardfaces/2025-SUP/EN/SUP189.png,,,,,,,,,,,,,,,,,,,,
SUP190,SUP,,,,,,,,,,,,,,,,,,,,,,,,,,,,,,,SUP190,https://storage.googleapis.com/cardfaces/2025-SUP/EN/SUP190.png,,,,,,,,,,,,,,,,,,,,
SUP191,SUP,,,,,,,,,,,,,,,,,,,,,,,,,,,,,,,SUP191,https://storage.googleapis.com/cardfaces/2025-SUP/EN/SUP191.png,,,,,,,,,,,,,,,,,,,,
SUP192,SUP,,,,,,,,,,,,,,,,,,,,,,,,,,,,,,,SUP192,https://storage.googleapis.com/cardfaces/2025-SUP/EN/SUP192.png,,,,,,,,,,,,,,,,,,,,
SUP193,SUP,,,,,,,,,,,,,,,,,,,,,,,,,,,,,,,SUP193,https://storage.googleapis.com/cardfaces/2025-SUP/EN/SUP193.png,,,,,,,,,,,,,,,,,,,,
SUP194,SUP,,,,,,,,,,,,,,,,,,,,,,,,,,,,,,,SUP194,https://storage.googleapis.com/cardfaces/2025-SUP/EN/SUP194.png,,,,,,,,,,,,,,,,,,,,
SUP195,SUP,,,,,,,,,,,,,,,,,,,,,,,,,,,,,,,SUP195,https://storage.googleapis.com/cardfaces/2025-SUP/EN/SUP195.png,,,,,,,,,,,,,,,,,,,,
SUP196,SUP,,,,,,,,,,,,,,,,,,,,,,,,,,,,,,,SUP196,https://storage.googleapis.com/cardfaces/2025-SUP/EN/SUP196.png,,,,,,,,,,,,,,,,,,,,
SUP197,SUP,,,,,,,,,,,,,,,,,,,,,,,,,,,,,,,SUP197,https://storage.googleapis.com/cardfaces/2025-SUP/EN/SUP197.png,,,,,,,,,,,,,,,,,,,,
SUP198,SUP,,,,,,,,,,,,,,,,,,,,,,,,,,,,,,,SUP198,https://storage.googleapis.com/cardfaces/2025-SUP/EN/SUP198.png,,,,,,,,,,,,,,,,,,,,
SUP199,SUP,,,,,,,,,,,,,,,,,,,,,,,,,,,,,,,SUP199,https://storage.googleapis.com/cardfaces/2025-SUP/EN/SUP199.png,,,,,,,,,,,,,,,,,,,,
SUP200,SUP,,,,,,,,,,,,,,,,,,,,,,,,,,,,,,,SUP200,https://storage.googleapis.com/cardfaces/2025-SUP/EN/SUP200.png,,,,,,,,,,,,,,,,,,,,
SUP201,SUP,,,,,,,,,,,,,,,,,,,,,,,,,,,,,,,SUP201,https://storage.googleapis.com/cardfaces/2025-SUP/EN/SUP201.png,,,,,,,,,,,,,,,,,,,,
SUP202,SUP,,,,,,,,,,,,,,,,,,,,,,,,,,,,,,,SUP202,https://storage.googleapis.com/cardfaces/2025-SUP/EN/SUP202.png,,,,,,,,,,,,,,,,,,,,
SUP203,SUP,,,,,,,,,,,,,,,,,,,,,,,,,,,,,,,SUP203,https://storage.googleapis.com/cardfaces/2025-SUP/EN/SUP203.png,,,,,,,,,,,,,,,,,,,,
SUP204,SUP,,,,,,,,,,,,,,,,,,,,,,,,,,,,,,,SUP204,https://storage.googleapis.com/cardfaces/2025-SUP/EN/SUP204.png,,,,,,,,,,,,,,,,,,,,
SUP205,SUP,,,,,,,,,,,,,,,,,,,,,,,,,,,,,,,SUP205,https://storage.googleapis.com/cardfaces/2025-SUP/EN/SUP205.png,,,,,,,,,,,,,,,,,,,,
SUP206,SUP,,,,,,,,,,,,,,,,,,,,,,,,,,,,,,,SUP206,https://storage.googleapis.com/cardfaces/2025-SUP/EN/SUP206.png,,,,,,,,,,,,,,,,,,,,
SUP207,SUP,,,,,,,,,,,,,,,,,,,,,,,,,,,,,,,SUP207,https://storage.googleapis.com/cardfaces/2025-SUP/EN/SUP207.png,,,,,,,,,,,,,,,,,,,,
SUP208,SUP,,,,,,,,,,,,,,,,,,,,,,,,,,,,,,,SUP208,https://storage.googleapis.com/cardfaces/2025-SUP/EN/SUP208.png,,,,,,,,,,,,,,,,,,,,
SUP209,SUP,,,,,,,,,,,,,,,,,,,,,,,,,,,,,,,SUP209,https://storage.googleapis.com/cardfaces/2025-SUP/EN/SUP209.png,,,,,,,,,,,,,,,,,,,,
SUP210,SUP,,,,,,,,,,,,,,,,,,,,,,,,,,,,,,,SUP210,https://storage.googleapis.com/cardfaces/2025-SUP/EN/SUP210.png,,,,,,,,,,,,,,,,,,,,
SUP211,SUP,,,,,,,,,,,,,,,,,,,,,,,,,,,,,,,SUP211,https://storage.googleapis.com/cardfaces/2025-SUP/EN/SUP211.png,,,,,,,,,,,,,,,,,,,,
SUP212,SUP,,,,,,,,,,,,,,,,,,,,,,,,,,,,,,,SUP212,https://storage.googleapis.com/cardfaces/2025-SUP/EN/SUP212.png,,,,,,,,,,,,,,,,,,,,
SUP213,SUP,,,,,,,,,,,,,,,,,,,,,,,,,,,,,,,SUP213,https://storage.googleapis.com/cardfaces/2025-SUP/EN/SUP213.png,,,,,,,,,,,,,,,,,,,,
SUP214,SUP,,,,,,,,,,,,,,,,,,,,,,,,,,,,,,,SUP214,https://storage.googleapis.com/cardfaces/2025-SUP/EN/SUP214.png,,,,,,,,,,,,,,,,,,,,
SUP215,SUP,,,,,,,,,,,,,,,,,,,,,,,,,,,,,,,SUP215,https://storage.googleapis.com/cardfaces/2025-SUP/EN/SUP215.png,,,,,,,,,,,,,,,,,,,,
SUP216,SUP,,,,,,,,,,,,,,,,,,,,,,,,,,,,,,,SUP216,https://storage.googleapis.com/cardfaces/2025-SUP/EN/SUP216.png,,,,,,,,,,,,,,,,,,,,
SUP217,SUP,,,,,,,,,,,,,,,,,,,,,,,,,,,,,,,SUP217,https://storage.googleapis.com/cardfaces/2025-SUP/EN/SUP217.png,,,,,,,,,,,,,,,,,,,,
SUP218,SUP,,,,,,,,,,,,,,,,,,,,,,,,,,,,,,,SUP218,https://storage.googleapis.com/cardfaces/2025-SUP/EN/SUP218.png,,,,,,,,,,,,,,,,,,,,
SUP219,SUP,,,,,,,,,,,,,,,,,,,,,,,,,,,,,,,SUP219,https://storage.googleapis.com/cardfaces/2025-SUP/EN/SUP219.png,,,,,,,,,,,,,,,,,,,,
SUP220,SUP,,,,,,,,,,,,,,,,,,,,,,,,,,,,,,,SUP220,https://storage.googleapis.com/cardfaces/2025-SUP/EN/SUP220.png,,,,,,,,,,,,,,,,,,,,
SUP221,SUP,,,,,,,,,,,,,,,,,,,,,,,,,,,,,,,SUP221,https://storage.googleapis.com/cardfaces/2025-SUP/EN/SUP221.png,,,,,,,,,,,,,,,,,,,,
SUP222,SUP,,,,,,,,,,,,,,,,,,,,,,,,,,,,,,,SUP222,https://storage.googleapis.com/cardfaces/2025-SUP/EN/SUP222.png,,,,,,,,,,,,,,,,,,,,
SUP223,SUP,,,,,,,,,,,,,,,,,,,,,,,,,,,,,,,SUP223,https://storage.googleapis.com/cardfaces/2025-SUP/EN/SUP223.png,,,,,,,,,,,,,,,,,,,,
SUP224,SUP,,,,,,,,,,,,,,,,,,,,,,,,,,,,,,,SUP224,https://storage.googleapis.com/cardfaces/2025-SUP/EN/SUP224.png,,,,,,,,,,,,,,,,,,,,
SUP225,SUP,,,,,,,,,,,,,,,,,,,,,,,,,,,,,,,SUP225,https://storage.googleapis.com/cardfaces/2025-SUP/EN/SUP225.png,,,,,,,,,,,,,,,,,,,,
SUP226,SUP,,,,,,,,,,,,,,,,,,,,,,,,,,,,,,,SUP226,https://storage.googleapis.com/cardfaces/2025-SUP/EN/SUP226.png,,,,,,,,,,,,,,,,,,,,
SUP227,SUP,,,,,,,,,,,,,,,,,,,,,,,,,,,,,,,SUP227,https://storage.googleapis.com/cardfaces/2025-SUP/EN/SUP227.png,,,,,,,,,,,,,,,,,,,,
SUP228,SUP,,,,,,,,,,,,,,,,,,,,,,,,,,,,,,,SUP228,https://storage.googleapis.com/cardfaces/2025-SUP/EN/SUP228.png,,,,,,,,,,,,,,,,,,,,
SUP229,SUP,,,,,,,,,,,,,,,,,,,,,,,,,,,,,,,SUP229,https://storage.googleapis.com/cardfaces/2025-SUP/EN/SUP229.png,,,,,,,,,,,,,,,,,,,,
SUP230,SUP,,,,,,,,,,,,,,,,,,,,,,,,,,,,,,,SUP230,https://storage.googleapis.com/cardfaces/2025-SUP/EN/SUP230.png,,,,,,,,,,,,,,,,,,,,
SUP231,SUP,,,,,,,,,,,,,,,,,,,,,,,,,,,,,,,SUP231,https://storage.googleapis.com/cardfaces/2025-SUP/EN/SUP231.png,,,,,,,,,,,,,,,,,,,,
SUP232,SUP,,,,,,,,,,,,,,,,,,,,,,,,,,,,,,,SUP232,https://storage.googleapis.com/cardfaces/2025-SUP/EN/SUP232.png,,,,,,,,,,,,,,,,,,,,
SUP233,SUP,,,,,,,,,,,,,,,,,,,,,,,,,,,,,,,SUP233,https://storage.googleapis.com/cardfaces/2025-SUP/EN/SUP233.png,,,,,,,,,,,,,,,,,,,,
SUP234,SUP,,,,,,,,,,,,,,,,,,,,,,,,,,,,,,,SUP234,https://storage.googleapis.com/cardfaces/2025-SUP/EN/SUP234.png,,,,,,,,,,,,,,,,,,,,
SUP235,SUP,,,,,,,,,,,,,,,,,,,,,,,,,,,,,,,SUP235,https://storage.googleapis.com/cardfaces/2025-SUP/EN/SUP235.png,,,,,,,,,,,,,,,,,,,,
SUP236,SUP,,,,,,,,,,,,,,,,,,,,,,,,,,,,,,,SUP236,https://storage.googleapis.com/cardfaces/2025-SUP/EN/SUP236.png,,,,,,,,,,,,,,,,,,,,
SUP237,SUP,,,,,,,,,,,,,,,,,,,,,,,,,,,,,,,SUP237,https://storage.googleapis.com/cardfaces/2025-SUP/EN/SUP237.png,,,,,,,,,,,,,,,,,,,,
SUP238,SUP,,,,,,,,,,,,,,,,,,,,,,,,,,,,,,,SUP238,https://storage.googleapis.com/cardfaces/2025-SUP/EN/SUP238.png,,,,,,,,,,,,,,,,,,,,
SUP239,SUP,,,,,,,,,,,,,,,,,,,,,,,,,,,,,,,SUP239,https://storage.googleapis.com/cardfaces/2025-SUP/EN/SUP239.png,,,,,,,,,,,,,,,,,,,,
SUP240,SUP,,,,,,,,,,,,,,,,,,,,,,,,,,,,,,,SUP240,https://storage.googleapis.com/cardfaces/2025-SUP/EN/SUP240.png,,,,,,,,,,,,,,,,,,,,
SUP241,SUP,,,,,,,,,,,,,,,,,,,,,,,,,,,,,,,SUP241,https://storage.googleapis.com/cardfaces/2025-SUP/EN/SUP241.png,,,,,,,,,,,,,,,,,,,,
SUP242,SUP,,,,,,,,,,,,,,,,,,,,,,,,,,,,,,,SUP242,https://storage.googleapis.com/cardfaces/2025-SUP/EN/SUP242.png,,,,,,,,,,,,,,,,,,,,
SUP243,SUP,,,,,,,,,,,,,,,,,,,,,,,,,,,,,,,SUP243,https://storage.googleapis.com/cardfaces/2025-SUP/EN/SUP243.png,,,,,,,,,,,,,,,,,,,,
SUP244,SUP,,,,,,,,,,,,,,,,,,,,,,,,,,,,,,,SUP244,https://storage.googleapis.com/cardfaces/2025-SUP/EN/SUP244.png,,,,,,,,,,,,,,,,,,,,
SUP245,SUP,,,,,,,,,,,,,,,,,,,,,,,,,,,,,,,SUP245,https://storage.googleapis.com/cardfaces/2025-SUP/EN/SUP245.png,,,,,,,,,,,,,,,,,,,,
SUP246,SUP,,,,,,,,,,,,,,,,,,,,,,,,,,,,,,,SUP246,https://storage.googleapis.com/cardfaces/2025-SUP/EN/SUP246.png,,,,,,,,,,,,,,,,,,,,
SUP247,SUP,,,,,,,,,,,,,,,,,,,,,,,,,,,,,,,SUP247,https://storage.googleapis.com/cardfaces/2025-SUP/EN/SUP247.png,,,,,,,,,,,,,,,,,,,,
SUP248,SUP,,,,,,,,,,,,,,,,,,,,,,,,,,,,,,,SUP248,https://storage.googleapis.com/cardfaces/2025-SUP/EN/SUP248.png,,,,,,,,,,,,,,,,,,,,
SUP249,SUP,,,,,,,,,,,,,,,,,,,,,,,,,,,,,,,SUP249,https://storage.googleapis.com/cardfaces/2025-SUP/EN/SUP249.png,,,,,,,,,,,,,,,,,,,,
SUP250,SUP,,,,,,,,,,,,,,,,,,,,,,,,,,,,,,,SUP250,https://storage.googleapis.com/cardfaces/2025-SUP/EN/SUP250.png,,,,,,,,,,,,,,,,,,,,
SUP251,SUP,,,,,,,,,,,,,,,,,,,,,,,,,,,,,,,SUP251,https://storage.googleapis.com/cardfaces/2025-SUP/EN/SUP251.png,,,,,,,,,,,,,,,,,,,,
SUP252,SUP,,,,,,,,,,,,,,,,,,,,,,,,,,,,,,,SUP252,https://storage.googleapis.com/cardfaces/2025-SUP/EN/SUP252.png,,,,,,,,,,,,,,,,,,,,
SUP253,SUP,,,,,,,,,,,,,,,,,,,,,,,,,,,,,,,SUP253,https://storage.googleapis.com/cardfaces/2025-SUP/EN/SUP253.png,,,,,,,,,,,,,,,,,,,,
SUP254,SUP,,,,,,,,,,,,,,,,,,,,,,,,,,,,,,,SUP254,https://storage.googleapis.com/cardfaces/2025-SUP/EN/SUP254.png,,,,,,,,,,,,,,,,,,,,
SUP255,SUP,,,,,,,,,,,,,,,,,,,,,,,,,,,,,,,SUP255,https://storage.googleapis.com/cardfaces/2025-SUP/EN/SUP255.png,,,,,,,,,,,,,,,,,,,,
SUP256,SUP,,,,,,,,,,,,,,,,,,,,,,,,,,,,,,,SUP256,https://storage.googleapis.com/cardfaces/2025-SUP/EN/SUP256.png,,,,,,,,,,,,,,,,,,,,
SUP257,SUP,,,,,,,,,,,,,,,,,,,,,,,,,,,,,,,SUP257,https://storage.googleapis.com/cardfaces/2025-SUP/EN/SUP257.png,,,,,,,,,,,,,,,,,,,,
SUP258,SUP,,,,,,,,,,,,,,,,,,,,,,,,,,,,,,,SUP258,https://storage.googleapis.com/cardfaces/2025-SUP/EN/SUP258.png,,,,,,,,,,,,,,,,,,,,
SUP259,SUP,,,,,,,,,,,,,,,,,,,,,,,,,,,,,,,SUP259,https://storage.googleapis.com/cardfaces/2025-SUP/EN/SUP259.png,,,,,,,,,,,,,,,,,,,,
SUP260,SUP,,,,,,,,,,,,,,,,,,,,,,,,,,,,,,,SUP260,https://storage.googleapis.com/cardfaces/2025-SUP/EN/SUP260.png,,,,,,,,,,,,,,,,,,,,
SUP261,SUP,,,,,,,,,,,,,,,,,,,,,,,,,,,,,,,SUP261,https://storage.googleapis.com/cardfaces/2025-SUP/EN/SUP261.png,,,,,,,,,,,,,,,,,,,,
SUP262,SUP,,,,,,,,,,,,,,,,,,,,,,,,,,,,,,,SUP262,https://storage.googleapis.com/cardfaces/2025-SUP/EN/SUP262.png,,,,,,,,,,,,,,,,,,,,
SUP263,SUP,,,,,,,,,,,,,,,,,,,,,,,,,,,,,,,SUP263,https://storage.googleapis.com/cardfaces/2025-SUP/EN/SUP263.png,,,,,,,,,,,,,,,,,,,,
SUP264,SUP,,,,,,,,,,,,,,,,,,,,,,,,,,,,,,,SUP264,https://storage.googleapis.com/cardfaces/2025-SUP/EN/SUP264.png,,,,,,,,,,,,,,,,,,,,
SUP265,SUP,,,,,,,,,,,,,,,,,,,,,,,,,,,,,,,SUP265,https://storage.googleapis.com/cardfaces/2025-SUP/EN/SUP265.png,,,,,,,,,,,,,,,,,,,,
SUP266,SUP,,,,,,,,,,,,,,,,,,,,,,,,,,,,,,,SUP266,https://storage.googleapis.com/cardfaces/2025-SUP/EN/SUP266.png,,,,,,,,,,,,,,,,,,,,
SUP267,SUP,,,,,,,,,,,,,,,,,,,,,,,,,,,,,,,SUP267,https://storage.googleapis.com/cardfaces/2025-SUP/EN/SUP267.png,,,,,,,,,,,,,,,,,,,,
SUP268,SUP,,,,,,,,,,,,,,,,,,,,,,,,,,,,,,,SUP268,https://storage.googleapis.com/cardfaces/2025-SUP/EN/SUP268.png,,,,,,,,,,,,,,,,,,,,
SUP269,SUP,,,,,,,,,,,,,,,,,,,,,,,,,,,,,,,SUP269,https://storage.googleapis.com/cardfaces/2025-SUP/EN/SUP269.png,,,,,,,,,,,,,,,,,,,,
SUP270,SUP,,,,,,,,,,,,,,,,,,,,,,,,,,,,,,,SUP270,https://storage.googleapis.com/cardfaces/2025-SUP/EN/SUP270.png,,,,,,,,,,,,,,,,,,,,
SUP271,SUP,,,,,,,,,,,,,,,,,,,,,,,,,,,,,,,SUP271,https://storage.googleapis.com/cardfaces/2025-SUP/EN/SUP271.png,,,,,,,,,,,,,,,,,,,,
SUP272,SUP,,,,,,,,,,,,,,,,,,,,,,,,,,,,,,,SUP272,https://storage.googleapis.com/cardfaces/2025-SUP/EN/SUP272.png,,,,,,,,,,,,,,,,,,,,
SUP273,SUP,,,,,,,,,,,,,,,,,,,,,,,,,,,,,,,SUP273,https://storage.googleapis.com/cardfaces/2025-SUP/EN/SUP273.png,,,,,,,,,,,,,,,,,,,,
SUP274,SUP,,,,,,,,,,,,,,,,,,,,,,,,,,,,,,,SUP274,https://storage.googleapis.com/cardfaces/2025-SUP/EN/SUP274.png,,,,,,,,,,,,,,,,,,,,
SUP275,SUP,,,,,,,,,,,,,,,,,,,,,,,,,,,,,,,SUP275,https://storage.googleapis.com/cardfaces/2025-SUP/EN/SUP275.png,,,,,,,,,,,,,,,,,,,,