Identifiers,Set Identifiers,Name,Color,Pitch,Cost,Power,Defense,Life,Intelligence,Arcane,Types,Traits,Card Keywords,Abilities and Effects,Ability and Effect Keywords,Granted Keywords,Removed Keywords,Interacts with Keywords,Functional Text,Type Text,Card Played Horizontally,Blitz Legal,CC Legal,Silver Age Legal,LL Legal,Rarity,Foiling,Art Variations,Artists,Expansion Slot,Flavor Text,Identifier,Image URL,TCGPlayer Product Id,TCGPlayer Url,Rarity 2,Foiling 2,Art Variations 2,Artists 2,Expansion Slot 2,Flavor Text 2,Identifier 2,Image URL 2,TCGPlayer Product Id 2,TCGPlayer Url 2,Rarity 3,Foiling 3,Art Variations 3,Artists 3,Expansion Slot 3,Flavor Text 3,Identifier 3,Image URL 3,Rarity 4,Foiling 4,Art Variations 4,Artists 4,Expansion Slot 4,Flavor Text 4,Identifier 4,Image URL 4,Rarity 5,Foiling 5,Art Variations 5,Artists 5,Expansion Slot 5,Flavor Text 5,Identifier 5,Image URL 5,,,Rarity 6,Foiling 6,Art Variations 6,Artists 6,Expansion Slot 6,Flavor Text 6,Identifier 6,Image URL 6
TNP001,TNP,Wild Ride,Red,1,,,,,,,,,,,,,,,,,,,,,,P,C,FA,,,,TNP001,https://storage.googleapis.com/fabmaster/cardfaces/TNP/TNP001-MV.png,,,,C,FA,,,,TNP001,https://storage.googleapis.com/fabmaster/cardfaces/TNP/TNP001-MV_BACK.png,,,,,,,,,,,,,,,,,,,,,,,,,,,,,,,,,,,,
TNP002,TNP,Wild Ride,Yellow,2,,,,,,,,,,,,,,,,,,,,,,P,C,FA,,,,TNP002,https://storage.googleapis.com/fabmaster/cardfaces/TNP/TNP002-MV.png,,,,C,FA,,,,TNP002,https://storage.googleapis.com/fabmaster/cardfaces/TNP/TNP002-MV_BACK.png,,,,,,,,,,,,,,,,,,,,,,,,,,,,,,,,,,,,
TNP003,TNP,Wild Ride,Blue,3,,,,,,,,,,,,,,,,,,,,,,P,C,FA,,,,TNP003,https://storage.googleapis.com/fabmaster/cardfaces/TNP/TNP003-MV.png,,,,C,FA,,,,TNP003,https://storage.googleapis.com/fabmaster/cardfaces/TNP/TNP003-MV_BACK.png,,,,,,,,,,,,,,,,,,,,,,,,,,,,,,,,,,,,
TNP004,TNP,Infecting Shot,Red,1,,,,,,,,,,,,,,,,,,,,,,P,C,FA,,,,TNP004,https://storage.googleapis.com/fabmaster/cardfaces/TNP/TNP004-MV.png,,,,C,FA,,,,TNP004,https://storage.googleapis.com/fabmaster/cardfaces/TNP/TNP004-MV_BACK.png,,,,,,,,,,,,,,,,,,,,,,,,,,,,,,,,,,,,
TNP005,TNP,Infecting Shot,Yellow,2,,,,,,,,,,,,,,,,,,,,,,P,C,FA,,,,TNP005,https://storage.googleapis.com/fabmaster/cardfaces/TNP/TNP005-MV.png,,,,C,FA,,,,TNP005,https://storage.googleapis.com/fabmaster/cardfaces/TNP/TNP005-MV_BACK.png,,,,,,,,,,,,,,,,,,,,,,,,,,,,,,,,,,,,
TNP006,TNP,Infecting Shot,Blue,3,,,,,,,,,,,,,,,,,,,,,,P,C,FA,,,,TNP006,https://storage.googleapis.com/fabmaster/cardfaces/TNP/TNP006-MV.png,,,,C,FA,,,,TNP006,https://storage.googleapis.com/fabmaster/cardfaces/TNP/TNP006-MV_BACK.png,,,,,,,,,,,,,,,,,,,,,,,,,,,,,,,,,,,,
TNP007,TNP,Emeritus Scolding,Red,1,,,,,,,,,,,,,,,,,,,,,,P,C,FA,,,,TNP007,https://storage.googleapis.com/fabmaster/cardfaces/TNP/TNP007-MV.png,,,,C,FA,,,,TNP007,https://storage.googleapis.com/fabmaster/cardfaces/TNP/TNP007-MV_BACK.png,,,,,,,,,,,,,,,,,,,,,,,,,,,,,,,,,,,,
TNP008,TNP,Emeritus Scolding,Yellow,2,,,,,,,,,,,,,,,,,,,,,,P,C,FA,,,,TNP008,https://storage.googleapis.com/fabmaster/cardfaces/TNP/TNP008-MV.png,,,,C,FA,,,,TNP008,https://storage.googleapis.com/fabmaster/cardfaces/TNP/TNP008-MV_BACK.png,,,,,,,,,,,,,,,,,,,,,,,,,,,,,,,,,,,,
TNP009,TNP,Emeritus Scolding,Blue,3,,,,,,,,,,,,,,,,,,,,,,P,C,FA,,,,TNP009,https://storage.googleapis.com/fabmaster/cardfaces/TNP/TNP009-MV.png,,,,C,FA,,,,TNP009,https://storage.googleapis.com/fabmaster/cardfaces/TNP/TNP009-MV_BACK.png,,,,,,,,,,,,,,,,,,,,,,,,,,,,,,,,,,,,
TNP010,TNP,Warrior's Valor,Red,1,,,,,,,,,,,,,,,,,,,,,,P,C,FA,,,,TNP010,https://storage.googleapis.com/fabmaster/cardfaces/TNP/TNP010-MV.png,,,,C,FA,,,,TNP010,https://storage.googleapis.com/fabmaster/cardfaces/TNP/TNP010-MV_BACK.png,,,,,,,,,,,,,,,,,,,,,,,,,,,,,,,,,,,,
TNP011,TNP,Warrior's Valor,Yellow,2,,,,,,,,,,,,,,,,,,,,,,P,C,FA,,,,TNP011,https://storage.googleapis.com/fabmaster/cardfaces/TNP/TNP011-MV.png,,,,C,FA,,,,TNP011,https://storage.googleapis.com/fabmaster/cardfaces/TNP/TNP011-MV_BACK.png,,,,,,,,,,,,,,,,,,,,,,,,,,,,,,,,,,,,
TNP012,TNP,Warrior's Valor,Blue,3,,,,,,,,,,,,,,,,,,,,,,P,C,FA,,,,TNP012,https://storage.googleapis.com/fabmaster/cardfaces/TNP/TNP012-MV.png,,,,C,FA,,,,TNP012,https://storage.googleapis.com/fabmaster/cardfaces/TNP/TNP012-MV_BACK.png,,,,,,,,,,,,,,,,,,,,,,,,,,,,,,,,,,,,
TNP013,TNP,Shred,Red,1,,,,,,,,,,,,,,,,,,,,,,P,C,FA,,,,TNP013,https://storage.googleapis.com/fabmaster/cardfaces/TNP/TNP013-MV.png,,,,C,FA,,,,TNP013,https://storage.googleapis.com/fabmaster/cardfaces/TNP/TNP013-MV_BACK.png,,,,,,,,,,,,,,,,,,,,,,,,,,,,,,,,,,,,
TNP014,TNP,Shred,Yellow,2,,,,,,,,,,,,,,,,,,,,,,P,C,FA,,,,TNP014,https://storage.googleapis.com/fabmaster/cardfaces/TNP/TNP014-MV.png,,,,C,FA,,,,TNP014,https://storage.googleapis.com/fabmaster/cardfaces/TNP/TNP014-MV_BACK.png,,,,,,,,,,,,,,,,,,,,,,,,,,,,,,,,,,,,
TNP015,TNP,Shred,Blue,3,,,,,,,,,,,,,,,,,,,,,,P,C,FA,,,,TNP015,https://storage.googleapis.com/fabmaster/cardfaces/TNP/TNP015-MV.png,,,,C,FA,,,,TNP015,https://storage.googleapis.com/fabmaster/cardfaces/TNP/TNP015-MV_BACK.png,,,,,,,,,,,,,,,,,,,,,,,,,,,,,,,,,,,,
TNP016,TNP,Spears of Surreality,Red,1,,,,,,,,,,,,,,,,,,,,,,P,C,FA,,,,TNP016,https://storage.googleapis.com/fabmaster/cardfaces/TNP/TNP016-MV.png,,,,C,FA,,,,TNP016,https://storage.googleapis.com/fabmaster/cardfaces/TNP/TNP016-MV_BACK.png,,,,,,,,,,,,,,,,,,,,,,,,,,,,,,,,,,,,
TNP017,TNP,Spears of Surreality,Yellow,2,,,,,,,,,,,,,,,,,,,,,,P,C,FA,,,,TNP017,https://storage.googleapis.com/fabmaster/cardfaces/TNP/TNP017-MV.png,,,,C,FA,,,,TNP017,https://storage.googleapis.com/fabmaster/cardfaces/TNP/TNP017-MV_BACK.png,,,,,,,,,,,,,,,,,,,,,,,,,,,,,,,,,,,,
TNP018,TNP,Spears of Surreality,Blue,3,,,,,,,,,,,,,,,,,,,,,,P,C,FA,,,,TNP018,https://storage.googleapis.com/fabmaster/cardfaces/TNP/TNP018-MV.png,,,,C,FA,,,,TNP018,https://storage.googleapis.com/fabmaster/cardfaces/TNP/TNP018-MV_BACK.png,,,,,,,,,,,,,,,,,,,,,,,,,,,,,,,,,,,,
TNP019,TNP,Staunch Response,Red,1,,,,,,,,,,,,,,,,,,,,,,P,C,FA,,,,TNP019,https://storage.googleapis.com/fabmaster/cardfaces/TNP/TNP019-MV.png,,,,C,FA,,,,TNP019,https://storage.googleapis.com/fabmaster/cardfaces/TNP/TNP019-MV_BACK.png,,,,,,,,,,,,,,,,,,,,,,,,,,,,,,,,,,,,
TNP020,TNP,Staunch Response,Yellow,2,,,,,,,,,,,,,,,,,,,,,,P,C,FA,,,,TNP020,https://storage.googleapis.com/fabmaster/cardfaces/TNP/TNP020-MV.png,,,,C,FA,,,,TNP020,https://storage.googleapis.com/fabmaster/cardfaces/TNP/TNP020-MV_BACK.png,,,,,,,,,,,,,,,,,,,,,,,,,,,,,,,,,,,,
TNP021,TNP,Staunch Response,Blue,3,,,,,,,,,,,,,,,,,,,,,,P,C,FA,,,,TNP021,https://storage.googleapis.com/fabmaster/cardfaces/TNP/TNP021-MV.png,,,,C,FA,,,,TNP021,https://storage.googleapis.com/fabmaster/cardfaces/TNP/TNP021-MV_BACK.png,,,,,,,,,,,,,,,,,,,,,,,,,,,,,,,,,,,,
TNP022,TNP,Flic Flak,Red,1,,,,,,,,,,,,,,,,,,,,No,,P,C,FA,,,,TNP022,https://storage.googleapis.com/fabmaster/cardfaces/TNP/TNP022-MV.png,,,,C,FA,,,,TNP022,https://storage.googleapis.com/fabmaster/cardfaces/TNP/TNP022-MV_BACK.png,,,,,,,,,,,,,,,,,,,,,,,,,,,,,,,,,,,,
TNP023,TNP,Flic Flak,Yellow,2,,,,,,,,,,,,,,,,,,,,No,,P,C,FA,,,,TNP023,https://storage.googleapis.com/fabmaster/cardfaces/TNP/TNP023-MV.png,,,,C,FA,,,,TNP023,https://storage.googleapis.com/fabmaster/cardfaces/TNP/TNP023-MV_BACK.png,,,,,,,,,,,,,,,,,,,,,,,,,,,,,,,,,,,,
TNP024,TNP,Flic Flak,Blue,3,,,,,,,,,,,,,,,,,,,,No,,P,C,FA,,,,TNP024,https://storage.googleapis.com/fabmaster/cardfaces/TNP/TNP024-MV.png,,,,C,FA,,,,TNP024,https://storage.googleapis.com/fabmaster/cardfaces/TNP/TNP024-MV_BACK.png,,,,,,,,,,,,,,,,,,,,,,,,,,,,,,,,,,,,
TNP025,TNP,Mauvrion Skies,Red,1,,,,,,,,,,,,,,,,,,,,,,P,C,FA,,,,TNP025,https://storage.googleapis.com/fabmaster/cardfaces/TNP/TNP025-MV.png,,,,C,FA,,,,TNP025,https://storage.googleapis.com/fabmaster/cardfaces/TNP/TNP025-MV_BACK.png,,,,,,,,,,,,,,,,,,,,,,,,,,,,,,,,,,,,
TNP026,TNP,Mauvrion Skies,Yellow,2,,,,,,,,,,,,,,,,,,,,,,P,C,FA,,,,TNP026,https://storage.googleapis.com/fabmaster/cardfaces/TNP/TNP026-MV.png,,,,C,FA,,,,TNP026,https://storage.googleapis.com/fabmaster/cardfaces/TNP/TNP026-MV_BACK.png,,,,,,,,,,,,,,,,,,,,,,,,,,,,,,,,,,,,
TNP027,TNP,Mauvrion Skies,Blue,3,,,,,,,,,,,,,,,,,,,,,,P,C,FA,,,,TNP027,https://storage.googleapis.com/fabmaster/cardfaces/TNP/TNP027-MV.png,,,,C,FA,,,,TNP027,https://storage.googleapis.com/fabmaster/cardfaces/TNP/TNP027-MV_BACK.png,,,,,,,,,,,,,,,,,,,,,,,,,,,,,,,,,,,,
TNP028,TNP,Zipper Hit,Red,1,,,,,,,,,,,,,,,,,,,,,,P,C,FA,,,,TNP028,https://storage.googleapis.com/fabmaster/cardfaces/TNP/TNP028-MV.png,,,,C,FA,,,,TNP028,https://storage.googleapis.com/fabmaster/cardfaces/TNP/TNP028-MV_BACK.png,,,,,,,,,,,,,,,,,,,,,,,,,,,,,,,,,,,,
TNP029,TNP,Zipper Hit,Yellow,2,,,,,,,,,,,,,,,,,,,,,,P,C,FA,,,,TNP029,https://storage.googleapis.com/fabmaster/cardfaces/TNP/TNP029-MV.png,,,,C,FA,,,,TNP029,https://storage.googleapis.com/fabmaster/cardfaces/TNP/TNP029-MV_BACK.png,,,,,,,,,,,,,,,,,,,,,,,,,,,,,,,,,,,,
TNP030,TNP,Zipper Hit,Blue,3,,,,,,,,,,,,,,,,,,,,,,P,C,FA,,,,TNP030,https://storage.googleapis.com/fabmaster/cardfaces/TNP/TNP030-MV.png,,,,C,FA,,,,TNP030,https://storage.googleapis.com/fabmaster/cardfaces/TNP/TNP030-MV_BACK.png,,,,,,,,,,,,,,,,,,,,,,,,,,,,,,,,,,,,
TNP031,TNP,,,,,,,,,,,,,,,,,,,,,,,,,P,C,FA,,,,TNP031,https://storage.googleapis.com/fabmaster/cardfaces/TNP/TNP031-MV.png,,,,C,FA,,,,TNP031,https://storage.googleapis.com/fabmaster/cardfaces/TNP/TNP031-MV_BACK.png,,,,,,,,,,,,,,,,,,,,,,,,,,,,,,,,,,,,
TNP032,TNP,,,,,,,,,,,,,,,,,,,,,,,,,P,C,FA,,,,TNP032,https://storage.googleapis.com/fabmaster/cardfaces/TNP/TNP032-MV.png,,,,C,FA,,,,TNP032,https://storage.googleapis.com/fabmaster/cardfaces/TNP/TNP032-MV_BACK.png,,,,,,,,,,,,,,,,,,,,,,,,,,,,,,,,,,,,
TNP033,TNP,,,,,,,,,,,,,,,,,,,,,,,,,P,C,FA,,,,TNP033,https://storage.googleapis.com/fabmaster/cardfaces/TNP/TNP033-MV.png,,,,C,FA,,,,TNP033,https://storage.googleapis.com/fabmaster/cardfaces/TNP/TNP033-MV_BACK.png,,,,,,,,,,,,,,,,,,,,,,,,,,,,,,,,,,,,
TNP034,TNP,,,,,,,,,,,,,,,,,,,,,,,,,P,C,FA,,,,TNP034,https://storage.googleapis.com/fabmaster/cardfaces/TNP/TNP034-MV.png,,,,C,FA,,,,TNP034,https://storage.googleapis.com/fabmaster/cardfaces/TNP/TNP034-MV_BACK.png,,,,,,,,,,,,,,,,,,,,,,,,,,,,,,,,,,,,
TNP035,TNP,,,,,,,,,,,,,,,,,,,,,,,,,P,C,FA,,,,TNP035,https://storage.googleapis.com/fabmaster/cardfaces/TNP/TNP035-MV.png,,,,C,FA,,,,TNP035,https://storage.googleapis.com/fabmaster/cardfaces/TNP/TNP035-MV_BACK.png,,,,,,,,,,,,,,,,,,,,,,,,,,,,,,,,,,,,
TNP036,TNP,,,,,,,,,,,,,,,,,,,,,,,,,P,C,FA,,,,TNP036,https://storage.googleapis.com/fabmaster/cardfaces/TNP/TNP036-MV.png,,,,C,FA,,,,TNP036,https://storage.googleapis.com/fabmaster/cardfaces/TNP/TNP036-MV_BACK.png,,,,,,,,,,,,,,,,,,,,,,,,,,,,,,,,,,,,
TNP037,TNP,,,,,,,,,,,,,,,,,,,,,,,,,P,C,FA,,,,TNP037,https://storage.googleapis.com/fabmaster/cardfaces/TNP/TNP037-MV.png,,,,C,FA,,,,GEM105,https://storage.googleapis.com/fabmaster/cardfaces/GEM/GEM105-MV_BACK.png,,,,,,,,,,,,,,,,,,,,,,,,,,,,,,,,,,,,
TNP038,TNP,,,,,,,,,,,,,,,,,,,,,,,,,P,C,FA,,,,TNP038,https://storage.googleapis.com/fabmaster/cardfaces/TNP/TNP038-MV.png,,,,C,FA,,,,TNP038,https://storage.googleapis.com/fabmaster/cardfaces/TNP/TNP038-MV_BACK.png,,,,,,,,,,,,,,,,,,,,,,,,,,,,,,,,,,,,
TNP039,TNP,,,,,,,,,,,,,,,,,,,,,,,,,P,C,FA,,,,TNP039,https://storage.googleapis.com/fabmaster/cardfaces/TNP/TNP039-MV.png,,,,C,FA,,,,TNP039,https://storage.googleapis.com/fabmaster/cardfaces/TNP/TNP039-MV_BACK.png,,,,,,,,,,,,,,,,,,,,,,,,,,,,,,,,,,,,
TNP040,TNP,,,,,,,,,,,,,,,,,,,,,,,,,P,C,FA,,,,TNP040,https://storage.googleapis.com/fabmaster/cardfaces/TNP/TNP040-MV.png,,,,C,FA,,,,TNP040,https://storage.googleapis.com/fabmaster/cardfaces/TNP/TNP040-MV_BACK.png,,,,,,,,,,,,,,,,,,,,,,,,,,,,,,,,,,,,
TNP041,TNP,,,,,,,,,,,,,,,,,,,,,,,,,P,C,FA,,,,TNP041,https://storage.googleapis.com/fabmaster/cardfaces/TNP/TNP041-MV.png,,,,C,FA,,,,TNP041,https://storage.googleapis.com/fabmaster/cardfaces/TNP/TNP041-MV_BACK.png,,,,,,,,,,,,,,,,,,,,,,,,,,,,,,,,,,,,
TNP042,TNP,,,,,,,,,,,,,,,,,,,,,,,,,P,C,FA,,,,TNP042,https://storage.googleapis.com/fabmaster/cardfaces/TNP/TNP042-MV.png,,,,C,FA,,,,TNP042,https://storage.googleapis.com/fabmaster/cardfaces/TNP/TNP042-MV_BACK.png,,,,,,,,,,,,,,,,,,,,,,,,,,,,,,,,,,,,
TNP043,TNP,,,,,,,,,,,,,,,,,,,,,,,,,P,C,FA,,,,TNP043,https://storage.googleapis.com/fabmaster/cardfaces/TNP/TNP043-MV.png,,,,C,FA,,,,TNP043,https://storage.googleapis.com/fabmaster/cardfaces/TNP/TNP043-MV_BACK.png,,,,,,,,,,,,,,,,,,,,,,,,,,,,,,,,,,,,
TNP044,TNP,,,,,,,,,,,,,,,,,,,,,,,,,P,C,FA,,,,TNP044,https://storage.googleapis.com/fabmaster/cardfaces/TNP/TNP044-MV.png,,,,C,FA,,,,TNP044,https://storage.googleapis.com/fabmaster/cardfaces/TNP/TNP044-MV_BACK.png,,,,,,,,,,,,,,,,,,,,,,,,,,,,,,,,,,,,
TNP045,TNP,,,,,,,,,,,,,,,,,,,,,,,,,P,C,FA,,,,TNP045,https://storage.googleapis.com/fabmaster/cardfaces/TNP/TNP045-MV.png,,,,C,FA,,,,TNP045,https://storage.googleapis.com/fabmaster/cardfaces/TNP/TNP045-MV_BACK.png,,,,,,,,,,,,,,,,,,,,,,,,,,,,,,,,,,,,
TNP046,TNP,,,,,,,,,,,,,,,,,,,,,,,,,P,C,FA,,,,TNP046,https://storage.googleapis.com/fabmaster/cardfaces/TNP/TNP046-MV.png,,,,C,FA,,,,TNP046,https://storage.googleapis.com/fabmaster/cardfaces/TNP/TNP046-MV_BACK.png,,,,,,,,,,,,,,,,,,,,,,,,,,,,,,,,,,,,
TNP047,TNP,,,,,,,,,,,,,,,,,,,,,,,,,P,C,FA,,,,TNP047,https://storage.googleapis.com/fabmaster/cardfaces/TNP/TNP047-MV.png,,,,C,FA,,,,TNP047,https://storage.googleapis.com/fabmaster/cardfaces/TNP/TNP047-MV_BACK.png,,,,,,,,,,,,,,,,,,,,,,,,,,,,,,,,,,,,
TNP048,TNP,,,,,,,,,,,,,,,,,,,,,,,,,P,C,FA,,,,TNP048,https://storage.googleapis.com/fabmaster/cardfaces/TNP/TNP048-MV.png,,,,C,FA,,,,TNP048,https://storage.googleapis.com/fabmaster/cardfaces/TNP/TNP048-MV_BACK.png,,,,,,,,,,,,,,,,,,,,,,,,,,,,,,,,,,,,
TNP049,TNP,,,,,,,,,,,,,,,,,,,,,,,,,P,C,FA,,,,TNP049,https://storage.googleapis.com/fabmaster/cardfaces/TNP/TNP049-MV.png,,,,C,FA,,,,TNP049,https://storage.googleapis.com/fabmaster/cardfaces/TNP/TNP049-MV_BACK.png,,,,,,,,,,,,,,,,,,,,,,,,,,,,,,,,,,,,
TNP050,TNP,,,,,,,,,,,,,,,,,,,,,,,,,P,C,FA,,,,TNP050,https://storage.googleapis.com/fabmaster/cardfaces/TNP/TNP050-MV.png,,,,C,FA,,,,TNP050,https://storage.googleapis.com/fabmaster/cardfaces/TNP/TNP050-MV_BACK.png,,,,,,,,,,,,,,,,,,,,,,,,,,,,,,,,,,,,
TNP051,TNP,,,,,,,,,,,,,,,,,,,,,,,,,P,C,FA,,,,TNP051,https://storage.googleapis.com/fabmaster/cardfaces/TNP/TNP051-MV.png,,,,C,FA,,,,TNP051,https://storage.googleapis.com/fabmaster/cardfaces/TNP/TNP051-MV_BACK.png,,,,,,,,,,,,,,,,,,,,,,,,,,,,,,,,,,,,
TNP052,TNP,,,,,,,,,,,,,,,,,,,,,,,,,P,C,FA,,,,TNP052,https://storage.googleapis.com/fabmaster/cardfaces/TNP/TNP052-MV.png,,,,C,FA,,,,TNP052,https://storage.googleapis.com/fabmaster/cardfaces/TNP/TNP052-MV_BACK.png,,,,,,,,,,,,,,,,,,,,,,,,,,,,,,,,,,,,
TNP053,TNP,,,,,,,,,,,,,,,,,,,,,,,,,P,C,FA,,,,TNP053,https://storage.googleapis.com/fabmaster/cardfaces/TNP/TNP053-MV.png,,,,C,FA,,,,TNP053,https://storage.googleapis.com/fabmaster/cardfaces/TNP/TNP053-MV_BACK.png,,,,,,,,,,,,,,,,,,,,,,,,,,,,,,,,,,,,
TNP054,TNP,,,,,,,,,,,,,,,,,,,,,,,,,P,C,FA,,,,TNP054,https://storage.googleapis.com/fabmaster/cardfaces/TNP/TNP054-MV.png,,,,C,FA,,,,TNP054,https://storage.googleapis.com/fabmaster/cardfaces/TNP/TNP054-MV_BACK.png,,,,,,,,,,,,,,,,,,,,,,,,,,,,,,,,,,,,
TNP055,TNP,,,,,,,,,,,,,,,,,,,,,,,,,P,C,FA,,,,TNP055,https://storage.googleapis.com/fabmaster/cardfaces/TNP/TNP055-MV.png,,,,C,FA,,,,TNP055,https://storage.googleapis.com/fabmaster/cardfaces/TNP/TNP055-MV_BACK.png,,,,,,,,,,,,,,,,,,,,,,,,,,,,,,,,,,,,
TNP056,TNP,,,,,,,,,,,,,,,,,,,,,,,,,P,C,FA,,,,TNP056,https://storage.googleapis.com/fabmaster/cardfaces/TNP/TNP056-MV.png,,,,C,FA,,,,TNP056,https://storage.googleapis.com/fabmaster/cardfaces/TNP/TNP056-MV_BACK.png,,,,,,,,,,,,,,,,,,,,,,,,,,,,,,,,,,,,
TNP057,TNP,,,,,,,,,,,,,,,,,,,,,,,,,P,C,FA,,,,TNP057,https://storage.googleapis.com/fabmaster/cardfaces/TNP/TNP057-MV.png,,,,C,FA,,,,TNP057,https://storage.googleapis.com/fabmaster/cardfaces/TNP/TNP057-MV_BACK.png,,,,,,,,,,,,,,,,,,,,,,,,,,,,,,,,,,,,
TNP058,TNP,,,,,,,,,,,,,,,,,,,,,,,,,P,C,FA,,,,TNP058,https://storage.googleapis.com/fabmaster/cardfaces/TNP/TNP058-MV.png,,,,C,FA,,,,TNP058,https://storage.googleapis.com/fabmaster/cardfaces/TNP/TNP058-MV_BACK.png,,,,,,,,,,,,,,,,,,,,,,,,,,,,,,,,,,,,
TNP059,TNP,,,,,,,,,,,,,,,,,,,,,,,,,P,C,FA,,,,TNP059,https://storage.googleapis.com/fabmaster/cardfaces/TNP/TNP059-MV.png,,,,C,FA,,,,TNP059,https://storage.googleapis.com/fabmaster/cardfaces/TNP/TNP059-MV_BACK.png,,,,,,,,,,,,,,,,,,,,,,,,,,,,,,,,,,,,
TNP060,TNP,,,,,,,,,,,,,,,,,,,,,,,,,P,C,FA,,,,TNP060,https://storage.googleapis.com/fabmaster/cardfaces/TNP/TNP060-MV.png,,,,C,FA,,,,TNP060,https://storage.googleapis.com/fabmaster/cardfaces/TNP/TNP060-MV_BACK.png,,,,,,,,,,,,,,,,,,,,,,,,,,,,,,,,,,,,
TNP061,TNP,,,,,,,,,,,,,,,,,,,,,,,,,P,C,FA,,,,TNP061,https://storage.googleapis.com/fabmaster/cardfaces/TNP/TNP061-MV.png,,,,C,FA,,,,TNP061,https://storage.googleapis.com/fabmaster/cardfaces/TNP/TNP061-MV_BACK.png,,,,,,,,,,,,,,,,,,,,,,,,,,,,,,,,,,,,
TNP062,TNP,,,,,,,,,,,,,,,,,,,,,,,,,P,C,FA,,,,TNP062,https://storage.googleapis.com/fabmaster/cardfaces/TNP/TNP062-MV.png,,,,C,FA,,,,TNP062,https://storage.googleapis.com/fabmaster/cardfaces/TNP/TNP062-MV_BACK.png,,,,,,,,,,,,,,,,,,,,,,,,,,,,,,,,,,,,
TNP063,TNP,,,,,,,,,,,,,,,,,,,,,,,,,P,C,FA,,,,TNP063,https://storage.googleapis.com/fabmaster/cardfaces/TNP/TNP063-MV.png,,,,C,FA,,,,TNP063,https://storage.googleapis.com/fabmaster/cardfaces/TNP/TNP063-MV_BACK.png,,,,,,,,,,,,,,,,,,,,,,,,,,,,,,,,,,,,
TNP064,TNP,,,,,,,,,,,,,,,,,,,,,,,,,P,C,FA,,,,TNP064,https://storage.googleapis.com/fabmaster/cardfaces/TNP/TNP064-MV.png,,,,C,FA,,,,TNP064,https://storage.googleapis.com/fabmaster/cardfaces/TNP/TNP064-MV_BACK.png,,,,,,,,,,,,,,,,,,,,,,,,,,,,,,,,,,,,
TNP065,TNP,,,,,,,,,,,,,,,,,,,,,,,,,P,C,FA,,,,TNP065,https://storage.googleapis.com/fabmaster/cardfaces/TNP/TNP065-MV.png,,,,C,FA,,,,TNP065,https://storage.googleapis.com/fabmaster/cardfaces/TNP/TNP065-MV_BACK.png,,,,,,,,,,,,,,,,,,,,,,,,,,,,,,,,,,,,
TNP066,TNP,,,,,,,,,,,,,,,,,,,,,,,,,P,C,FA,,,,TNP066,https://storage.googleapis.com/fabmaster/cardfaces/TNP/TNP066-MV.png,,,,C,FA,,,,TNP066,https://storage.googleapis.com/fabmaster/cardfaces/TNP/TNP066-MV_BACK.png,,,,,,,,,,,,,,,,,,,,,,,,,,,,,,,,,,,,
TNP067,TNP,,,,,,,,,,,,,,,,,,,,,,,,,P,C,FA,,,,TNP067,https://storage.googleapis.com/fabmaster/cardfaces/TNP/TNP067-MV.png,,,,C,FA,,,,TNP067,https://storage.googleapis.com/fabmaster/cardfaces/TNP/TNP067-MV_BACK.png,,,,,,,,,,,,,,,,,,,,,,,,,,,,,,,,,,,,
TNP068,TNP,,,,,,,,,,,,,,,,,,,,,,,,,P,C,FA,,,,TNP068,https://storage.googleapis.com/fabmaster/cardfaces/TNP/TNP068-MV.png,,,,C,FA,,,,TNP068,https://storage.googleapis.com/fabmaster/cardfaces/TNP/TNP068-MV_BACK.png,,,,,,,,,,,,,,,,,,,,,,,,,,,,,,,,,,,,
TNP069,TNP,,,,,,,,,,,,,,,,,,,,,,,,,P,C,FA,,,,TNP069,https://storage.googleapis.com/fabmaster/cardfaces/TNP/TNP069-MV.png,,,,C,FA,,,,TNP069,https://storage.googleapis.com/fabmaster/cardfaces/TNP/TNP069-MV_BACK.png,,,,,,,,,,,,,,,,,,,,,,,,,,,,,,,,,,,,
TNP070,TNP,,,,,,,,,,,,,,,,,,,,,,,,,P,C,FA,,,,TNP070,https://storage.googleapis.com/fabmaster/cardfaces/TNP/TNP070-MV.png,,,,C,FA,,,,TNP070,https://storage.googleapis.com/fabmaster/cardfaces/TNP/TNP070-MV_BACK.png,,,,,,,,,,,,,,,,,,,,,,,,,,,,,,,,,,,,
TNP071,TNP,,,,,,,,,,,,,,,,,,,,,,,,,P,C,FA,,,,TNP071,https://storage.googleapis.com/fabmaster/cardfaces/TNP/TNP071-MV.png,,,,C,FA,,,,TNP071,https://storage.googleapis.com/fabmaster/cardfaces/TNP/TNP071-MV_BACK.png,,,,,,,,,,,,,,,,,,,,,,,,,,,,,,,,,,,,
TNP072,TNP,,,,,,,,,,,,,,,,,,,,,,,,,P,C,FA,,,,TNP072,https://storage.googleapis.com/fabmaster/cardfaces/TNP/TNP072-MV.png,,,,C,FA,,,,TNP072,https://storage.googleapis.com/fabmaster/cardfaces/TNP/TNP072-MV_BACK.png,,,,,,,,,,,,,,,,,,,,,,,,,,,,,,,,,,,,
TNP073,TNP,,,,,,,,,,,,,,,,,,,,,,,,,P,C,FA,,,,TNP073,https://storage.googleapis.com/fabmaster/cardfaces/TNP/TNP073-MV.png,,,,C,FA,,,,TNP073,https://storage.googleapis.com/fabmaster/cardfaces/TNP/TNP073-MV_BACK.png,,,,,,,,,,,,,,,,,,,,,,,,,,,,,,,,,,,,
TNP074,TNP,,,,,,,,,,,,,,,,,,,,,,,,,P,C,FA,,,,TNP074,https://storage.googleapis.com/fabmaster/cardfaces/TNP/TNP074-MV.png,,,,C,FA,,,,TNP074,https://storage.googleapis.com/fabmaster/cardfaces/TNP/TNP074-MV_BACK.png,,,,,,,,,,,,,,,,,,,,,,,,,,,,,,,,,,,,
TNP075,TNP,,,,,,,,,,,,,,,,,,,,,,,,,P,C,FA,,,,TNP075,https://storage.googleapis.com/fabmaster/cardfaces/TNP/TNP075-MV.png,,,,C,FA,,,,TNP075,https://storage.googleapis.com/fabmaster/cardfaces/TNP/TNP075-MV_BACK.png,,,,,,,,,,,,,,,,,,,,,,,,,,,,,,,,,,,,
TNP076,TNP,,,,,,,,,,,,,,,,,,,,,,,,,P,C,FA,,,,TNP076,https://storage.googleapis.com/fabmaster/cardfaces/TNP/TNP076-MV.png,,,,C,FA,,,,TNP076,https://storage.googleapis.com/fabmaster/cardfaces/TNP/TNP076-MV_BACK.png,,,,,,,,,,,,,,,,,,,,,,,,,,,,,,,,,,,,
TNP077,TNP,,,,,,,,,,,,,,,,,,,,,,,,,P,C,FA,,,,TNP077,https://storage.googleapis.com/fabmaster/cardfaces/TNP/TNP077-MV.png,,,,C,FA,,,,TNP077,https://storage.googleapis.com/fabmaster/cardfaces/TNP/TNP077-MV_BACK.png,,,,,,,,,,,,,,,,,,,,,,,,,,,,,,,,,,,,
TNP078,TNP,,,,,,,,,,,,,,,,,,,,,,,,,P,C,FA,,,,TNP078,https://storage.googleapis.com/fabmaster/cardfaces/TNP/TNP078-MV.png,,,,C,FA,,,,TNP078,https://storage.googleapis.com/fabmaster/cardfaces/TNP/TNP078-MV_BACK.png,,,,,,,,,,,,,,,,,,,,,,,,,,,,,,,,,,,,
TNP079,TNP,,,,,,,,,,,,,,,,,,,,,,,,,P,C,FA,,,,TNP079,https://storage.googleapis.com/fabmaster/cardfaces/TNP/TNP079-MV.png,,,,C,FA,,,,TNP079,https://storage.googleapis.com/fabmaster/cardfaces/TNP/TNP079-MV_BACK.png,,,,,,,,,,,,,,,,,,,,,,,,,,,,,,,,,,,,
TNP080,TNP,,,,,,,,,,,,,,,,,,,,,,,,,P,C,FA,,,,TNP080,https://storage.googleapis.com/fabmaster/cardfaces/TNP/TNP080-MV.png,,,,C,FA,,,,TNP080,https://storage.googleapis.com/fabmaster/cardfaces/TNP/TNP080-MV_BACK.png,,,,,,,,,,,,,,,,,,,,,,,,,,,,,,,,,,,,
TNP081,TNP,,,,,,,,,,,,,,,,,,,,,,,,,P,C,FA,,,,TNP081,https://storage.googleapis.com/fabmaster/cardfaces/TNP/TNP081-MV.png,,,,C,FA,,,,TNP081,https://storage.googleapis.com/fabmaster/cardfaces/TNP/TNP081-MV_BACK.png,,,,,,,,,,,,,,,,,,,,,,,,,,,,,,,,,,,,
TNP082,TNP,,,,,,,,,,,,,,,,,,,,,,,,,P,C,FA,,,,TNP082,https://storage.googleapis.com/fabmaster/cardfaces/TNP/TNP082-MV.png,,,,C,FA,,,,TNP082,https://storage.googleapis.com/fabmaster/cardfaces/TNP/TNP082-MV_BACK.png,,,,,,,,,,,,,,,,,,,,,,,,,,,,,,,,,,,,
TNP083,TNP,,,,,,,,,,,,,,,,,,,,,,,,,P,C,FA,,,,TNP083,https://storage.googleapis.com/fabmaster/cardfaces/TNP/TNP083-MV.png,,,,C,FA,,,,TNP083,https://storage.googleapis.com/fabmaster/cardfaces/TNP/TNP083-MV_BACK.png,,,,,,,,,,,,,,,,,,,,,,,,,,,,,,,,,,,,
TNP084,TNP,,,,,,,,,,,,,,,,,,,,,,,,,P,C,FA,,,,TNP084,https://storage.googleapis.com/fabmaster/cardfaces/TNP/TNP084-MV.png,,,,C,FA,,,,TNP084,https://storage.googleapis.com/fabmaster/cardfaces/TNP/TNP084-MV_BACK.png,,,,,,,,,,,,,,,,,,,,,,,,,,,,,,,,,,,,
TNP085,TNP,,,,,,,,,,,,,,,,,,,,,,,,,P,C,FA,,,,TNP085,https://storage.googleapis.com/fabmaster/cardfaces/TNP/TNP085-MV.png,,,,C,FA,,,,TNP085,https://storage.googleapis.com/fabmaster/cardfaces/TNP/TNP085-MV_BACK.png,,,,,,,,,,,,,,,,,,,,,,,,,,,,,,,,,,,,
TNP086,TNP,,,,,,,,,,,,,,,,,,,,,,,,,P,C,FA,,,,TNP086,https://storage.googleapis.com/fabmaster/cardfaces/TNP/TNP086-MV.png,,,,C,FA,,,,TNP086,https://storage.googleapis.com/fabmaster/cardfaces/TNP/TNP086-MV_BACK.png,,,,,,,,,,,,,,,,,,,,,,,,,,,,,,,,,,,,
TNP087,TNP,,,,,,,,,,,,,,,,,,,,,,,,,P,C,FA,,,,TNP087,https://storage.googleapis.com/fabmaster/cardfaces/TNP/TNP087-MV.png,,,,C,FA,,,,TNP087,https://storage.googleapis.com/fabmaster/cardfaces/TNP/TNP087-MV_BACK.png,,,,,,,,,,,,,,,,,,,,,,,,,,,,,,,,,,,,
TNP088,TNP,,,,,,,,,,,,,,,,,,,,,,,,,P,C,FA,,,,TNP088,https://storage.googleapis.com/fabmaster/cardfaces/TNP/TNP088-MV.png,,,,C,FA,,,,TNP088,https://storage.googleapis.com/fabmaster/cardfaces/TNP/TNP088-MV_BACK.png,,,,,,,,,,,,,,,,,,,,,,,,,,,,,,,,,,,,
TNP089,TNP,,,,,,,,,,,,,,,,,,,,,,,,,P,C,FA,,,,TNP089,https://storage.googleapis.com/fabmaster/cardfaces/TNP/TNP089-MV.png,,,,C,FA,,,,TNP089,https://storage.googleapis.com/fabmaster/cardfaces/TNP/TNP089-MV_BACK.png,,,,,,,,,,,,,,,,,,,,,,,,,,,,,,,,,,,,
TNP090,TNP,,,,,,,,,,,,,,,,,,,,,,,,,P,C,FA,,,,TNP090,https://storage.googleapis.com/fabmaster/cardfaces/TNP/TNP090-MV.png,,,,C,FA,,,,TNP090,https://storage.googleapis.com/fabmaster/cardfaces/TNP/TNP090-MV_BACK.png,,,,,,,,,,,,,,,,,,,,,,,,,,,,,,,,,,,,
TNP091,TNP,,,,,,,,,,,,,,,,,,,,,,,,,P,C,FA,,,,TNP091,https://storage.googleapis.com/fabmaster/cardfaces/TNP/TNP091-MV.png,,,,C,FA,,,,TNP091,https://storage.googleapis.com/fabmaster/cardfaces/TNP/TNP091-MV_BACK.png,,,,,,,,,,,,,,,,,,,,,,,,,,,,,,,,,,,,
TNP092,TNP,,,,,,,,,,,,,,,,,,,,,,,,,P,C,FA,,,,TNP092,https://storage.googleapis.com/fabmaster/cardfaces/TNP/TNP092-MV.png,,,,C,FA,,,,TNP092,https://storage.googleapis.com/fabmaster/cardfaces/TNP/TNP092-MV_BACK.png,,,,,,,,,,,,,,,,,,,,,,,,,,,,,,,,,,,,
TNP093,TNP,,,,,,,,,,,,,,,,,,,,,,,,,P,C,FA,,,,TNP093,https://storage.googleapis.com/fabmaster/cardfaces/TNP/TNP093-MV.png,,,,C,FA,,,,TNP093,https://storage.googleapis.com/fabmaster/cardfaces/TNP/TNP093-MV_BACK.png,,,,,,,,,,,,,,,,,,,,,,,,,,,,,,,,,,,,
TNP094,TNP,,,,,,,,,,,,,,,,,,,,,,,,,P,C,FA,,,,TNP094,https://storage.googleapis.com/fabmaster/cardfaces/TNP/TNP094-MV.png,,,,C,FA,,,,TNP094,https://storage.googleapis.com/fabmaster/cardfaces/TNP/TNP094-MV_BACK.png,,,,,,,,,,,,,,,,,,,,,,,,,,,,,,,,,,,,
TNP095,TNP,,,,,,,,,,,,,,,,,,,,,,,,,P,C,FA,,,,TNP095,https://storage.googleapis.com/fabmaster/cardfaces/TNP/TNP095-MV.png,,,,C,FA,,,,TNP095,https://storage.googleapis.com/fabmaster/cardfaces/TNP/TNP095-MV_BACK.png,,,,,,,,,,,,,,,,,,,,,,,,,,,,,,,,,,,,
TNP096,TNP,,,,,,,,,,,,,,,,,,,,,,,,,P,C,FA,,,,TNP096,https://storage.googleapis.com/fabmaster/cardfaces/TNP/TNP096-MV.png,,,,C,FA,,,,TNP096,https://storage.googleapis.com/fabmaster/cardfaces/TNP/TNP096-MV_BACK.png,,,,,,,,,,,,,,,,,,,,,,,,,,,,,,,,,,,,
TNP097,TNP,,,,,,,,,,,,,,,,,,,,,,,,,P,C,FA,,,,TNP097,https://storage.googleapis.com/fabmaster/cardfaces/TNP/TNP097-MV.png,,,,C,FA,,,,TNP097,https://storage.googleapis.com/fabmaster/cardfaces/TNP/TNP097-MV_BACK.png,,,,,,,,,,,,,,,,,,,,,,,,,,,,,,,,,,,,
TNP098,TNP,,,,,,,,,,,,,,,,,,,,,,,,,P,C,FA,,,,TNP098,https://storage.googleapis.com/fabmaster/cardfaces/TNP/TNP098-MV.png,,,,C,FA,,,,TNP098,https://storage.googleapis.com/fabmaster/cardfaces/TNP/TNP098-MV_BACK.png,,,,,,,,,,,,,,,,,,,,,,,,,,,,,,,,,,,,
TNP099,TNP,,,,,,,,,,,,,,,,,,,,,,,,,P,C,FA,,,,TNP099,https://storage.googleapis.com/fabmaster/cardfaces/TNP/TNP099-MV.png,,,,C,FA,,,,TNP099,https://storage.googleapis.com/fabmaster/cardfaces/TNP/TNP099-MV_BACK.png,,,,,,,,,,,,,,,,,,,,,,,,,,,,,,,,,,,,
TNP100,TNP,,,,,,,,,,,,,,,,,,,,,,,,,P,C,FA,,,,TNP100,https://storage.googleapis.com/fabmaster/cardfaces/TNP/TNP100-MV.png,,,,C,FA,,,,TNP100,https://storage.googleapis.com/fabmaster/cardfaces/TNP/TNP100-MV_BACK.png,,,,,,,,,,,,,,,,,,,,,,,,,,,,,,,,,,,,
TNP101,TNP,,,,,,,,,,,,,,,,,,,,,,,,,P,C,FA,,,,TNP101,https://storage.googleapis.com/fabmaster/cardfaces/TNP/TNP101-MV.png,,,,C,FA,,,,TNP101,https://storage.googleapis.com/fabmaster/cardfaces/TNP/TNP101-MV_BACK.png,,,,,,,,,,,,,,,,,,,,,,,,,,,,,,,,,,,,
TNP102,TNP,,,,,,,,,,,,,,,,,,,,,,,,,P,C,FA,,,,TNP102,https://storage.googleapis.com/fabmaster/cardfaces/TNP/TNP102-MV.png,,,,C,FA,,,,TNP102,https://storage.googleapis.com/fabmaster/cardfaces/TNP/TNP102-MV_BACK.png,,,,,,,,,,,,,,,,,,,,,,,,,,,,,,,,,,,,
TNP103,TNP,,,,,,,,,,,,,,,,,,,,,,,,,P,C,FA,,,,TNP103,https://storage.googleapis.com/fabmaster/cardfaces/TNP/TNP103-MV.png,,,,C,FA,,,,TNP103,https://storage.googleapis.com/fabmaster/cardfaces/TNP/TNP103-MV_BACK.png,,,,,,,,,,,,,,,,,,,,,,,,,,,,,,,,,,,,
TNP104,TNP,,,,,,,,,,,,,,,,,,,,,,,,,P,C,FA,,,,TNP104,https://storage.googleapis.com/fabmaster/cardfaces/TNP/TNP104-MV.png,,,,C,FA,,,,TNP104,https://storage.googleapis.com/fabmaster/cardfaces/TNP/TNP104-MV_BACK.png,,,,,,,,,,,,,,,,,,,,,,,,,,,,,,,,,,,,
TNP105,TNP,,,,,,,,,,,,,,,,,,,,,,,,,P,C,FA,,,,TNP105,https://storage.googleapis.com/fabmaster/cardfaces/TNP/TNP105-MV.png,,,,C,FA,,,,TNP105,https://storage.googleapis.com/fabmaster/cardfaces/TNP/TNP105-MV_BACK.png,,,,,,,,,,,,,,,,,,,,,,,,,,,,,,,,,,,,
TNP106,TNP,,,,,,,,,,,,,,,,,,,,,,,,,P,C,FA,,,,TNP106,https://storage.googleapis.com/fabmaster/cardfaces/TNP/TNP106-MV.png,,,,C,FA,,,,TNP106,https://storage.googleapis.com/fabmaster/cardfaces/TNP/TNP106-MV_BACK.png,,,,,,,,,,,,,,,,,,,,,,,,,,,,,,,,,,,,
TNP107,TNP,,,,,,,,,,,,,,,,,,,,,,,,,P,C,FA,,,,TNP107,https://storage.googleapis.com/fabmaster/cardfaces/TNP/TNP107-MV.png,,,,C,FA,,,,TNP107,https://storage.googleapis.com/fabmaster/cardfaces/TNP/TNP107-MV_BACK.png,,,,,,,,,,,,,,,,,,,,,,,,,,,,,,,,,,,,
TNP108,TNP,,,,,,,,,,,,,,,,,,,,,,,,,P,C,FA,,,,TNP108,https://storage.googleapis.com/fabmaster/cardfaces/TNP/TNP108-MV.png,,,,C,FA,,,,TNP108,https://storage.googleapis.com/fabmaster/cardfaces/TNP/TNP108-MV_BACK.png,,,,,,,,,,,,,,,,,,,,,,,,,,,,,,,,,,,,
TNP109,TNP,,,,,,,,,,,,,,,,,,,,,,,,,P,C,FA,,,,TNP109,https://storage.googleapis.com/fabmaster/cardfaces/TNP/TNP109-MV.png,,,,C,FA,,,,TNP109,https://storage.googleapis.com/fabmaster/cardfaces/TNP/TNP109-MV_BACK.png,,,,,,,,,,,,,,,,,,,,,,,,,,,,,,,,,,,,
TNP110,TNP,,,,,,,,,,,,,,,,,,,,,,,,,P,C,FA,,,,TNP110,https://storage.googleapis.com/fabmaster/cardfaces/TNP/TNP110-MV.png,,,,C,FA,,,,TNP110,https://storage.googleapis.com/fabmaster/cardfaces/TNP/TNP110-MV_BACK.png,,,,,,,,,,,,,,,,,,,,,,,,,,,,,,,,,,,,
TNP111,TNP,,,,,,,,,,,,,,,,,,,,,,,,,P,C,FA,,,,TNP111,https://storage.googleapis.com/fabmaster/cardfaces/TNP/TNP111-MV.png,,,,C,FA,,,,TNP111,https://storage.googleapis.com/fabmaster/cardfaces/TNP/TNP111-MV_BACK.png,,,,,,,,,,,,,,,,,,,,,,,,,,,,,,,,,,,,
TNP112,TNP,,,,,,,,,,,,,,,,,,,,,,,,,P,C,FA,,,,TNP112,https://storage.googleapis.com/fabmaster/cardfaces/TNP/TNP112-MV.png,,,,C,FA,,,,TNP112,https://storage.googleapis.com/fabmaster/cardfaces/TNP/TNP112-MV_BACK.png,,,,,,,,,,,,,,,,,,,,,,,,,,,,,,,,,,,,
TNP113,TNP,,,,,,,,,,,,,,,,,,,,,,,,,P,C,FA,,,,TNP113,https://storage.googleapis.com/fabmaster/cardfaces/TNP/TNP113-MV.png,,,,C,FA,,,,TNP113,https://storage.googleapis.com/fabmaster/cardfaces/TNP/TNP113-MV_BACK.png,,,,,,,,,,,,,,,,,,,,,,,,,,,,,,,,,,,,
TNP114,TNP,,,,,,,,,,,,,,,,,,,,,,,,,P,C,FA,,,,TNP114,https://storage.googleapis.com/fabmaster/cardfaces/TNP/TNP114-MV.png,,,,C,FA,,,,TNP114,https://storage.googleapis.com/fabmaster/cardfaces/TNP/TNP114-MV_BACK.png,,,,,,,,,,,,,,,,,,,,,,,,,,,,,,,,,,,,
TNP115,TNP,,,,,,,,,,,,,,,,,,,,,,,,,P,C,FA,,,,TNP115,https://storage.googleapis.com/fabmaster/cardfaces/TNP/TNP115-MV.png,,,,C,FA,,,,TNP115,https://storage.googleapis.com/fabmaster/cardfaces/TNP/TNP115-MV_BACK.png,,,,,,,,,,,,,,,,,,,,,,,,,,,,,,,,,,,,
TNP116,TNP,,,,,,,,,,,,,,,,,,,,,,,,,P,C,FA,,,,TNP116,https://storage.googleapis.com/fabmaster/cardfaces/TNP/TNP116-MV.png,,,,C,FA,,,,TNP116,https://storage.googleapis.com/fabmaster/cardfaces/TNP/TNP116-MV_BACK.png,,,,,,,,,,,,,,,,,,,,,,,,,,,,,,,,,,,,
TNP117,TNP,,,,,,,,,,,,,,,,,,,,,,,,,P,C,FA,,,,TNP117,https://storage.googleapis.com/fabmaster/cardfaces/TNP/TNP117-MV.png,,,,C,FA,,,,TNP117,https://storage.googleapis.com/fabmaster/cardfaces/TNP/TNP117-MV_BACK.png,,,,,,,,,,,,,,,,,,,,,,,,,,,,,,,,,,,,
TNP118,TNP,,,,,,,,,,,,,,,,,,,,,,,,,P,C,FA,,,,TNP118,https://storage.googleapis.com/fabmaster/cardfaces/TNP/TNP118-MV.png,,,,C,FA,,,,TNP118,https://storage.googleapis.com/fabmaster/cardfaces/TNP/TNP118-MV_BACK.png,,,,,,,,,,,,,,,,,,,,,,,,,,,,,,,,,,,,
TNP119,TNP,,,,,,,,,,,,,,,,,,,,,,,,,P,C,FA,,,,TNP119,https://storage.googleapis.com/fabmaster/cardfaces/TNP/TNP119-MV.png,,,,C,FA,,,,TNP119,https://storage.googleapis.com/fabmaster/cardfaces/TNP/TNP119-MV_BACK.png,,,,,,,,,,,,,,,,,,,,,,,,,,,,,,,,,,,,
TNP120,TNP,,,,,,,,,,,,,,,,,,,,,,,,,P,C,FA,,,,TNP120,https://storage.googleapis.com/fabmaster/cardfaces/TNP/TNP120-MV.png,,,,C,FA,,,,TNP120,https://storage.googleapis.com/fabmaster/cardfaces/TNP/TNP120-MV_BACK.png,,,,,,,,,,,,,,,,,,,,,,,,,,,,,,,,,,,,
TNP121,TNP,,,,,,,,,,,,,,,,,,,,,,,,,P,C,FA,,,,TNP121,https://storage.googleapis.com/fabmaster/cardfaces/TNP/TNP121-MV.png,,,,C,FA,,,,TNP121,https://storage.googleapis.com/fabmaster/cardfaces/TNP/TNP121-MV_BACK.png,,,,,,,,,,,,,,,,,,,,,,,,,,,,,,,,,,,,
TNP122,TNP,,,,,,,,,,,,,,,,,,,,,,,,,P,C,FA,,,,TNP122,https://storage.googleapis.com/fabmaster/cardfaces/TNP/TNP122-MV.png,,,,C,FA,,,,TNP122,https://storage.googleapis.com/fabmaster/cardfaces/TNP/TNP122-MV_BACK.png,,,,,,,,,,,,,,,,,,,,,,,,,,,,,,,,,,,,
TNP123,TNP,,,,,,,,,,,,,,,,,,,,,,,,,P,C,FA,,,,TNP123,https://storage.googleapis.com/fabmaster/cardfaces/TNP/TNP123-MV.png,,,,C,FA,,,,TNP123,https://storage.googleapis.com/fabmaster/cardfaces/TNP/TNP123-MV_BACK.png,,,,,,,,,,,,,,,,,,,,,,,,,,,,,,,,,,,,
TNP124,TNP,,,,,,,,,,,,,,,,,,,,,,,,,P,C,FA,,,,TNP124,https://storage.googleapis.com/fabmaster/cardfaces/TNP/TNP124-MV.png,,,,C,FA,,,,TNP124,https://storage.googleapis.com/fabmaster/cardfaces/TNP/TNP124-MV_BACK.png,,,,,,,,,,,,,,,,,,,,,,,,,,,,,,,,,,,,
TNP125,TNP,,,,,,,,,,,,,,,,,,,,,,,,,P,C,FA,,,,TNP125,https://storage.googleapis.com/fabmaster/cardfaces/TNP/TNP125-MV.png,,,,C,FA,,,,TNP125,https://storage.googleapis.com/fabmaster/cardfaces/TNP/TNP125-MV_BACK.png,,,,,,,,,,,,,,,,,,,,,,,,,,,,,,,,,,,,
TNP126,TNP,,,,,,,,,,,,,,,,,,,,,,,,,P,C,FA,,,,TNP126,https://storage.googleapis.com/fabmaster/cardfaces/TNP/TNP126-MV.png,,,,C,FA,,,,TNP126,https://storage.googleapis.com/fabmaster/cardfaces/TNP/TNP126-MV_BACK.png,,,,,,,,,,,,,,,,,,,,,,,,,,,,,,,,,,,,
TNP127,TNP,,,,,,,,,,,,,,,,,,,,,,,,,P,C,FA,,,,TNP127,https://storage.googleapis.com/fabmaster/cardfaces/TNP/TNP127-MV.png,,,,C,FA,,,,TNP127,https://storage.googleapis.com/fabmaster/cardfaces/TNP/TNP127-MV_BACK.png,,,,,,,,,,,,,,,,,,,,,,,,,,,,,,,,,,,,
TNP128,TNP,,,,,,,,,,,,,,,,,,,,,,,,,P,C,FA,,,,TNP128,https://storage.googleapis.com/fabmaster/cardfaces/TNP/TNP128-MV.png,,,,C,FA,,,,TNP128,https://storage.googleapis.com/fabmaster/cardfaces/TNP/TNP128-MV_BACK.png,,,,,,,,,,,,,,,,,,,,,,,,,,,,,,,,,,,,
TNP129,TNP,,,,,,,,,,,,,,,,,,,,,,,,,P,C,FA,,,,TNP129,https://storage.googleapis.com/fabmaster/cardfaces/TNP/TNP129-MV.png,,,,C,FA,,,,TNP129,https://storage.googleapis.com/fabmaster/cardfaces/TNP/TNP129-MV_BACK.png,,,,,,,,,,,,,,,,,,,,,,,,,,,,,,,,,,,,
TNP130,TNP,,,,,,,,,,,,,,,,,,,,,,,,,P,C,FA,,,,TNP130,https://storage.googleapis.com/fabmaster/cardfaces/TNP/TNP130-MV.png,,,,C,FA,,,,TNP130,https://storage.googleapis.com/fabmaster/cardfaces/TNP/TNP130-MV_BACK.png,,,,,,,,,,,,,,,,,,,,,,,,,,,,,,,,,,,,
TNP131,TNP,,,,,,,,,,,,,,,,,,,,,,,,,P,C,FA,,,,TNP131,https://storage.googleapis.com/fabmaster/cardfaces/TNP/TNP131-MV.png,,,,C,FA,,,,TNP131,https://storage.googleapis.com/fabmaster/cardfaces/TNP/TNP131-MV_BACK.png,,,,,,,,,,,,,,,,,,,,,,,,,,,,,,,,,,,,
TNP132,TNP,,,,,,,,,,,,,,,,,,,,,,,,,P,C,FA,,,,TNP132,https://storage.googleapis.com/fabmaster/cardfaces/TNP/TNP132-MV.png,,,,C,FA,,,,TNP132,https://storage.googleapis.com/fabmaster/cardfaces/TNP/TNP132-MV_BACK.png,,,,,,,,,,,,,,,,,,,,,,,,,,,,,,,,,,,,
TNP133,TNP,,,,,,,,,,,,,,,,,,,,,,,,,P,C,FA,,,,TNP133,https://storage.googleapis.com/fabmaster/cardfaces/TNP/TNP133-MV.png,,,,C,FA,,,,TNP133,https://storage.googleapis.com/fabmaster/cardfaces/TNP/TNP133-MV_BACK.png,,,,,,,,,,,,,,,,,,,,,,,,,,,,,,,,,,,,
TNP134,TNP,,,,,,,,,,,,,,,,,,,,,,,,,P,C,FA,,,,TNP134,https://storage.googleapis.com/fabmaster/cardfaces/TNP/TNP134-MV.png,,,,C,FA,,,,TNP134,https://storage.googleapis.com/fabmaster/cardfaces/TNP/TNP134-MV_BACK.png,,,,,,,,,,,,,,,,,,,,,,,,,,,,,,,,,,,,
TNP135,TNP,,,,,,,,,,,,,,,,,,,,,,,,,P,C,FA,,,,TNP135,https://storage.googleapis.com/fabmaster/cardfaces/TNP/TNP135-MV.png,,,,C,FA,,,,TNP135,https://storage.googleapis.com/fabmaster/cardfaces/TNP/TNP135-MV_BACK.png,,,,,,,,,,,,,,,,,,,,,,,,,,,,,,,,,,,,
TNP136,TNP,,,,,,,,,,,,,,,,,,,,,,,,,P,C,FA,,,,TNP136,https://storage.googleapis.com/fabmaster/cardfaces/TNP/TNP136-MV.png,,,,C,FA,,,,TNP136,https://storage.googleapis.com/fabmaster/cardfaces/TNP/TNP136-MV_BACK.png,,,,,,,,,,,,,,,,,,,,,,,,,,,,,,,,,,,,
TNP137,TNP,,,,,,,,,,,,,,,,,,,,,,,,,P,C,FA,,,,TNP137,https://storage.googleapis.com/fabmaster/cardfaces/TNP/TNP137-MV.png,,,,C,FA,,,,TNP137,https://storage.googleapis.com/fabmaster/cardfaces/TNP/TNP137-MV_BACK.png,,,,,,,,,,,,,,,,,,,,,,,,,,,,,,,,,,,,
TNP138,TNP,,,,,,,,,,,,,,,,,,,,,,,,,P,C,FA,,,,TNP138,https://storage.googleapis.com/fabmaster/cardfaces/TNP/TNP138-MV.png,,,,C,FA,,,,TNP138,https://storage.googleapis.com/fabmaster/cardfaces/TNP/TNP138-MV_BACK.png,,,,,,,,,,,,,,,,,,,,,,,,,,,,,,,,,,,,
TNP139,TNP,,,,,,,,,,,,,,,,,,,,,,,,,P,C,FA,,,,TNP139,https://storage.googleapis.com/fabmaster/cardfaces/TNP/TNP139-MV.png,,,,C,FA,,,,TNP139,https://storage.googleapis.com/fabmaster/cardfaces/TNP/TNP139-MV_BACK.png,,,,,,,,,,,,,,,,,,,,,,,,,,,,,,,,,,,,
TNP140,TNP,,,,,,,,,,,,,,,,,,,,,,,,,P,C,FA,,,,TNP140,https://storage.googleapis.com/fabmaster/cardfaces/TNP/TNP140-MV.png,,,,C,FA,,,,TNP140,https://storage.googleapis.com/fabmaster/cardfaces/TNP/TNP140-MV_BACK.png,,,,,,,,,,,,,,,,,,,,,,,,,,,,,,,,,,,,
TNP141,TNP,,,,,,,,,,,,,,,,,,,,,,,,,P,C,FA,,,,TNP141,https://storage.googleapis.com/fabmaster/cardfaces/TNP/TNP141-MV.png,,,,C,FA,,,,TNP141,https://storage.googleapis.com/fabmaster/cardfaces/TNP/TNP141-MV_BACK.png,,,,,,,,,,,,,,,,,,,,,,,,,,,,,,,,,,,,
TNP142,TNP,,,,,,,,,,,,,,,,,,,,,,,,,P,C,FA,,,,TNP142,https://storage.googleapis.com/fabmaster/cardfaces/TNP/TNP142-MV.png,,,,C,FA,,,,TNP142,https://storage.googleapis.com/fabmaster/cardfaces/TNP/TNP142-MV_BACK.png,,,,,,,,,,,,,,,,,,,,,,,,,,,,,,,,,,,,
TNP143,TNP,,,,,,,,,,,,,,,,,,,,,,,,,P,C,FA,,,,TNP143,https://storage.googleapis.com/fabmaster/cardfaces/TNP/TNP143-MV.png,,,,C,FA,,,,TNP143,https://storage.googleapis.com/fabmaster/cardfaces/TNP/TNP143-MV_BACK.png,,,,,,,,,,,,,,,,,,,,,,,,,,,,,,,,,,,,
TNP144,TNP,,,,,,,,,,,,,,,,,,,,,,,,,P,C,FA,,,,TNP144,https://storage.googleapis.com/fabmaster/cardfaces/TNP/TNP144-MV.png,,,,C,FA,,,,TNP144,https://storage.googleapis.com/fabmaster/cardfaces/TNP/TNP144-MV_BACK.png,,,,,,,,,,,,,,,,,,,,,,,,,,,,,,,,,,,,
TNP145,TNP,,,,,,,,,,,,,,,,,,,,,,,,,P,C,FA,,,,TNP145,https://storage.googleapis.com/fabmaster/cardfaces/TNP/TNP145-MV.png,,,,C,FA,,,,TNP145,https://storage.googleapis.com/fabmaster/cardfaces/TNP/TNP145-MV_BACK.png,,,,,,,,,,,,,,,,,,,,,,,,,,,,,,,,,,,,
TNP146,TNP,,,,,,,,,,,,,,,,,,,,,,,,,P,C,FA,,,,TNP146,https://storage.googleapis.com/fabmaster/cardfaces/TNP/TNP146-MV.png,,,,C,FA,,,,TNP146,https://storage.googleapis.com/fabmaster/cardfaces/TNP/TNP146-MV_BACK.png,,,,,,,,,,,,,,,,,,,,,,,,,,,,,,,,,,,,
TNP147,TNP,,,,,,,,,,,,,,,,,,,,,,,,,P,C,FA,,,,TNP147,https://storage.googleapis.com/fabmaster/cardfaces/TNP/TNP147-MV.png,,,,C,FA,,,,TNP147,https://storage.googleapis.com/fabmaster/cardfaces/TNP/TNP147-MV_BACK.png,,,,,,,,,,,,,,,,,,,,,,,,,,,,,,,,,,,,
TNP148,TNP,,,,,,,,,,,,,,,,,,,,,,,,,P,C,FA,,,,TNP148,https://storage.googleapis.com/fabmaster/cardfaces/TNP/TNP148-MV.png,,,,C,FA,,,,TNP148,https://storage.googleapis.com/fabmaster/cardfaces/TNP/TNP148-MV_BACK.png,,,,,,,,,,,,,,,,,,,,,,,,,,,,,,,,,,,,
TNP149,TNP,,,,,,,,,,,,,,,,,,,,,,,,,P,C,FA,,,,TNP149,https://storage.googleapis.com/fabmaster/cardfaces/TNP/TNP149-MV.png,,,,C,FA,,,,TNP149,https://storage.googleapis.com/fabmaster/cardfaces/TNP/TNP149-MV_BACK.png,,,,,,,,,,,,,,,,,,,,,,,,,,,,,,,,,,,,
TNP150,TNP,,,,,,,,,,,,,,,,,,,,,,,,,P,C,FA,,,,TNP150,https://storage.googleapis.com/fabmaster/cardfaces/TNP/TNP150-MV.png,,,,C,FA,,,,TNP150,https://storage.googleapis.com/fabmaster/cardfaces/TNP/TNP150-MV_BACK.png,,,,,,,,,,,,,,,,,,,,,,,,,,,,,,,,,,,,
TNP151,TNP,,,,,,,,,,,,,,,,,,,,,,,,,P,C,FA,,,,TNP151,https://storage.googleapis.com/fabmaster/cardfaces/TNP/TNP151-MV.png,,,,C,FA,,,,TNP151,https://storage.googleapis.com/fabmaster/cardfaces/TNP/TNP151-MV_BACK.png,,,,,,,,,,,,,,,,,,,,,,,,,,,,,,,,,,,,
TNP152,TNP,,,,,,,,,,,,,,,,,,,,,,,,,P,C,FA,,,,TNP152,https://storage.googleapis.com/fabmaster/cardfaces/TNP/TNP152-MV.png,,,,C,FA,,,,TNP152,https://storage.googleapis.com/fabmaster/cardfaces/TNP/TNP152-MV_BACK.png,,,,,,,,,,,,,,,,,,,,,,,,,,,,,,,,,,,,
TNP153,TNP,,,,,,,,,,,,,,,,,,,,,,,,,P,C,FA,,,,TNP153,https://storage.googleapis.com/fabmaster/cardfaces/TNP/TNP153-MV.png,,,,C,FA,,,,TNP153,https://storage.googleapis.com/fabmaster/cardfaces/TNP/TNP153-MV_BACK.png,,,,,,,,,,,,,,,,,,,,,,,,,,,,,,,,,,,,
TNP154,TNP,,,,,,,,,,,,,,,,,,,,,,,,,P,C,FA,,,,TNP154,https://storage.googleapis.com/fabmaster/cardfaces/TNP/TNP154-MV.png,,,,C,FA,,,,TNP154,https://storage.googleapis.com/fabmaster/cardfaces/TNP/TNP154-MV_BACK.png,,,,,,,,,,,,,,,,,,,,,,,,,,,,,,,,,,,,
TNP155,TNP,,,,,,,,,,,,,,,,,,,,,,,,,P,C,FA,,,,TNP155,https://storage.googleapis.com/fabmaster/cardfaces/TNP/TNP155-MV.png,,,,C,FA,,,,TNP155,https://storage.googleapis.com/fabmaster/cardfaces/TNP/TNP155-MV_BACK.png,,,,,,,,,,,,,,,,,,,,,,,,,,,,,,,,,,,,
TNP156,TNP,,,,,,,,,,,,,,,,,,,,,,,,,P,C,FA,,,,TNP156,https://storage.googleapis.com/fabmaster/cardfaces/TNP/TNP156-MV.png,,,,C,FA,,,,TNP156,https://storage.googleapis.com/fabmaster/cardfaces/TNP/TNP156-MV_BACK.png,,,,,,,,,,,,,,,,,,,,,,,,,,,,,,,,,,,,
TNP157,TNP,,,,,,,,,,,,,,,,,,,,,,,,,P,C,FA,,,,TNP157,https://storage.googleapis.com/fabmaster/cardfaces/TNP/TNP157-MV.png,,,,C,FA,,,,TNP157,https://storage.googleapis.com/fabmaster/cardfaces/TNP/TNP157-MV_BACK.png,,,,,,,,,,,,,,,,,,,,,,,,,,,,,,,,,,,,
TNP158,TNP,,,,,,,,,,,,,,,,,,,,,,,,,P,C,FA,,,,TNP158,https://storage.googleapis.com/fabmaster/cardfaces/TNP/TNP158-MV.png,,,,C,FA,,,,TNP158,https://storage.googleapis.com/fabmaster/cardfaces/TNP/TNP158-MV_BACK.png,,,,,,,,,,,,,,,,,,,,,,,,,,,,,,,,,,,,
TNP159,TNP,,,,,,,,,,,,,,,,,,,,,,,,,P,C,FA,,,,TNP159,https://storage.googleapis.com/fabmaster/cardfaces/TNP/TNP159-MV.png,,,,C,FA,,,,TNP159,https://storage.googleapis.com/fabmaster/cardfaces/TNP/TNP159-MV_BACK.png,,,,,,,,,,,,,,,,,,,,,,,,,,,,,,,,,,,,
TNP160,TNP,,,,,,,,,,,,,,,,,,,,,,,,,P,C,FA,,,,TNP160,https://storage.googleapis.com/fabmaster/cardfaces/TNP/TNP160-MV.png,,,,C,FA,,,,TNP160,https://storage.googleapis.com/fabmaster/cardfaces/TNP/TNP160-MV_BACK.png,,,,,,,,,,,,,,,,,,,,,,,,,,,,,,,,,,,,
TNP161,TNP,,,,,,,,,,,,,,,,,,,,,,,,,P,C,FA,,,,TNP161,https://storage.googleapis.com/fabmaster/cardfaces/TNP/TNP161-MV.png,,,,C,FA,,,,TNP161,https://storage.googleapis.com/fabmaster/cardfaces/TNP/TNP161-MV_BACK.png,,,,,,,,,,,,,,,,,,,,,,,,,,,,,,,,,,,,
TNP162,TNP,,,,,,,,,,,,,,,,,,,,,,,,,P,C,FA,,,,TNP162,https://storage.googleapis.com/fabmaster/cardfaces/TNP/TNP162-MV.png,,,,C,FA,,,,TNP162,https://storage.googleapis.com/fabmaster/cardfaces/TNP/TNP162-MV_BACK.png,,,,,,,,,,,,,,,,,,,,,,,,,,,,,,,,,,,,
TNP163,TNP,,,,,,,,,,,,,,,,,,,,,,,,,P,C,FA,,,,TNP163,https://storage.googleapis.com/fabmaster/cardfaces/TNP/TNP163-MV.png,,,,C,FA,,,,TNP163,https://storage.googleapis.com/fabmaster/cardfaces/TNP/TNP163-MV_BACK.png,,,,,,,,,,,,,,,,,,,,,,,,,,,,,,,,,,,,
TNP164,TNP,,,,,,,,,,,,,,,,,,,,,,,,,P,C,FA,,,,TNP164,https://storage.googleapis.com/fabmaster/cardfaces/TNP/TNP164-MV.png,,,,C,FA,,,,TNP164,https://storage.googleapis.com/fabmaster/cardfaces/TNP/TNP164-MV_BACK.png,,,,,,,,,,,,,,,,,,,,,,,,,,,,,,,,,,,,
TNP165,TNP,,,,,,,,,,,,,,,,,,,,,,,,,P,C,FA,,,,TNP165,https://storage.googleapis.com/fabmaster/cardfaces/TNP/TNP165-MV.png,,,,C,FA,,,,TNP165,https://storage.googleapis.com/fabmaster/cardfaces/TNP/TNP165-MV_BACK.png,,,,,,,,,,,,,,,,,,,,,,,,,,,,,,,,,,,,
TNP166,TNP,,,,,,,,,,,,,,,,,,,,,,,,,P,C,FA,,,,TNP166,https://storage.googleapis.com/fabmaster/cardfaces/TNP/TNP166-MV.png,,,,C,FA,,,,TNP166,https://storage.googleapis.com/fabmaster/cardfaces/TNP/TNP166-MV_BACK.png,,,,,,,,,,,,,,,,,,,,,,,,,,,,,,,,,,,,
TNP167,TNP,,,,,,,,,,,,,,,,,,,,,,,,,P,C,FA,,,,TNP167,https://storage.googleapis.com/fabmaster/cardfaces/TNP/TNP167-MV.png,,,,C,FA,,,,TNP167,https://storage.googleapis.com/fabmaster/cardfaces/TNP/TNP167-MV_BACK.png,,,,,,,,,,,,,,,,,,,,,,,,,,,,,,,,,,,,
TNP168,TNP,,,,,,,,,,,,,,,,,,,,,,,,,P,C,FA,,,,TNP168,https://storage.googleapis.com/fabmaster/cardfaces/TNP/TNP168-MV.png,,,,C,FA,,,,TNP168,https://storage.googleapis.com/fabmaster/cardfaces/TNP/TNP168-MV_BACK.png,,,,,,,,,,,,,,,,,,,,,,,,,,,,,,,,,,,,
TNP169,TNP,,,,,,,,,,,,,,,,,,,,,,,,,P,C,FA,,,,TNP169,https://storage.googleapis.com/fabmaster/cardfaces/TNP/TNP169-MV.png,,,,C,FA,,,,TNP169,https://storage.googleapis.com/fabmaster/cardfaces/TNP/TNP169-MV_BACK.png,,,,,,,,,,,,,,,,,,,,,,,,,,,,,,,,,,,,
TNP170,TNP,,,,,,,,,,,,,,,,,,,,,,,,,P,C,FA,,,,TNP170,https://storage.googleapis.com/fabmaster/cardfaces/TNP/TNP170-MV.png,,,,C,FA,,,,TNP170,https://storage.googleapis.com/fabmaster/cardfaces/TNP/TNP170-MV_BACK.png,,,,,,,,,,,,,,,,,,,,,,,,,,,,,,,,,,,,
TNP171,TNP,,,,,,,,,,,,,,,,,,,,,,,,,P,C,FA,,,,TNP171,https://storage.googleapis.com/fabmaster/cardfaces/TNP/TNP171-MV.png,,,,C,FA,,,,TNP171,https://storage.googleapis.com/fabmaster/cardfaces/TNP/TNP171-MV_BACK.png,,,,,,,,,,,,,,,,,,,,,,,,,,,,,,,,,,,,
TNP172,TNP,,,,,,,,,,,,,,,,,,,,,,,,,P,C,FA,,,,TNP172,https://storage.googleapis.com/fabmaster/cardfaces/TNP/TNP172-MV.png,,,,C,FA,,,,TNP172,https://storage.googleapis.com/fabmaster/cardfaces/TNP/TNP172-MV_BACK.png,,,,,,,,,,,,,,,,,,,,,,,,,,,,,,,,,,,,
TNP173,TNP,,,,,,,,,,,,,,,,,,,,,,,,,P,C,FA,,,,TNP173,https://storage.googleapis.com/fabmaster/cardfaces/TNP/TNP173-MV.png,,,,C,FA,,,,TNP173,https://storage.googleapis.com/fabmaster/cardfaces/TNP/TNP173-MV_BACK.png,,,,,,,,,,,,,,,,,,,,,,,,,,,,,,,,,,,,
TNP174,TNP,,,,,,,,,,,,,,,,,,,,,,,,,P,C,FA,,,,TNP174,https://storage.googleapis.com/fabmaster/cardfaces/TNP/TNP174-MV.png,,,,C,FA,,,,TNP174,https://storage.googleapis.com/fabmaster/cardfaces/TNP/TNP174-MV_BACK.png,,,,,,,,,,,,,,,,,,,,,,,,,,,,,,,,,,,,
TNP175,TNP,,,,,,,,,,,,,,,,,,,,,,,,,P,C,FA,,,,TNP175,https://storage.googleapis.com/fabmaster/cardfaces/TNP/TNP175-MV.png,,,,C,FA,,,,TNP175,https://storage.googleapis.com/fabmaster/cardfaces/TNP/TNP175-MV_BACK.png,,,,,,,,,,,,,,,,,,,,,,,,,,,,,,,,,,,,
TNP176,TNP,,,,,,,,,,,,,,,,,,,,,,,,,P,C,FA,,,,TNP176,https://storage.googleapis.com/fabmaster/cardfaces/TNP/TNP176-MV.png,,,,C,FA,,,,TNP176,https://storage.googleapis.com/fabmaster/cardfaces/TNP/TNP176-MV_BACK.png,,,,,,,,,,,,,,,,,,,,,,,,,,,,,,,,,,,,
TNP177,TNP,,,,,,,,,,,,,,,,,,,,,,,,,P,C,FA,,,,TNP177,https://storage.googleapis.com/fabmaster/cardfaces/TNP/TNP177-MV.png,,,,C,FA,,,,TNP177,https://storage.googleapis.com/fabmaster/cardfaces/TNP/TNP177-MV_BACK.png,,,,,,,,,,,,,,,,,,,,,,,,,,,,,,,,,,,,
TNP178,TNP,,,,,,,,,,,,,,,,,,,,,,,,,P,C,FA,,,,TNP178,https://storage.googleapis.com/fabmaster/cardfaces/TNP/TNP178-MV.png,,,,C,FA,,,,TNP178,https://storage.googleapis.com/fabmaster/cardfaces/TNP/TNP178-MV_BACK.png,,,,,,,,,,,,,,,,,,,,,,,,,,,,,,,,,,,,
TNP179,TNP,,,,,,,,,,,,,,,,,,,,,,,,,P,C,FA,,,,TNP179,https://storage.googleapis.com/fabmaster/cardfaces/TNP/TNP179-MV.png,,,,C,FA,,,,TNP179,https://storage.googleapis.com/fabmaster/cardfaces/TNP/TNP179-MV_BACK.png,,,,,,,,,,,,,,,,,,,,,,,,,,,,,,,,,,,,
TNP180,TNP,,,,,,,,,,,,,,,,,,,,,,,,,P,C,FA,,,,TNP180,https://storage.googleapis.com/fabmaster/cardfaces/TNP/TNP180-MV.png,,,,C,FA,,,,TNP180,https://storage.googleapis.com/fabmaster/cardfaces/TNP/TNP180-MV_BACK.png,,,,,,,,,,,,,,,,,,,,,,,,,,,,,,,,,,,,
TNP181,TNP,,,,,,,,,,,,,,,,,,,,,,,,,P,C,FA,,,,TNP181,https://storage.googleapis.com/fabmaster/cardfaces/TNP/TNP181-MV.png,,,,C,FA,,,,TNP181,https://storage.googleapis.com/fabmaster/cardfaces/TNP/TNP181-MV_BACK.png,,,,,,,,,,,,,,,,,,,,,,,,,,,,,,,,,,,,
TNP182,TNP,,,,,,,,,,,,,,,,,,,,,,,,,P,C,FA,,,,TNP182,https://storage.googleapis.com/fabmaster/cardfaces/TNP/TNP182-MV.png,,,,C,FA,,,,TNP182,https://storage.googleapis.com/fabmaster/cardfaces/TNP/TNP182-MV_BACK.png,,,,,,,,,,,,,,,,,,,,,,,,,,,,,,,,,,,,
TNP183,TNP,,,,,,,,,,,,,,,,,,,,,,,,,P,C,FA,,,,TNP183,https://storage.googleapis.com/fabmaster/cardfaces/TNP/TNP183-MV.png,,,,C,FA,,,,TNP183,https://storage.googleapis.com/fabmaster/cardfaces/TNP/TNP183-MV_BACK.png,,,,,,,,,,,,,,,,,,,,,,,,,,,,,,,,,,,,
TNP184,TNP,,,,,,,,,,,,,,,,,,,,,,,,,P,C,FA,,,,TNP184,https://storage.googleapis.com/fabmaster/cardfaces/TNP/TNP184-MV.png,,,,C,FA,,,,TNP184,https://storage.googleapis.com/fabmaster/cardfaces/TNP/TNP184-MV_BACK.png,,,,,,,,,,,,,,,,,,,,,,,,,,,,,,,,,,,,
TNP185,TNP,,,,,,,,,,,,,,,,,,,,,,,,,P,C,FA,,,,TNP185,https://storage.googleapis.com/fabmaster/cardfaces/TNP/TNP185-MV.png,,,,C,FA,,,,TNP185,https://storage.googleapis.com/fabmaster/cardfaces/TNP/TNP185-MV_BACK.png,,,,,,,,,,,,,,,,,,,,,,,,,,,,,,,,,,,,
TNP186,TNP,,,,,,,,,,,,,,,,,,,,,,,,,P,C,FA,,,,TNP186,https://storage.googleapis.com/fabmaster/cardfaces/TNP/TNP186-MV.png,,,,C,FA,,,,TNP186,https://storage.googleapis.com/fabmaster/cardfaces/TNP/TNP186-MV_BACK.png,,,,,,,,,,,,,,,,,,,,,,,,,,,,,,,,,,,,
TNP187,TNP,,,,,,,,,,,,,,,,,,,,,,,,,P,C,FA,,,,TNP187,https://storage.googleapis.com/fabmaster/cardfaces/TNP/TNP187-MV.png,,,,C,FA,,,,TNP187,https://storage.googleapis.com/fabmaster/cardfaces/TNP/TNP187-MV_BACK.png,,,,,,,,,,,,,,,,,,,,,,,,,,,,,,,,,,,,
TNP188,TNP,,,,,,,,,,,,,,,,,,,,,,,,,P,C,FA,,,,TNP188,https://storage.googleapis.com/fabmaster/cardfaces/TNP/TNP188-MV.png,,,,C,FA,,,,TNP188,https://storage.googleapis.com/fabmaster/cardfaces/TNP/TNP188-MV_BACK.png,,,,,,,,,,,,,,,,,,,,,,,,,,,,,,,,,,,,
TNP189,TNP,,,,,,,,,,,,,,,,,,,,,,,,,P,C,FA,,,,TNP189,https://storage.googleapis.com/fabmaster/cardfaces/TNP/TNP189-MV.png,,,,C,FA,,,,TNP189,https://storage.googleapis.com/fabmaster/cardfaces/TNP/TNP189-MV_BACK.png,,,,,,,,,,,,,,,,,,,,,,,,,,,,,,,,,,,,
TNP190,TNP,,,,,,,,,,,,,,,,,,,,,,,,,P,C,FA,,,,TNP190,https://storage.googleapis.com/fabmaster/cardfaces/TNP/TNP190-MV.png,,,,C,FA,,,,TNP190,https://storage.googleapis.com/fabmaster/cardfaces/TNP/TNP190-MV_BACK.png,,,,,,,,,,,,,,,,,,,,,,,,,,,,,,,,,,,,
TNP191,TNP,,,,,,,,,,,,,,,,,,,,,,,,,P,C,FA,,,,TNP191,https://storage.googleapis.com/fabmaster/cardfaces/TNP/TNP191-MV.png,,,,C,FA,,,,TNP191,https://storage.googleapis.com/fabmaster/cardfaces/TNP/TNP191-MV_BACK.png,,,,,,,,,,,,,,,,,,,,,,,,,,,,,,,,,,,,
TNP192,TNP,,,,,,,,,,,,,,,,,,,,,,,,,P,C,FA,,,,TNP192,https://storage.googleapis.com/fabmaster/cardfaces/TNP/TNP192-MV.png,,,,C,FA,,,,TNP192,https://storage.googleapis.com/fabmaster/cardfaces/TNP/TNP192-MV_BACK.png,,,,,,,,,,,,,,,,,,,,,,,,,,,,,,,,,,,,
TNP193,TNP,,,,,,,,,,,,,,,,,,,,,,,,,P,C,FA,,,,TNP193,https://storage.googleapis.com/fabmaster/cardfaces/TNP/TNP193-MV.png,,,,C,FA,,,,TNP193,https://storage.googleapis.com/fabmaster/cardfaces/TNP/TNP193-MV_BACK.png,,,,,,,,,,,,,,,,,,,,,,,,,,,,,,,,,,,,
TNP194,TNP,,,,,,,,,,,,,,,,,,,,,,,,,P,C,FA,,,,TNP194,https://storage.googleapis.com/fabmaster/cardfaces/TNP/TNP194-MV.png,,,,C,FA,,,,TNP194,https://storage.googleapis.com/fabmaster/cardfaces/TNP/TNP194-MV_BACK.png,,,,,,,,,,,,,,,,,,,,,,,,,,,,,,,,,,,,
TNP195,TNP,,,,,,,,,,,,,,,,,,,,,,,,,P,C,FA,,,,TNP195,https://storage.googleapis.com/fabmaster/cardfaces/TNP/TNP195-MV.png,,,,C,FA,,,,TNP195,https://storage.googleapis.com/fabmaster/cardfaces/TNP/TNP195-MV_BACK.png,,,,,,,,,,,,,,,,,,,,,,,,,,,,,,,,,,,,
TNP196,TNP,,,,,,,,,,,,,,,,,,,,,,,,,P,C,FA,,,,TNP196,https://storage.googleapis.com/fabmaster/cardfaces/TNP/TNP196-MV.png,,,,C,FA,,,,TNP196,https://storage.googleapis.com/fabmaster/cardfaces/TNP/TNP196-MV_BACK.png,,,,,,,,,,,,,,,,,,,,,,,,,,,,,,,,,,,,
TNP197,TNP,,,,,,,,,,,,,,,,,,,,,,,,,P,C,FA,,,,TNP197,https://storage.googleapis.com/fabmaster/cardfaces/TNP/TNP197-MV.png,,,,C,FA,,,,TNP197,https://storage.googleapis.com/fabmaster/cardfaces/TNP/TNP197-MV_BACK.png,,,,,,,,,,,,,,,,,,,,,,,,,,,,,,,,,,,,
TNP198,TNP,,,,,,,,,,,,,,,,,,,,,,,,,P,C,FA,,,,TNP198,https://storage.googleapis.com/fabmaster/cardfaces/TNP/TNP198-MV.png,,,,C,FA,,,,TNP198,https://storage.googleapis.com/fabmaster/cardfaces/TNP/TNP198-MV_BACK.png,,,,,,,,,,,,,,,,,,,,,,,,,,,,,,,,,,,,
TNP199,TNP,,,,,,,,,,,,,,,,,,,,,,,,,P,C,FA,,,,TNP199,https://storage.googleapis.com/fabmaster/cardfaces/TNP/TNP199-MV.png,,,,C,FA,,,,TNP199,https://storage.googleapis.com/fabmaster/cardfaces/TNP/TNP199-MV_BACK.png,,,,,,,,,,,,,,,,,,,,,,,,,,,,,,,,,,,,
TNP200,TNP,,,,,,,,,,,,,,,,,,,,,,,,,P,C,FA,,,,TNP200,https://storage.googleapis.com/fabmaster/cardfaces/TNP/TNP200-MV.png,,,,C,FA,,,,TNP200,https://storage.googleapis.com/fabmaster/cardfaces/TNP/TNP200-MV_BACK.png,,,,,,,,,,,,,,,,,,,,,,,,,,,,,,,,,,,,
TNP201,TNP,,,,,,,,,,,,,,,,,,,,,,,,,P,C,FA,,,,TNP201,https://storage.googleapis.com/fabmaster/cardfaces/TNP/TNP201-MV.png,,,,C,FA,,,,TNP201,https://storage.googleapis.com/fabmaster/cardfaces/TNP/TNP201-MV_BACK.png,,,,,,,,,,,,,,,,,,,,,,,,,,,,,,,,,,,,
TNP202,TNP,,,,,,,,,,,,,,,,,,,,,,,,,P,C,FA,,,,TNP202,https://storage.googleapis.com/fabmaster/cardfaces/TNP/TNP202-MV.png,,,,C,FA,,,,TNP202,https://storage.googleapis.com/fabmaster/cardfaces/TNP/TNP202-MV_BACK.png,,,,,,,,,,,,,,,,,,,,,,,,,,,,,,,,,,,,
TNP203,TNP,,,,,,,,,,,,,,,,,,,,,,,,,P,C,FA,,,,TNP203,https://storage.googleapis.com/fabmaster/cardfaces/TNP/TNP203-MV.png,,,,C,FA,,,,TNP203,https://storage.googleapis.com/fabmaster/cardfaces/TNP/TNP203-MV_BACK.png,,,,,,,,,,,,,,,,,,,,,,,,,,,,,,,,,,,,
TNP204,TNP,,,,,,,,,,,,,,,,,,,,,,,,,P,C,FA,,,,TNP204,https://storage.googleapis.com/fabmaster/cardfaces/TNP/TNP204-MV.png,,,,C,FA,,,,TNP204,https://storage.googleapis.com/fabmaster/cardfaces/TNP/TNP204-MV_BACK.png,,,,,,,,,,,,,,,,,,,,,,,,,,,,,,,,,,,,
TNP205,TNP,,,,,,,,,,,,,,,,,,,,,,,,,P,C,FA,,,,TNP205,https://storage.googleapis.com/fabmaster/cardfaces/TNP/TNP205-MV.png,,,,C,FA,,,,TNP205,https://storage.googleapis.com/fabmaster/cardfaces/TNP/TNP205-MV_BACK.png,,,,,,,,,,,,,,,,,,,,,,,,,,,,,,,,,,,,
TNP206,TNP,,,,,,,,,,,,,,,,,,,,,,,,,P,C,FA,,,,TNP206,https://storage.googleapis.com/fabmaster/cardfaces/TNP/TNP206-MV.png,,,,C,FA,,,,TNP206,https://storage.googleapis.com/fabmaster/cardfaces/TNP/TNP206-MV_BACK.png,,,,,,,,,,,,,,,,,,,,,,,,,,,,,,,,,,,,
TNP207,TNP,,,,,,,,,,,,,,,,,,,,,,,,,P,C,FA,,,,TNP207,https://storage.googleapis.com/fabmaster/cardfaces/TNP/TNP207-MV.png,,,,C,FA,,,,TNP207,https://storage.googleapis.com/fabmaster/cardfaces/TNP/TNP207-MV_BACK.png,,,,,,,,,,,,,,,,,,,,,,,,,,,,,,,,,,,,
TNP208,TNP,,,,,,,,,,,,,,,,,,,,,,,,,P,C,FA,,,,TNP208,https://storage.googleapis.com/fabmaster/cardfaces/TNP/TNP208-MV.png,,,,C,FA,,,,TNP208,https://storage.googleapis.com/fabmaster/cardfaces/TNP/TNP208-MV_BACK.png,,,,,,,,,,,,,,,,,,,,,,,,,,,,,,,,,,,,
TNP209,TNP,,,,,,,,,,,,,,,,,,,,,,,,,P,C,FA,,,,TNP209,https://storage.googleapis.com/fabmaster/cardfaces/TNP/TNP209-MV.png,,,,C,FA,,,,TNP209,https://storage.googleapis.com/fabmaster/cardfaces/TNP/TNP209-MV_BACK.png,,,,,,,,,,,,,,,,,,,,,,,,,,,,,,,,,,,,
TNP210,TNP,,,,,,,,,,,,,,,,,,,,,,,,,P,C,FA,,,,TNP210,https://storage.googleapis.com/fabmaster/cardfaces/TNP/TNP210-MV.png,,,,C,FA,,,,TNP210,https://storage.googleapis.com/fabmaster/cardfaces/TNP/TNP210-MV_BACK.png,,,,,,,,,,,,,,,,,,,,,,,,,,,,,,,,,,,,
TNP211,TNP,,,,,,,,,,,,,,,,,,,,,,,,,P,C,FA,,,,TNP211,https://storage.googleapis.com/fabmaster/cardfaces/TNP/TNP211-MV.png,,,,C,FA,,,,TNP211,https://storage.googleapis.com/fabmaster/cardfaces/TNP/TNP211-MV_BACK.png,,,,,,,,,,,,,,,,,,,,,,,,,,,,,,,,,,,,
TNP212,TNP,,,,,,,,,,,,,,,,,,,,,,,,,P,C,FA,,,,TNP212,https://storage.googleapis.com/fabmaster/cardfaces/TNP/TNP212-MV.png,,,,C,FA,,,,TNP212,https://storage.googleapis.com/fabmaster/cardfaces/TNP/TNP212-MV_BACK.png,,,,,,,,,,,,,,,,,,,,,,,,,,,,,,,,,,,,
TNP213,TNP,,,,,,,,,,,,,,,,,,,,,,,,,P,C,FA,,,,TNP213,https://storage.googleapis.com/fabmaster/cardfaces/TNP/TNP213-MV.png,,,,C,FA,,,,TNP213,https://storage.googleapis.com/fabmaster/cardfaces/TNP/TNP213-MV_BACK.png,,,,,,,,,,,,,,,,,,,,,,,,,,,,,,,,,,,,
TNP214,TNP,,,,,,,,,,,,,,,,,,,,,,,,,P,C,FA,,,,TNP214,https://storage.googleapis.com/fabmaster/cardfaces/TNP/TNP214-MV.png,,,,C,FA,,,,TNP214,https://storage.googleapis.com/fabmaster/cardfaces/TNP/TNP214-MV_BACK.png,,,,,,,,,,,,,,,,,,,,,,,,,,,,,,,,,,,,
TNP215,TNP,,,,,,,,,,,,,,,,,,,,,,,,,P,C,FA,,,,TNP215,https://storage.googleapis.com/fabmaster/cardfaces/TNP/TNP215-MV.png,,,,C,FA,,,,TNP215,https://storage.googleapis.com/fabmaster/cardfaces/TNP/TNP215-MV_BACK.png,,,,,,,,,,,,,,,,,,,,,,,,,,,,,,,,,,,,
TNP216,TNP,,,,,,,,,,,,,,,,,,,,,,,,,P,C,FA,,,,TNP216,https://storage.googleapis.com/fabmaster/cardfaces/TNP/TNP216-MV.png,,,,C,FA,,,,TNP216,https://storage.googleapis.com/fabmaster/cardfaces/TNP/TNP216-MV_BACK.png,,,,,,,,,,,,,,,,,,,,,,,,,,,,,,,,,,,,
TNP217,TNP,,,,,,,,,,,,,,,,,,,,,,,,,P,C,FA,,,,TNP217,https://storage.googleapis.com/fabmaster/cardfaces/TNP/TNP217-MV.png,,,,C,FA,,,,TNP217,https://storage.googleapis.com/fabmaster/cardfaces/TNP/TNP217-MV_BACK.png,,,,,,,,,,,,,,,,,,,,,,,,,,,,,,,,,,,,
TNP218,TNP,,,,,,,,,,,,,,,,,,,,,,,,,P,C,FA,,,,TNP218,https://storage.googleapis.com/fabmaster/cardfaces/TNP/TNP218-MV.png,,,,C,FA,,,,TNP218,https://storage.googleapis.com/fabmaster/cardfaces/TNP/TNP218-MV_BACK.png,,,,,,,,,,,,,,,,,,,,,,,,,,,,,,,,,,,,
TNP219,TNP,,,,,,,,,,,,,,,,,,,,,,,,,P,C,FA,,,,TNP219,https://storage.googleapis.com/fabmaster/cardfaces/TNP/TNP219-MV.png,,,,C,FA,,,,TNP219,https://storage.googleapis.com/fabmaster/cardfaces/TNP/TNP219-MV_BACK.png,,,,,,,,,,,,,,,,,,,,,,,,,,,,,,,,,,,,
TNP220,TNP,,,,,,,,,,,,,,,,,,,,,,,,,P,C,FA,,,,TNP220,https://storage.googleapis.com/fabmaster/cardfaces/TNP/TNP220-MV.png,,,,C,FA,,,,TNP220,https://storage.googleapis.com/fabmaster/cardfaces/TNP/TNP220-MV_BACK.png,,,,,,,,,,,,,,,,,,,,,,,,,,,,,,,,,,,,
TNP221,TNP,,,,,,,,,,,,,,,,,,,,,,,,,P,C,FA,,,,TNP221,https://storage.googleapis.com/fabmaster/cardfaces/TNP/TNP221-MV.png,,,,C,FA,,,,TNP221,https://storage.googleapis.com/fabmaster/cardfaces/TNP/TNP221-MV_BACK.png,,,,,,,,,,,,,,,,,,,,,,,,,,,,,,,,,,,,
TNP222,TNP,,,,,,,,,,,,,,,,,,,,,,,,,P,C,FA,,,,TNP222,https://storage.googleapis.com/fabmaster/cardfaces/TNP/TNP222-MV.png,,,,C,FA,,,,TNP222,https://storage.googleapis.com/fabmaster/cardfaces/TNP/TNP222-MV_BACK.png,,,,,,,,,,,,,,,,,,,,,,,,,,,,,,,,,,,,
TNP223,TNP,,,,,,,,,,,,,,,,,,,,,,,,,P,C,FA,,,,TNP223,https://storage.googleapis.com/fabmaster/cardfaces/TNP/TNP223-MV.png,,,,C,FA,,,,TNP223,https://storage.googleapis.com/fabmaster/cardfaces/TNP/TNP223-MV_BACK.png,,,,,,,,,,,,,,,,,,,,,,,,,,,,,,,,,,,,
TNP224,TNP,,,,,,,,,,,,,,,,,,,,,,,,,P,C,FA,,,,TNP224,https://storage.googleapis.com/fabmaster/cardfaces/TNP/TNP224-MV.png,,,,C,FA,,,,TNP224,https://storage.googleapis.com/fabmaster/cardfaces/TNP/TNP224-MV_BACK.png,,,,,,,,,,,,,,,,,,,,,,,,,,,,,,,,,,,,
TNP225,TNP,,,,,,,,,,,,,,,,,,,,,,,,,P,C,FA,,,,TNP225,https://storage.googleapis.com/fabmaster/cardfaces/TNP/TNP225-MV.png,,,,C,FA,,,,TNP225,https://storage.googleapis.com/fabmaster/cardfaces/TNP/TNP225-MV_BACK.png,,,,,,,,,,,,,,,,,,,,,,,,,,,,,,,,,,,,
TNP226,TNP,,,,,,,,,,,,,,,,,,,,,,,,,P,C,FA,,,,TNP226,https://storage.googleapis.com/fabmaster/cardfaces/TNP/TNP226-MV.png,,,,C,FA,,,,TNP226,https://storage.googleapis.com/fabmaster/cardfaces/TNP/TNP226-MV_BACK.png,,,,,,,,,,,,,,,,,,,,,,,,,,,,,,,,,,,,
TNP227,TNP,,,,,,,,,,,,,,,,,,,,,,,,,P,C,FA,,,,TNP227,https://storage.googleapis.com/fabmaster/cardfaces/TNP/TNP227-MV.png,,,,C,FA,,,,TNP227,https://storage.googleapis.com/fabmaster/cardfaces/TNP/TNP227-MV_BACK.png,,,,,,,,,,,,,,,,,,,,,,,,,,,,,,,,,,,,
TNP228,TNP,,,,,,,,,,,,,,,,,,,,,,,,,P,C,FA,,,,TNP228,https://storage.googleapis.com/fabmaster/cardfaces/TNP/TNP228-MV.png,,,,C,FA,,,,TNP228,https://storage.googleapis.com/fabmaster/cardfaces/TNP/TNP228-MV_BACK.png,,,,,,,,,,,,,,,,,,,,,,,,,,,,,,,,,,,,
TNP229,TNP,,,,,,,,,,,,,,,,,,,,,,,,,P,C,FA,,,,TNP229,https://storage.googleapis.com/fabmaster/cardfaces/TNP/TNP229-MV.png,,,,C,FA,,,,TNP229,https://storage.googleapis.com/fabmaster/cardfaces/TNP/TNP229-MV_BACK.png,,,,,,,,,,,,,,,,,,,,,,,,,,,,,,,,,,,,
TNP230,TNP,,,,,,,,,,,,,,,,,,,,,,,,,P,C,FA,,,,TNP230,https://storage.googleapis.com/fabmaster/cardfaces/TNP/TNP230-MV.png,,,,C,FA,,,,TNP230,https://storage.googleapis.com/fabmaster/cardfaces/TNP/TNP230-MV_BACK.png,,,,,,,,,,,,,,,,,,,,,,,,,,,,,,,,,,,,
TNP231,TNP,,,,,,,,,,,,,,,,,,,,,,,,,P,C,FA,,,,TNP231,https://storage.googleapis.com/fabmaster/cardfaces/TNP/TNP231-MV.png,,,,C,FA,,,,TNP231,https://storage.googleapis.com/fabmaster/cardfaces/TNP/TNP231-MV_BACK.png,,,,,,,,,,,,,,,,,,,,,,,,,,,,,,,,,,,,
TNP232,TNP,,,,,,,,,,,,,,,,,,,,,,,,,P,C,FA,,,,TNP232,https://storage.googleapis.com/fabmaster/cardfaces/TNP/TNP232-MV.png,,,,C,FA,,,,TNP232,https://storage.googleapis.com/fabmaster/cardfaces/TNP/TNP232-MV_BACK.png,,,,,,,,,,,,,,,,,,,,,,,,,,,,,,,,,,,,
TNP233,TNP,,,,,,,,,,,,,,,,,,,,,,,,,P,C,FA,,,,TNP233,https://storage.googleapis.com/fabmaster/cardfaces/TNP/TNP233-MV.png,,,,C,FA,,,,TNP233,https://storage.googleapis.com/fabmaster/cardfaces/TNP/TNP233-MV_BACK.png,,,,,,,,,,,,,,,,,,,,,,,,,,,,,,,,,,,,
TNP234,TNP,,,,,,,,,,,,,,,,,,,,,,,,,P,C,FA,,,,TNP234,https://storage.googleapis.com/fabmaster/cardfaces/TNP/TNP234-MV.png,,,,C,FA,,,,TNP234,https://storage.googleapis.com/fabmaster/cardfaces/TNP/TNP234-MV_BACK.png,,,,,,,,,,,,,,,,,,,,,,,,,,,,,,,,,,,,
TNP235,TNP,,,,,,,,,,,,,,,,,,,,,,,,,P,C,FA,,,,TNP235,https://storage.googleapis.com/fabmaster/cardfaces/TNP/TNP235-MV.png,,,,C,FA,,,,TNP235,https://storage.googleapis.com/fabmaster/cardfaces/TNP/TNP235-MV_BACK.png,,,,,,,,,,,,,,,,,,,,,,,,,,,,,,,,,,,,
TNP236,TNP,,,,,,,,,,,,,,,,,,,,,,,,,P,C,FA,,,,TNP236,https://storage.googleapis.com/fabmaster/cardfaces/TNP/TNP236-MV.png,,,,C,FA,,,,TNP236,https://storage.googleapis.com/fabmaster/cardfaces/TNP/TNP236-MV_BACK.png,,,,,,,,,,,,,,,,,,,,,,,,,,,,,,,,,,,,
TNP237,TNP,,,,,,,,,,,,,,,,,,,,,,,,,P,C,FA,,,,TNP237,https://storage.googleapis.com/fabmaster/cardfaces/TNP/TNP237-MV.png,,,,C,FA,,,,TNP237,https://storage.googleapis.com/fabmaster/cardfaces/TNP/TNP237-MV_BACK.png,,,,,,,,,,,,,,,,,,,,,,,,,,,,,,,,,,,,
TNP238,TNP,,,,,,,,,,,,,,,,,,,,,,,,,P,C,FA,,,,TNP238,https://storage.googleapis.com/fabmaster/cardfaces/TNP/TNP238-MV.png,,,,C,FA,,,,TNP238,https://storage.googleapis.com/fabmaster/cardfaces/TNP/TNP238-MV_BACK.png,,,,,,,,,,,,,,,,,,,,,,,,,,,,,,,,,,,,
TNP239,TNP,,,,,,,,,,,,,,,,,,,,,,,,,P,C,FA,,,,TNP239,https://storage.googleapis.com/fabmaster/cardfaces/TNP/TNP239-MV.png,,,,C,FA,,,,TNP239,https://storage.googleapis.com/fabmaster/cardfaces/TNP/TNP239-MV_BACK.png,,,,,,,,,,,,,,,,,,,,,,,,,,,,,,,,,,,,
TNP240,TNP,,,,,,,,,,,,,,,,,,,,,,,,,P,C,FA,,,,TNP240,https://storage.googleapis.com/fabmaster/cardfaces/TNP/TNP240-MV.png,,,,C,FA,,,,TNP240,https://storage.googleapis.com/fabmaster/cardfaces/TNP/TNP240-MV_BACK.png,,,,,,,,,,,,,,,,,,,,,,,,,,,,,,,,,,,,
TNP241,TNP,,,,,,,,,,,,,,,,,,,,,,,,,P,C,FA,,,,TNP241,https://storage.googleapis.com/fabmaster/cardfaces/TNP/TNP241-MV.png,,,,C,FA,,,,TNP241,https://storage.googleapis.com/fabmaster/cardfaces/TNP/TNP241-MV_BACK.png,,,,,,,,,,,,,,,,,,,,,,,,,,,,,,,,,,,,
TNP242,TNP,,,,,,,,,,,,,,,,,,,,,,,,,P,C,FA,,,,TNP242,https://storage.googleapis.com/fabmaster/cardfaces/TNP/TNP242-MV.png,,,,C,FA,,,,TNP242,https://storage.googleapis.com/fabmaster/cardfaces/TNP/TNP242-MV_BACK.png,,,,,,,,,,,,,,,,,,,,,,,,,,,,,,,,,,,,
TNP243,TNP,,,,,,,,,,,,,,,,,,,,,,,,,P,C,FA,,,,TNP243,https://storage.googleapis.com/fabmaster/cardfaces/TNP/TNP243-MV.png,,,,C,FA,,,,TNP243,https://storage.googleapis.com/fabmaster/cardfaces/TNP/TNP243-MV_BACK.png,,,,,,,,,,,,,,,,,,,,,,,,,,,,,,,,,,,,
TNP244,TNP,,,,,,,,,,,,,,,,,,,,,,,,,P,C,FA,,,,TNP244,https://storage.googleapis.com/fabmaster/cardfaces/TNP/TNP244-MV.png,,,,C,FA,,,,TNP244,https://storage.googleapis.com/fabmaster/cardfaces/TNP/TNP244-MV_BACK.png,,,,,,,,,,,,,,,,,,,,,,,,,,,,,,,,,,,,
TNP245,TNP,,,,,,,,,,,,,,,,,,,,,,,,,P,C,FA,,,,TNP245,https://storage.googleapis.com/fabmaster/cardfaces/TNP/TNP245-MV.png,,,,C,FA,,,,TNP245,https://storage.googleapis.com/fabmaster/cardfaces/TNP/TNP245-MV_BACK.png,,,,,,,,,,,,,,,,,,,,,,,,,,,,,,,,,,,,
TNP246,TNP,,,,,,,,,,,,,,,,,,,,,,,,,P,C,FA,,,,TNP246,https://storage.googleapis.com/fabmaster/cardfaces/TNP/TNP246-MV.png,,,,C,FA,,,,TNP246,https://storage.googleapis.com/fabmaster/cardfaces/TNP/TNP246-MV_BACK.png,,,,,,,,,,,,,,,,,,,,,,,,,,,,,,,,,,,,
TNP247,TNP,,,,,,,,,,,,,,,,,,,,,,,,,P,C,FA,,,,TNP247,https://storage.googleapis.com/fabmaster/cardfaces/TNP/TNP247-MV.png,,,,C,FA,,,,TNP247,https://storage.googleapis.com/fabmaster/cardfaces/TNP/TNP247-MV_BACK.png,,,,,,,,,,,,,,,,,,,,,,,,,,,,,,,,,,,,
TNP248,TNP,,,,,,,,,,,,,,,,,,,,,,,,,P,C,FA,,,,TNP248,https://storage.googleapis.com/fabmaster/cardfaces/TNP/TNP248-MV.png,,,,C,FA,,,,TNP248,https://storage.googleapis.com/fabmaster/cardfaces/TNP/TNP248-MV_BACK.png,,,,,,,,,,,,,,,,,,,,,,,,,,,,,,,,,,,,
TNP249,TNP,,,,,,,,,,,,,,,,,,,,,,,,,P,C,FA,,,,TNP249,https://storage.googleapis.com/fabmaster/cardfaces/TNP/TNP249-MV.png,,,,C,FA,,,,TNP249,https://storage.googleapis.com/fabmaster/cardfaces/TNP/TNP249-MV_BACK.png,,,,,,,,,,,,,,,,,,,,,,,,,,,,,,,,,,,,
TNP250,TNP,,,,,,,,,,,,,,,,,,,,,,,,,P,C,FA,,,,TNP250,https://storage.googleapis.com/fabmaster/cardfaces/TNP/TNP250-MV.png,,,,C,FA,,,,TNP250,https://storage.googleapis.com/fabmaster/cardfaces/TNP/TNP250-MV_BACK.png,,,,,,,,,,,,,,,,,,,,,,,,,,,,,,,,,,,,
TNP251,TNP,,,,,,,,,,,,,,,,,,,,,,,,,P,C,FA,,,,TNP251,https://storage.googleapis.com/fabmaster/cardfaces/TNP/TNP251-MV.png,,,,C,FA,,,,TNP251,https://storage.googleapis.com/fabmaster/cardfaces/TNP/TNP251-MV_BACK.png,,,,,,,,,,,,,,,,,,,,,,,,,,,,,,,,,,,,
TNP252,TNP,,,,,,,,,,,,,,,,,,,,,,,,,P,C,FA,,,,TNP252,https://storage.googleapis.com/fabmaster/cardfaces/TNP/TNP252-MV.png,,,,C,FA,,,,TNP252,https://storage.googleapis.com/fabmaster/cardfaces/TNP/TNP252-MV_BACK.png,,,,,,,,,,,,,,,,,,,,,,,,,,,,,,,,,,,,
TNP253,TNP,,,,,,,,,,,,,,,,,,,,,,,,,P,C,FA,,,,TNP253,https://storage.googleapis.com/fabmaster/cardfaces/TNP/TNP253-MV.png,,,,C,FA,,,,TNP253,https://storage.googleapis.com/fabmaster/cardfaces/TNP/TNP253-MV_BACK.png,,,,,,,,,,,,,,,,,,,,,,,,,,,,,,,,,,,,
TNP254,TNP,,,,,,,,,,,,,,,,,,,,,,,,,P,C,FA,,,,TNP254,https://storage.googleapis.com/fabmaster/cardfaces/TNP/TNP254-MV.png,,,,C,FA,,,,TNP254,https://storage.googleapis.com/fabmaster/cardfaces/TNP/TNP254-MV_BACK.png,,,,,,,,,,,,,,,,,,,,,,,,,,,,,,,,,,,,
TNP255,TNP,,,,,,,,,,,,,,,,,,,,,,,,,P,C,FA,,,,TNP255,https://storage.googleapis.com/fabmaster/cardfaces/TNP/TNP255-MV.png,,,,C,FA,,,,TNP255,https://storage.googleapis.com/fabmaster/cardfaces/TNP/TNP255-MV_BACK.png,,,,,,,,,,,,,,,,,,,,,,,,,,,,,,,,,,,,
TNP256,TNP,,,,,,,,,,,,,,,,,,,,,,,,,P,C,FA,,,,TNP256,https://storage.googleapis.com/fabmaster/cardfaces/TNP/TNP256-MV.png,,,,C,FA,,,,TNP256,https://storage.googleapis.com/fabmaster/cardfaces/TNP/TNP256-MV_BACK.png,,,,,,,,,,,,,,,,,,,,,,,,,,,,,,,,,,,,
TNP257,TNP,,,,,,,,,,,,,,,,,,,,,,,,,P,C,FA,,,,TNP257,https://storage.googleapis.com/fabmaster/cardfaces/TNP/TNP257-MV.png,,,,C,FA,,,,TNP257,https://storage.googleapis.com/fabmaster/cardfaces/TNP/TNP257-MV_BACK.png,,,,,,,,,,,,,,,,,,,,,,,,,,,,,,,,,,,,
TNP258,TNP,,,,,,,,,,,,,,,,,,,,,,,,,P,C,FA,,,,TNP258,https://storage.googleapis.com/fabmaster/cardfaces/TNP/TNP258-MV.png,,,,C,FA,,,,TNP258,https://storage.googleapis.com/fabmaster/cardfaces/TNP/TNP258-MV_BACK.png,,,,,,,,,,,,,,,,,,,,,,,,,,,,,,,,,,,,
TNP259,TNP,,,,,,,,,,,,,,,,,,,,,,,,,P,C,FA,,,,TNP259,https://storage.googleapis.com/fabmaster/cardfaces/TNP/TNP259-MV.png,,,,C,FA,,,,TNP259,https://storage.googleapis.com/fabmaster/cardfaces/TNP/TNP259-MV_BACK.png,,,,,,,,,,,,,,,,,,,,,,,,,,,,,,,,,,,,
TNP260,TNP,,,,,,,,,,,,,,,,,,,,,,,,,P,C,FA,,,,TNP260,https://storage.googleapis.com/fabmaster/cardfaces/TNP/TNP260-MV.png,,,,C,FA,,,,TNP260,https://storage.googleapis.com/fabmaster/cardfaces/TNP/TNP260-MV_BACK.png,,,,,,,,,,,,,,,,,,,,,,,,,,,,,,,,,,,,
TNP261,TNP,,,,,,,,,,,,,,,,,,,,,,,,,P,C,FA,,,,TNP261,https://storage.googleapis.com/fabmaster/cardfaces/TNP/TNP261-MV.png,,,,C,FA,,,,TNP261,https://storage.googleapis.com/fabmaster/cardfaces/TNP/TNP261-MV_BACK.png,,,,,,,,,,,,,,,,,,,,,,,,,,,,,,,,,,,,
TNP262,TNP,,,,,,,,,,,,,,,,,,,,,,,,,P,C,FA,,,,TNP262,https://storage.googleapis.com/fabmaster/cardfaces/TNP/TNP262-MV.png,,,,C,FA,,,,TNP262,https://storage.googleapis.com/fabmaster/cardfaces/TNP/TNP262-MV_BACK.png,,,,,,,,,,,,,,,,,,,,,,,,,,,,,,,,,,,,
TNP263,TNP,,,,,,,,,,,,,,,,,,,,,,,,,P,C,FA,,,,TNP263,https://storage.googleapis.com/fabmaster/cardfaces/TNP/TNP263-MV.png,,,,C,FA,,,,TNP263,https://storage.googleapis.com/fabmaster/cardfaces/TNP/TNP263-MV_BACK.png,,,,,,,,,,,,,,,,,,,,,,,,,,,,,,,,,,,,
TNP264,TNP,,,,,,,,,,,,,,,,,,,,,,,,,P,C,FA,,,,TNP264,https://storage.googleapis.com/fabmaster/cardfaces/TNP/TNP264-MV.png,,,,C,FA,,,,TNP264,https://storage.googleapis.com/fabmaster/cardfaces/TNP/TNP264-MV_BACK.png,,,,,,,,,,,,,,,,,,,,,,,,,,,,,,,,,,,,
TNP265,TNP,,,,,,,,,,,,,,,,,,,,,,,,,P,C,FA,,,,TNP265,https://storage.googleapis.com/fabmaster/cardfaces/TNP/TNP265-MV.png,,,,C,FA,,,,TNP265,https://storage.googleapis.com/fabmaster/cardfaces/TNP/TNP265-MV_BACK.png,,,,,,,,,,,,,,,,,,,,,,,,,,,,,,,,,,,,
TNP266,TNP,,,,,,,,,,,,,,,,,,,,,,,,,P,C,FA,,,,TNP266,https://storage.googleapis.com/fabmaster/cardfaces/TNP/TNP266-MV.png,,,,C,FA,,,,TNP266,https://storage.googleapis.com/fabmaster/cardfaces/TNP/TNP266-MV_BACK.png,,,,,,,,,,,,,,,,,,,,,,,,,,,,,,,,,,,,
TNP267,TNP,,,,,,,,,,,,,,,,,,,,,,,,,P,C,FA,,,,TNP267,https://storage.googleapis.com/fabmaster/cardfaces/TNP/TNP267-MV.png,,,,C,FA,,,,TNP267,https://storage.googleapis.com/fabmaster/cardfaces/TNP/TNP267-MV_BACK.png,,,,,,,,,,,,,,,,,,,,,,,,,,,,,,,,,,,,
TNP268,TNP,,,,,,,,,,,,,,,,,,,,,,,,,P,C,FA,,,,TNP268,https://storage.googleapis.com/fabmaster/cardfaces/TNP/TNP268-MV.png,,,,C,FA,,,,TNP268,https://storage.googleapis.com/fabmaster/cardfaces/TNP/TNP268-MV_BACK.png,,,,,,,,,,,,,,,,,,,,,,,,,,,,,,,,,,,,
TNP269,TNP,,,,,,,,,,,,,,,,,,,,,,,,,P,C,FA,,,,TNP269,https://storage.googleapis.com/fabmaster/cardfaces/TNP/TNP269-MV.png,,,,C,FA,,,,TNP269,https://storage.googleapis.com/fabmaster/cardfaces/TNP/TNP269-MV_BACK.png,,,,,,,,,,,,,,,,,,,,,,,,,,,,,,,,,,,,
TNP270,TNP,,,,,,,,,,,,,,,,,,,,,,,,,P,C,FA,,,,TNP270,https://storage.googleapis.com/fabmaster/cardfaces/TNP/TNP270-MV.png,,,,C,FA,,,,TNP270,https://storage.googleapis.com/fabmaster/cardfaces/TNP/TNP270-MV_BACK.png,,,,,,,,,,,,,,,,,,,,,,,,,,,,,,,,,,,,
TNP271,TNP,,,,,,,,,,,,,,,,,,,,,,,,,P,C,FA,,,,TNP271,https://storage.googleapis.com/fabmaster/cardfaces/TNP/TNP271-MV.png,,,,C,FA,,,,TNP271,https://storage.googleapis.com/fabmaster/cardfaces/TNP/TNP271-MV_BACK.png,,,,,,,,,,,,,,,,,,,,,,,,,,,,,,,,,,,,
TNP272,TNP,,,,,,,,,,,,,,,,,,,,,,,,,P,C,FA,,,,TNP272,https://storage.googleapis.com/fabmaster/cardfaces/TNP/TNP272-MV.png,,,,C,FA,,,,TNP272,https://storage.googleapis.com/fabmaster/cardfaces/TNP/TNP272-MV_BACK.png,,,,,,,,,,,,,,,,,,,,,,,,,,,,,,,,,,,,
TNP273,TNP,,,,,,,,,,,,,,,,,,,,,,,,,P,C,FA,,,,TNP273,https://storage.googleapis.com/fabmaster/cardfaces/TNP/TNP273-MV.png,,,,C,FA,,,,TNP273,https://storage.googleapis.com/fabmaster/cardfaces/TNP/TNP273-MV_BACK.png,,,,,,,,,,,,,,,,,,,,,,,,,,,,,,,,,,,,
TNP274,TNP,,,,,,,,,,,,,,,,,,,,,,,,,P,C,FA,,,,TNP274,https://storage.googleapis.com/fabmaster/cardfaces/TNP/TNP274-MV.png,,,,C,FA,,,,TNP274,https://storage.googleapis.com/fabmaster/cardfaces/TNP/TNP274-MV_BACK.png,,,,,,,,,,,,,,,,,,,,,,,,,,,,,,,,,,,,
TNP275,TNP,,,,,,,,,,,,,,,,,,,,,,,,,P,C,FA,,,,TNP275,https://storage.googleapis.com/fabmaster/cardfaces/TNP/TNP275-MV.png,,,,C,FA,,,,TNP275,https://storage.googleapis.com/fabmaster/cardfaces/TNP/TNP275-MV_BACK.png,,,,,,,,,,,,,,,,,,,,,,,,,,,,,,,,,,,,
TNP276,TNP,,,,,,,,,,,,,,,,,,,,,,,,,P,C,FA,,,,TNP276,https://storage.googleapis.com/fabmaster/cardfaces/TNP/TNP276-MV.png,,,,C,FA,,,,TNP276,https://storage.googleapis.com/fabmaster/cardfaces/TNP/TNP276-MV_BACK.png,,,,,,,,,,,,,,,,,,,,,,,,,,,,,,,,,,,,
TNP277,TNP,,,,,,,,,,,,,,,,,,,,,,,,,P,C,FA,,,,TNP277,https://storage.googleapis.com/fabmaster/cardfaces/TNP/TNP277-MV.png,,,,C,FA,,,,TNP277,https://storage.googleapis.com/fabmaster/cardfaces/TNP/TNP277-MV_BACK.png,,,,,,,,,,,,,,,,,,,,,,,,,,,,,,,,,,,,