Identifiers,Set Identifiers,Name,Color,Pitch,Cost,Power,Defense,Life,Intelligence,Arcane,Types,Traits,Card Keywords,Abilities and Effects,Ability and Effect Keywords,Granted Keywords,Removed Keywords,Interacts with Keywords,Functional Text,Type Text,Card Played Horizontally,CC Legal,Silver Age Legal,LL Legal,Rarity,Foiling,Art Variations,Artists,Expansion Slot,Flavor Text,Identifier,Image URL,TCGPlayer Product Id,TCGPlayer Url,Rarity 2,Foiling 2,Art Variations 2,Artists 2,Expansion Slot 2,Flavor Text 2,Identifier 2,Image URL 2,TCGPlayer Product Id 2,TCGPlayer Url 2,Rarity 3,Foiling 3,Art Variations 3,Artists 3,Expansion Slot 3,Flavor Text 3,Identifier 3,Image URL 3,Rarity 4,Foiling 4,Art Variations 4,Artists 4,Expansion Slot 4,Flavor Text 4,Identifier 4,Image URL 4,Rarity 5,Foiling 5,Art Variations 5,Artists 5,Expansion Slot 5,Flavor Text 5,Identifier 5,Image URL 5,Rarity 6,Foiling 6,Art Variations 6,Artists 6,Expansion Slot 6,Flavor Text 6,Identifier 6,Image URL 6
OMN000,OMN,,,,,,,,,,,,,,,,,,,,,,,,,,,,,,OMN000,https://legendstory-production-s3-public.s3.amazonaws.com/media/cards/large/OMN000.webp,,,,,,,,,OMN000,,,,,,,,,,OMN000,,,,,,,,,,,,,,,,,,,,,,,,,
OMN001,OMN,Zyggy Starlight,,,,,,40,4,,"Lightning, Illusionist, Hero",,,Instant,,,,,"**Instant** - {r}{r}, {t}, destroy a Lightning Flow you control, banish another Lightning aura permanent you control with no holo counters: Return the banished aura to the arena with a holo counter.",Lightning Illusionist Hero,,,,,B,,,Jessada Sutthi,,,OMN001,https://legendstory-production-s3-public.s3.amazonaws.com/media/cards/large/OMN001.webp,,,V,C,FA,Jessada Sutthi,,,OMN001,https://legendstory-production-s3-public.s3.amazonaws.com/media/cards/large/OMN001-MV.webp,,,V,C,FA,Jessada Sutthi,,,OMN001,https://legendstory-production-s3-public.s3.amazonaws.com/media/cards/large/OMN001-MV_BACK.webp,,,,,,,,,,,,,,,,,,,,,,,,
OMN002,OMN,Ziggy,,,,,,20,4,,"Lightning, Illusionist, Hero, Young",,,Instant,,,,,"**Instant** - {r}{r}, {t}, destroy a Lightning Flow you control, banish another Lightning aura permanent you control with no holo counters: Return the banished aura to the arena with a holo counter.",Lightning Illusionist Hero - Young,,,,,B,,,Jessada Sutthi,,,OMN002,https://legendstory-production-s3-public.s3.amazonaws.com/media/cards/large/OMN002.webp,,,V,C,FA,Jessada Sutthi,,,OMN002,https://legendstory-production-s3-public.s3.amazonaws.com/media/cards/large/OMN002-MV.webp,,,V,C,FA,Jessada Sutthi,,,OMN002,https://legendstory-production-s3-public.s3.amazonaws.com/media/cards/large/OMN002-MV_BACK.webp,,,,,,,,,,,,,,,,,,,,,,,,
OMN003,OMN,Aphrodias,,,,,,,,2,"Lightning, Illusionist, Weapon, Orb, 2H",,,Instant,,,,,"**Instant** - {r}, {t}: Deal 2 arcane damage to target hero. Activate this only if an aura with a holo counter has entered the arena under your control this turn.",Lightning Illusionist Weapon - Orb (2H),,,,,B,,,Carlos Cruchaga,,,OMN003,https://legendstory-production-s3-public.s3.amazonaws.com/media/cards/large/OMN003.webp,,,,,,Carlos Cruchaga,,,OMN003,,,,,,,Carlos Cruchaga,,,OMN003,,,,,,,,,,,,,,,,,,,,,,,,,
OMN004,OMN,,,,,,,,,,,,,,,,,,,,,,,,,,,,,,OMN004,https://legendstory-production-s3-public.s3.amazonaws.com/media/cards/large/OMN004.webp,,,,,,,,,OMN004,,,,,,,,,,OMN004,,,,,,,,,,,,,,,,,,,,,,,,,
OMN005,OMN,,,,,,,,,,,,,,,,,,,,,,,,,,,,,,OMN005,https://legendstory-production-s3-public.s3.amazonaws.com/media/cards/large/OMN005.webp,,,,,,,,,OMN005,,,,,,,,,,OMN005,,,,,,,,,,,,,,,,,,,,,,,,,
OMN006,OMN,,,,,,,,,,,,,,,,,,,,,,,,,,,,,,OMN006,https://legendstory-production-s3-public.s3.amazonaws.com/media/cards/large/OMN006.webp,,,,,,,,,OMN006,,,,,,,,,,OMN006,,,,,,,,,,,,,,,,,,,,,,,,,
OMN007,OMN,,,,,,,,,,,,,,,,,,,,,,,,,,,,,,OMN007,https://legendstory-production-s3-public.s3.amazonaws.com/media/cards/large/OMN007.webp,,,,,,,,,OMN007,,,,,,,,,,OMN007,,,,,,,,,,,,,,,,,,,,,,,,,
OMN008,OMN,,,,,,,,,,,,,,,,,,,,,,,,,,,,,,OMN008,https://legendstory-production-s3-public.s3.amazonaws.com/media/cards/large/OMN008.webp,,,,,,,,,OMN008,,,,,,,,,,OMN008,,,,,,,,,,,,,,,,,,,,,,,,,
OMN009,OMN,,,,,,,,,,,,,,,,,,,,,,,,,,,,,,OMN009,https://legendstory-production-s3-public.s3.amazonaws.com/media/cards/large/OMN009.webp,,,,,,,,,OMN009,,,,,,,,,,OMN009,,,,,,,,,,,,,,,,,,,,,,,,,
OMN010,OMN,,,,,,,,,,,,,,,,,,,,,,,,,,,,,,OMN010,https://legendstory-production-s3-public.s3.amazonaws.com/media/cards/large/OMN010.webp,,,,,,,,,OMN010,,,,,,,,,,OMN010,,,,,,,,,,,,,,,,,,,,,,,,,
OMN011,OMN,,,,,,,,,,,,,,,,,,,,,,,,,,,,,,OMN011,https://legendstory-production-s3-public.s3.amazonaws.com/media/cards/large/OMN011.webp,,,,,,,,,OMN011,,,,,,,,,,OMN011,,,,,,,,,,,,,,,,,,,,,,,,,
OMN012,OMN,,,,,,,,,,,,,,,,,,,,,,,,,,,,,,OMN012,https://legendstory-production-s3-public.s3.amazonaws.com/media/cards/large/OMN012.webp,,,,,,,,,OMN012,,,,,,,,,,OMN012,,,,,,,,,,,,,,,,,,,,,,,,,
OMN013,OMN,,,,,,,,,,,,,,,,,,,,,,,,,,,,,,OMN013,https://legendstory-production-s3-public.s3.amazonaws.com/media/cards/large/OMN013.webp,,,,,,,,,OMN013,,,,,,,,,,OMN013,,,,,,,,,,,,,,,,,,,,,,,,,
OMN014,OMN,,,,,,,,,,,,,,,,,,,,,,,,,,,,,,OMN014,https://legendstory-production-s3-public.s3.amazonaws.com/media/cards/large/OMN014.webp,,,,,,,,,OMN014,,,,,,,,,,OMN014,,,,,,,,,,,,,,,,,,,,,,,,,
OMN015,OMN,Cosmic Duality,Red,1,2,7,3,,,1,"Lightning, Illusionist, Action, Attack",,Fragment,Instant,,,,,"**Instant** - {r}, discard this: Deal 1 arcane damage to target hero. Create a Lightning Flow token.

**Fragment**",Lightning Illusionist Action - Attack,,,,,C,,,YDZ,,,OMN015,https://legendstory-production-s3-public.s3.amazonaws.com/media/cards/large/OMN015.webp,,,,,,YDZ,,,OMN015,,,,,,,YDZ,,,OMN015,,,,,,,,,,,,,,,,,,,,,,,,,
OMN016,OMN,Cosmic Duality,Yellow,2,2,6,3,,,1,"Lightning, Illusionist, Action, Attack",,Fragment,Instant,,,,,"**Instant** - {r}, discard this: Deal 1 arcane damage to target hero. Create a Lightning Flow token.

**Fragment**",Lightning Illusionist Action - Attack,,,,,C,,,YDZ,,,OMN016,https://legendstory-production-s3-public.s3.amazonaws.com/media/cards/large/OMN016.webp,,,,,,YDZ,,,OMN016,,,,,,,YDZ,,,OMN016,,,,,,,,,,,,,,,,,,,,,,,,,
OMN017,OMN,Cosmic Duality,Blue,3,2,5,3,,,1,"Lightning, Illusionist, Action, Attack",,Fragment,Instant,,,,,"**Instant** - {r}, discard this: Deal 1 arcane damage to target hero. Create a Lightning Flow token.

**Fragment**",Lightning Illusionist Action - Attack,,,,,C,,,YDZ,,,OMN017,https://legendstory-production-s3-public.s3.amazonaws.com/media/cards/large/OMN017.webp,,,,,,YDZ,,,OMN017,,,,,,,YDZ,,,OMN017,,,,,,,,,,,,,,,,,,,,,,,,,
OMN018,OMN,,,,,,,,,,,,,,,,,,,,,,,,,,,,,,OMN018,https://legendstory-production-s3-public.s3.amazonaws.com/media/cards/large/OMN018.webp,,,,,,,,,OMN018,,,,,,,,,,OMN018,,,,,,,,,,,,,,,,,,,,,,,,,
OMN019,OMN,,,,,,,,,,,,,,,,,,,,,,,,,,,,,,OMN019,https://legendstory-production-s3-public.s3.amazonaws.com/media/cards/large/OMN019.webp,,,,,,,,,OMN019,,,,,,,,,,OMN019,,,,,,,,,,,,,,,,,,,,,,,,,
OMN020,OMN,,,,,,,,,,,,,,,,,,,,,,,,,,,,,,OMN020,https://legendstory-production-s3-public.s3.amazonaws.com/media/cards/large/OMN020.webp,,,,,,,,,OMN020,,,,,,,,,,OMN020,,,,,,,,,,,,,,,,,,,,,,,,,
OMN021,OMN,,,,,,,,,,,,,,,,,,,,,,,,,,,,,,OMN021,https://legendstory-production-s3-public.s3.amazonaws.com/media/cards/large/OMN021.webp,,,,,,,,,OMN021,,,,,,,,,,OMN021,,,,,,,,,,,,,,,,,,,,,,,,,
OMN022,OMN,,,,,,,,,,,,,,,,,,,,,,,,,,,,,,OMN022,https://legendstory-production-s3-public.s3.amazonaws.com/media/cards/large/OMN022.webp,,,,,,,,,OMN022,,,,,,,,,,OMN022,,,,,,,,,,,,,,,,,,,,,,,,,
OMN023,OMN,,,,,,,,,,,,,,,,,,,,,,,,,,,,,,OMN023,https://legendstory-production-s3-public.s3.amazonaws.com/media/cards/large/OMN023.webp,,,,,,,,,OMN023,,,,,,,,,,OMN023,,,,,,,,,,,,,,,,,,,,,,,,,
OMN024,OMN,,,,,,,,,,,,,,,,,,,,,,,,,,,,,,OMN024,https://legendstory-production-s3-public.s3.amazonaws.com/media/cards/large/OMN024.webp,,,,,,,,,OMN024,,,,,,,,,,OMN024,,,,,,,,,,,,,,,,,,,,,,,,,
OMN025,OMN,,,,,,,,,,,,,,,,,,,,,,,,,,,,,,OMN025,https://legendstory-production-s3-public.s3.amazonaws.com/media/cards/large/OMN025.webp,,,,,,,,,OMN025,,,,,,,,,,OMN025,,,,,,,,,,,,,,,,,,,,,,,,,
OMN026,OMN,,,,,,,,,,,,,,,,,,,,,,,,,,,,,,OMN026,https://legendstory-production-s3-public.s3.amazonaws.com/media/cards/large/OMN026.webp,,,,,,,,,OMN026,,,,,,,,,,OMN026,,,,,,,,,,,,,,,,,,,,,,,,,
OMN027,OMN,,,,,,,,,,,,,,,,,,,,,,,,,,,,,,OMN027,https://legendstory-production-s3-public.s3.amazonaws.com/media/cards/large/OMN027.webp,,,,,,,,,OMN027,,,,,,,,,,OMN027,,,,,,,,,,,,,,,,,,,,,,,,,
OMN028,OMN,,,,,,,,,,,,,,,,,,,,,,,,,,,,,,OMN028,https://legendstory-production-s3-public.s3.amazonaws.com/media/cards/large/OMN028.webp,,,,,,,,,OMN028,,,,,,,,,,OMN028,,,,,,,,,,,,,,,,,,,,,,,,,
OMN029,OMN,,,,,,,,,,,,,,,,,,,,,,,,,,,,,,OMN029,https://legendstory-production-s3-public.s3.amazonaws.com/media/cards/large/OMN029.webp,,,,,,,,,OMN029,,,,,,,,,,OMN029,,,,,,,,,,,,,,,,,,,,,,,,,
OMN030,OMN,,,,,,,,,,,,,,,,,,,,,,,,,,,,,,OMN030,https://legendstory-production-s3-public.s3.amazonaws.com/media/cards/large/OMN030.webp,,,,,,,,,OMN030,,,,,,,,,,OMN030,,,,,,,,,,,,,,,,,,,,,,,,,
OMN031,OMN,,,,,,,,,,,,,,,,,,,,,,,,,,,,,,OMN031,https://legendstory-production-s3-public.s3.amazonaws.com/media/cards/large/OMN031.webp,,,,,,,,,OMN031,,,,,,,,,,OMN031,,,,,,,,,,,,,,,,,,,,,,,,,
OMN032,OMN,,,,,,,,,,,,,,,,,,,,,,,,,,,,,,OMN032,https://legendstory-production-s3-public.s3.amazonaws.com/media/cards/large/OMN032.webp,,,,,,,,,OMN032,,,,,,,,,,OMN032,,,,,,,,,,,,,,,,,,,,,,,,,
OMN033,OMN,,,,,,,,,,,,,,,,,,,,,,,,,,,,,,OMN033,https://legendstory-production-s3-public.s3.amazonaws.com/media/cards/large/OMN033.webp,,,,,,,,,OMN033,,,,,,,,,,OMN033,,,,,,,,,,,,,,,,,,,,,,,,,
OMN034,OMN,,,,,,,,,,,,,,,,,,,,,,,,,,,,,,OMN034,https://legendstory-production-s3-public.s3.amazonaws.com/media/cards/large/OMN034.webp,,,,,,,,,OMN034,,,,,,,,,,OMN034,,,,,,,,,,,,,,,,,,,,,,,,,
OMN035,OMN,,,,,,,,,,,,,,,,,,,,,,,,,,,,,,OMN035,https://legendstory-production-s3-public.s3.amazonaws.com/media/cards/large/OMN035.webp,,,,,,,,,OMN035,,,,,,,,,,OMN035,,,,,,,,,,,,,,,,,,,,,,,,,
OMN036,OMN,,,,,,,,,,,,,,,,,,,,,,,,,,,,,,OMN036,https://legendstory-production-s3-public.s3.amazonaws.com/media/cards/large/OMN036.webp,,,,,,,,,OMN036,,,,,,,,,,OMN036,,,,,,,,,,,,,,,,,,,,,,,,,
OMN037,OMN,,,,,,,,,,,,,,,,,,,,,,,,,,,,,,OMN037,https://legendstory-production-s3-public.s3.amazonaws.com/media/cards/large/OMN037.webp,,,,,,,,,OMN037,,,,,,,,,,OMN037,,,,,,,,,,,,,,,,,,,,,,,,,
OMN038,OMN,,,,,,,,,,,,,,,,,,,,,,,,,,,,,,OMN038,https://legendstory-production-s3-public.s3.amazonaws.com/media/cards/large/OMN038.webp,,,,,,,,,OMN038,,,,,,,,,,OMN038,,,,,,,,,,,,,,,,,,,,,,,,,
OMN039,OMN,,,,,,,,,,,,,,,,,,,,,,,,,,,,,,OMN039,https://legendstory-production-s3-public.s3.amazonaws.com/media/cards/large/OMN039.webp,,,,,,,,,OMN039,,,,,,,,,,OMN039,,,,,,,,,,,,,,,,,,,,,,,,,
OMN040,OMN,,,,,,,,,,,,,,,,,,,,,,,,,,,,,,OMN040,https://legendstory-production-s3-public.s3.amazonaws.com/media/cards/large/OMN040.webp,,,,,,,,,OMN040,,,,,,,,,,OMN040,,,,,,,,,,,,,,,,,,,,,,,,,
OMN041,OMN,,,,,,,,,,,,,,,,,,,,,,,,,,,,,,OMN041,https://legendstory-production-s3-public.s3.amazonaws.com/media/cards/large/OMN041.webp,,,,,,,,,OMN041,,,,,,,,,,OMN041,,,,,,,,,,,,,,,,,,,,,,,,,
OMN042,OMN,,,,,,,,,,,,,,,,,,,,,,,,,,,,,,OMN042,https://legendstory-production-s3-public.s3.amazonaws.com/media/cards/large/OMN042.webp,,,,,,,,,OMN042,,,,,,,,,,OMN042,,,,,,,,,,,,,,,,,,,,,,,,,
OMN043,OMN,,,,,,,,,,,,,,,,,,,,,,,,,,,,,,OMN043,https://legendstory-production-s3-public.s3.amazonaws.com/media/cards/large/OMN043.webp,,,,,,,,,OMN043,,,,,,,,,,OMN043,,,,,,,,,,,,,,,,,,,,,,,,,
OMN044,OMN,,,,,,,,,,,,,,,,,,,,,,,,,,,,,,OMN044,https://legendstory-production-s3-public.s3.amazonaws.com/media/cards/large/OMN044.webp,,,,,,,,,OMN044,,,,,,,,,,OMN044,,,,,,,,,,,,,,,,,,,,,,,,,
OMN045,OMN,,,,,,,,,,,,,,,,,,,,,,,,,,,,,,OMN045,https://legendstory-production-s3-public.s3.amazonaws.com/media/cards/large/OMN045.webp,,,,,,,,,OMN045,,,,,,,,,,OMN045,,,,,,,,,,,,,,,,,,,,,,,,,
OMN046,OMN,,,,,,,,,,,,,,,,,,,,,,,,,,,,,,OMN046,https://legendstory-production-s3-public.s3.amazonaws.com/media/cards/large/OMN046.webp,,,,,,,,,OMN046,,,,,,,,,,OMN046,,,,,,,,,,,,,,,,,,,,,,,,,
OMN047,OMN,"Aurora, Legacy of Tempest",,,,,,40,4,,"Lightning, Runeblade, Hero",,,Instant,,,,,"**Instant** - {r}{r}, {t}, destroy a Lightning Flow you control: Create an Embodiment of Lightning token.",Lightning Runeblade Hero,,,,,B,,,Asur Misoa,,,OMN047,https://legendstory-production-s3-public.s3.amazonaws.com/media/cards/large/OMN047.webp,,,V,C,FA,Asur Misoa,,,OMN047,https://legendstory-production-s3-public.s3.amazonaws.com/media/cards/large/OMN047-MV.webp,,,V,C,FA,Asur Misoa,,,OMN047,https://legendstory-production-s3-public.s3.amazonaws.com/media/cards/large/OMN047-MV_BACK.webp,,,,,,,,,,,,,,,,,,,,,,,,
OMN048,OMN,"Aurora, Emissary of Lightning",,,,,,20,4,,"Lightning, Runeblade, Hero, Young",,,Instant,,,,,"**Instant** - {r}{r}, {t}, destroy a Lightning Flow you control: Create an Embodiment of Lightning token.",Lightning Runeblade Hero - Young,,,,,B,,,Asur Misoa,,,OMN048,https://legendstory-production-s3-public.s3.amazonaws.com/media/cards/large/OMN048.webp,,,V,C,FA,Asur Misoa,,,OMN048,https://legendstory-production-s3-public.s3.amazonaws.com/media/cards/large/OMN048-MV.webp,,,V,C,FA,Asur Misoa,,,OMN048,https://legendstory-production-s3-public.s3.amazonaws.com/media/cards/large/OMN048-MV_BACK.webp,,,,,,,,,,,,,,,,,,,,,,,,
OMN049,OMN,,,,,,,,,,,,,,,,,,,,,,,,,,,,,,OMN049,https://legendstory-production-s3-public.s3.amazonaws.com/media/cards/large/OMN049.webp,,,,,,,,,OMN049,,,,,,,,,,OMN049,,,,,,,,,,,,,,,,,,,,,,,,,
OMN050,OMN,,,,,,,,,,,,,,,,,,,,,,,,,,,,,,OMN050,https://legendstory-production-s3-public.s3.amazonaws.com/media/cards/large/OMN050.webp,,,,,,,,,OMN050,,,,,,,,,,OMN050,,,,,,,,,,,,,,,,,,,,,,,,,
OMN051,OMN,,,,,,,,,,,,,,,,,,,,,,,,,,,,,,OMN051,https://legendstory-production-s3-public.s3.amazonaws.com/media/cards/large/OMN051.webp,,,,,,,,,OMN051,,,,,,,,,,OMN051,,,,,,,,,,,,,,,,,,,,,,,,,
OMN052,OMN,,,,,,,,,,,,,,,,,,,,,,,,,,,,,,OMN052,https://legendstory-production-s3-public.s3.amazonaws.com/media/cards/large/OMN052.webp,,,,,,,,,OMN052,,,,,,,,,,OMN052,,,,,,,,,,,,,,,,,,,,,,,,,
OMN053,OMN,,,,,,,,,,,,,,,,,,,,,,,,,,,,,,OMN053,https://legendstory-production-s3-public.s3.amazonaws.com/media/cards/large/OMN053.webp,,,,,,,,,OMN053,,,,,,,,,,OMN053,,,,,,,,,,,,,,,,,,,,,,,,,
OMN054,OMN,,,,,,,,,,,,,,,,,,,,,,,,,,,,,,OMN054,https://legendstory-production-s3-public.s3.amazonaws.com/media/cards/large/OMN054.webp,,,,,,,,,OMN054,,,,,,,,,,OMN054,,,,,,,,,,,,,,,,,,,,,,,,,
OMN055,OMN,,,,,,,,,,,,,,,,,,,,,,,,,,,,,,OMN055,https://legendstory-production-s3-public.s3.amazonaws.com/media/cards/large/OMN055.webp,,,,,,,,,OMN055,,,,,,,,,,OMN055,,,,,,,,,,,,,,,,,,,,,,,,,
OMN056,OMN,,,,,,,,,,,,,,,,,,,,,,,,,,,,,,OMN056,https://legendstory-production-s3-public.s3.amazonaws.com/media/cards/large/OMN056.webp,,,,,,,,,OMN056,,,,,,,,,,OMN056,,,,,,,,,,,,,,,,,,,,,,,,,
OMN057,OMN,,,,,,,,,,,,,,,,,,,,,,,,,,,,,,OMN057,https://legendstory-production-s3-public.s3.amazonaws.com/media/cards/large/OMN057.webp,,,,,,,,,OMN057,,,,,,,,,,OMN057,,,,,,,,,,,,,,,,,,,,,,,,,
OMN058,OMN,,,,,,,,,,,,,,,,,,,,,,,,,,,,,,OMN058,https://legendstory-production-s3-public.s3.amazonaws.com/media/cards/large/OMN058.webp,,,,,,,,,OMN058,,,,,,,,,,OMN058,,,,,,,,,,,,,,,,,,,,,,,,,
OMN059,OMN,,,,,,,,,,,,,,,,,,,,,,,,,,,,,,OMN059,https://legendstory-production-s3-public.s3.amazonaws.com/media/cards/large/OMN059.webp,,,,,,,,,OMN059,,,,,,,,,,OMN059,,,,,,,,,,,,,,,,,,,,,,,,,
OMN060,OMN,,,,,,,,,,,,,,,,,,,,,,,,,,,,,,OMN060,https://legendstory-production-s3-public.s3.amazonaws.com/media/cards/large/OMN060.webp,,,,,,,,,OMN060,,,,,,,,,,OMN060,,,,,,,,,,,,,,,,,,,,,,,,,
OMN061,OMN,,,,,,,,,,,,,,,,,,,,,,,,,,,,,,OMN061,https://legendstory-production-s3-public.s3.amazonaws.com/media/cards/large/OMN061.webp,,,,,,,,,OMN061,,,,,,,,,,OMN061,,,,,,,,,,,,,,,,,,,,,,,,,
OMN062,OMN,,,,,,,,,,,,,,,,,,,,,,,,,,,,,,OMN062,https://legendstory-production-s3-public.s3.amazonaws.com/media/cards/large/OMN062.webp,,,,,,,,,OMN062,,,,,,,,,,OMN062,,,,,,,,,,,,,,,,,,,,,,,,,
OMN063,OMN,,,,,,,,,,,,,,,,,,,,,,,,,,,,,,OMN063,https://legendstory-production-s3-public.s3.amazonaws.com/media/cards/large/OMN063.webp,,,,,,,,,OMN063,,,,,,,,,,OMN063,,,,,,,,,,,,,,,,,,,,,,,,,
OMN064,OMN,,,,,,,,,,,,,,,,,,,,,,,,,,,,,,OMN064,https://legendstory-production-s3-public.s3.amazonaws.com/media/cards/large/OMN064.webp,,,,,,,,,OMN064,,,,,,,,,,OMN064,,,,,,,,,,,,,,,,,,,,,,,,,
OMN065,OMN,,,,,,,,,,,,,,,,,,,,,,,,,,,,,,OMN065,https://legendstory-production-s3-public.s3.amazonaws.com/media/cards/large/OMN065.webp,,,,,,,,,OMN065,,,,,,,,,,OMN065,,,,,,,,,,,,,,,,,,,,,,,,,
OMN066,OMN,,,,,,,,,,,,,,,,,,,,,,,,,,,,,,OMN066,https://legendstory-production-s3-public.s3.amazonaws.com/media/cards/large/OMN066.webp,,,,,,,,,OMN066,,,,,,,,,,OMN066,,,,,,,,,,,,,,,,,,,,,,,,,
OMN067,OMN,,,,,,,,,,,,,,,,,,,,,,,,,,,,,,OMN067,https://legendstory-production-s3-public.s3.amazonaws.com/media/cards/large/OMN067.webp,,,,,,,,,OMN067,,,,,,,,,,OMN067,,,,,,,,,,,,,,,,,,,,,,,,,
OMN068,OMN,,,,,,,,,,,,,,,,,,,,,,,,,,,,,,OMN068,https://legendstory-production-s3-public.s3.amazonaws.com/media/cards/large/OMN068.webp,,,,,,,,,OMN068,,,,,,,,,,OMN068,,,,,,,,,,,,,,,,,,,,,,,,,
OMN069,OMN,,,,,,,,,,,,,,,,,,,,,,,,,,,,,,OMN069,https://legendstory-production-s3-public.s3.amazonaws.com/media/cards/large/OMN069.webp,,,,,,,,,OMN069,,,,,,,,,,OMN069,,,,,,,,,,,,,,,,,,,,,,,,,
OMN070,OMN,,,,,,,,,,,,,,,,,,,,,,,,,,,,,,OMN070,https://legendstory-production-s3-public.s3.amazonaws.com/media/cards/large/OMN070.webp,,,,,,,,,OMN070,,,,,,,,,,OMN070,,,,,,,,,,,,,,,,,,,,,,,,,
OMN071,OMN,,,,,,,,,,,,,,,,,,,,,,,,,,,,,,OMN071,https://legendstory-production-s3-public.s3.amazonaws.com/media/cards/large/OMN071.webp,,,,,,,,,OMN071,,,,,,,,,,OMN071,,,,,,,,,,,,,,,,,,,,,,,,,
OMN072,OMN,,,,,,,,,,,,,,,,,,,,,,,,,,,,,,OMN072,https://legendstory-production-s3-public.s3.amazonaws.com/media/cards/large/OMN072.webp,,,,,,,,,OMN072,,,,,,,,,,OMN072,,,,,,,,,,,,,,,,,,,,,,,,,
OMN073,OMN,,,,,,,,,,,,,,,,,,,,,,,,,,,,,,OMN073,https://legendstory-production-s3-public.s3.amazonaws.com/media/cards/large/OMN073.webp,,,,,,,,,OMN073,,,,,,,,,,OMN073,,,,,,,,,,,,,,,,,,,,,,,,,
OMN074,OMN,,,,,,,,,,,,,,,,,,,,,,,,,,,,,,OMN074,https://legendstory-production-s3-public.s3.amazonaws.com/media/cards/large/OMN074.webp,,,,,,,,,OMN074,,,,,,,,,,OMN074,,,,,,,,,,,,,,,,,,,,,,,,,
OMN075,OMN,,,,,,,,,,,,,,,,,,,,,,,,,,,,,,OMN075,https://legendstory-production-s3-public.s3.amazonaws.com/media/cards/large/OMN075.webp,,,,,,,,,OMN075,,,,,,,,,,OMN075,,,,,,,,,,,,,,,,,,,,,,,,,
OMN076,OMN,,,,,,,,,,,,,,,,,,,,,,,,,,,,,,OMN076,https://legendstory-production-s3-public.s3.amazonaws.com/media/cards/large/OMN076.webp,,,,,,,,,OMN076,,,,,,,,,,OMN076,,,,,,,,,,,,,,,,,,,,,,,,,
OMN077,OMN,Voltbound Duality,Red,1,0,4,3,,,1,"Lightning, Runeblade, Action, Attack",,,Instant,,,,,"**Instant** - {r}, discard this: Deal 1 arcane damage to target hero. Create a Lightning Flow token.",Lightning Runeblade Action - Attack,,,,,C,,,Edward Chee,,,OMN077,https://legendstory-production-s3-public.s3.amazonaws.com/media/cards/large/OMN077.webp,,,,,,Edward Chee,,,OMN077,,,,,,,Edward Chee,,,OMN077,,,,,,,,,,,,,,,,,,,,,,,,,
OMN078,OMN,Voltbound Duality,Yellow,2,0,3,3,,,1,"Lightning, Runeblade, Action, Attack",,,Instant,,,,,"**Instant** - {r}, discard this: Deal 1 arcane damage to target hero. Create a Lightning Flow token.",Lightning Runeblade Action - Attack,,,,,C,,,Edward Chee,,,OMN078,https://legendstory-production-s3-public.s3.amazonaws.com/media/cards/large/OMN078.webp,,,,,,Edward Chee,,,OMN078,,,,,,,Edward Chee,,,OMN078,,,,,,,,,,,,,,,,,,,,,,,,,
OMN079,OMN,Voltbound Duality,Blue,3,0,2,3,,,1,"Lightning, Runeblade, Action, Attack",,,Instant,,,,,"**Instant** - {r}, discard this: Deal 1 arcane damage to target hero. Create a Lightning Flow token.",Lightning Runeblade Action - Attack,,,,,C,,,Edward Chee,,,OMN079,https://legendstory-production-s3-public.s3.amazonaws.com/media/cards/large/OMN079.webp,,,,,,Edward Chee,,,OMN079,,,,,,,Edward Chee,,,OMN079,,,,,,,,,,,,,,,,,,,,,,,,,
OMN080,OMN,,,,,,,,,,,,,,,,,,,,,,,,,,,,,,OMN080,https://legendstory-production-s3-public.s3.amazonaws.com/media/cards/large/OMN080.webp,,,,,,,,,OMN080,,,,,,,,,,OMN080,,,,,,,,,,,,,,,,,,,,,,,,,
OMN081,OMN,,,,,,,,,,,,,,,,,,,,,,,,,,,,,,OMN081,https://legendstory-production-s3-public.s3.amazonaws.com/media/cards/large/OMN081.webp,,,,,,,,,OMN081,,,,,,,,,,OMN081,,,,,,,,,,,,,,,,,,,,,,,,,
OMN082,OMN,,,,,,,,,,,,,,,,,,,,,,,,,,,,,,OMN082,https://legendstory-production-s3-public.s3.amazonaws.com/media/cards/large/OMN082.webp,,,,,,,,,OMN082,,,,,,,,,,OMN082,,,,,,,,,,,,,,,,,,,,,,,,,
OMN083,OMN,,,,,,,,,,,,,,,,,,,,,,,,,,,,,,OMN083,https://legendstory-production-s3-public.s3.amazonaws.com/media/cards/large/OMN083.webp,,,,,,,,,OMN083,,,,,,,,,,OMN083,,,,,,,,,,,,,,,,,,,,,,,,,
OMN084,OMN,,,,,,,,,,,,,,,,,,,,,,,,,,,,,,OMN084,https://legendstory-production-s3-public.s3.amazonaws.com/media/cards/large/OMN084.webp,,,,,,,,,OMN084,,,,,,,,,,OMN084,,,,,,,,,,,,,,,,,,,,,,,,,
OMN085,OMN,,,,,,,,,,,,,,,,,,,,,,,,,,,,,,OMN085,https://legendstory-production-s3-public.s3.amazonaws.com/media/cards/large/OMN085.webp,,,,,,,,,OMN085,,,,,,,,,,OMN085,,,,,,,,,,,,,,,,,,,,,,,,,
OMN086,OMN,,,,,,,,,,,,,,,,,,,,,,,,,,,,,,OMN086,https://legendstory-production-s3-public.s3.amazonaws.com/media/cards/large/OMN086.webp,,,,,,,,,OMN086,,,,,,,,,,OMN086,,,,,,,,,,,,,,,,,,,,,,,,,
OMN087,OMN,,,,,,,,,,,,,,,,,,,,,,,,,,,,,,OMN087,https://legendstory-production-s3-public.s3.amazonaws.com/media/cards/large/OMN087.webp,,,,,,,,,OMN087,,,,,,,,,,OMN087,,,,,,,,,,,,,,,,,,,,,,,,,
OMN088,OMN,,,,,,,,,,,,,,,,,,,,,,,,,,,,,,OMN088,https://legendstory-production-s3-public.s3.amazonaws.com/media/cards/large/OMN088.webp,,,,,,,,,OMN088,,,,,,,,,,OMN088,,,,,,,,,,,,,,,,,,,,,,,,,
OMN089,OMN,,,,,,,,,,,,,,,,,,,,,,,,,,,,,,OMN089,https://legendstory-production-s3-public.s3.amazonaws.com/media/cards/large/OMN089.webp,,,,,,,,,OMN089,,,,,,,,,,OMN089,,,,,,,,,,,,,,,,,,,,,,,,,
OMN090,OMN,,,,,,,,,,,,,,,,,,,,,,,,,,,,,,OMN090,https://legendstory-production-s3-public.s3.amazonaws.com/media/cards/large/OMN090.webp,,,,,,,,,OMN090,,,,,,,,,,OMN090,,,,,,,,,,,,,,,,,,,,,,,,,
OMN091,OMN,,,,,,,,,,,,,,,,,,,,,,,,,,,,,,OMN091,https://legendstory-production-s3-public.s3.amazonaws.com/media/cards/large/OMN091.webp,,,,,,,,,OMN091,,,,,,,,,,OMN091,,,,,,,,,,,,,,,,,,,,,,,,,
OMN092,OMN,,,,,,,,,,,,,,,,,,,,,,,,,,,,,,OMN092,https://legendstory-production-s3-public.s3.amazonaws.com/media/cards/large/OMN092.webp,,,,,,,,,OMN092,,,,,,,,,,OMN092,,,,,,,,,,,,,,,,,,,,,,,,,
OMN093,OMN,,,,,,,,,,,,,,,,,,,,,,,,,,,,,,OMN093,https://legendstory-production-s3-public.s3.amazonaws.com/media/cards/large/OMN093.webp,,,,,,,,,OMN093,,,,,,,,,,OMN093,,,,,,,,,,,,,,,,,,,,,,,,,
OMN094,OMN,"Oscilio, Forked Continuum",,,,,,38,4,,"Lightning, Wizard, Hero",,,Instant,,,,,"**Instant** - {r}, {t}, destroy a Lightning Flow you control: Discard a card and create a Ponder token. If an instant is discard this way, you may play it this turn.",Lightning Wizard Hero,,,,,B,,,Nathaniel Himawan,,,OMN094,https://legendstory-production-s3-public.s3.amazonaws.com/media/cards/large/OMN094.webp,,,V,C,FA,Nathaniel Himawan,,,OMN094,https://legendstory-production-s3-public.s3.amazonaws.com/media/cards/large/OMN094-MV.webp,,,V,C,FA,Nathaniel Himawan,,,OMN094,https://legendstory-production-s3-public.s3.amazonaws.com/media/cards/large/OMN094-MV_BACK.webp,,,,,,,,,,,,,,,,,,,,,,,,
OMN095,OMN,"Oscilio, Scion of the Third Age",,,,,,19,4,,"Lightning, Wizard, Hero, Youn",,,Instant,,,,,"**Instant** - {r}, {t}, destroy a Lightning Flow you control: Discard a card and create a Ponder token. If an instant is discard this way, you may play it this turn.",Lightning Wizard Hero - Young,,,,,B,,,Nathaniel Himawan,,,OMN095,https://legendstory-production-s3-public.s3.amazonaws.com/media/cards/large/OMN095.webp,,,V,C,FA,Nathaniel Himawan,,,OMN095,https://legendstory-production-s3-public.s3.amazonaws.com/media/cards/large/OMN095-MV.webp,,,V,C,FA,Nathaniel Himawan,,,OMN095,https://legendstory-production-s3-public.s3.amazonaws.com/media/cards/large/OMN095-MV_BACK.webp,,,,,,,,,,,,,,,,,,,,,,,,
OMN096,OMN,,,,,,,,,,,,,,,,,,,,,,,,,,,,,,OMN096,https://legendstory-production-s3-public.s3.amazonaws.com/media/cards/large/OMN096.webp,,,,,,,,,OMN096,,,,,,,,,,OMN096,,,,,,,,,,,,,,,,,,,,,,,,,
OMN097,OMN,,,,,,,,,,,,,,,,,,,,,,,,,,,,,,OMN097,https://legendstory-production-s3-public.s3.amazonaws.com/media/cards/large/OMN097.webp,,,,,,,,,OMN097,,,,,,,,,,OMN097,,,,,,,,,,,,,,,,,,,,,,,,,
OMN098,OMN,,,,,,,,,,,,,,,,,,,,,,,,,,,,,,OMN098,https://legendstory-production-s3-public.s3.amazonaws.com/media/cards/large/OMN098.webp,,,,,,,,,OMN098,,,,,,,,,,OMN098,,,,,,,,,,,,,,,,,,,,,,,,,
OMN099,OMN,,,,,,,,,,,,,,,,,,,,,,,,,,,,,,OMN099,https://legendstory-production-s3-public.s3.amazonaws.com/media/cards/large/OMN099.webp,,,,,,,,,OMN099,,,,,,,,,,OMN099,,,,,,,,,,,,,,,,,,,,,,,,,
OMN100,OMN,,,,,,,,,,,,,,,,,,,,,,,,,,,,,,OMN100,https://legendstory-production-s3-public.s3.amazonaws.com/media/cards/large/OMN100.webp,,,,,,,,,OMN100,,,,,,,,,,OMN100,,,,,,,,,,,,,,,,,,,,,,,,,
OMN101,OMN,,,,,,,,,,,,,,,,,,,,,,,,,,,,,,OMN101,https://legendstory-production-s3-public.s3.amazonaws.com/media/cards/large/OMN101.webp,,,,,,,,,OMN101,,,,,,,,,,OMN101,,,,,,,,,,,,,,,,,,,,,,,,,
OMN102,OMN,,,,,,,,,,,,,,,,,,,,,,,,,,,,,,OMN102,https://legendstory-production-s3-public.s3.amazonaws.com/media/cards/large/OMN102.webp,,,,,,,,,OMN102,,,,,,,,,,OMN102,,,,,,,,,,,,,,,,,,,,,,,,,
OMN103,OMN,,,,,,,,,,,,,,,,,,,,,,,,,,,,,,OMN103,https://legendstory-production-s3-public.s3.amazonaws.com/media/cards/large/OMN103.webp,,,,,,,,,OMN103,,,,,,,,,,OMN103,,,,,,,,,,,,,,,,,,,,,,,,,
OMN104,OMN,,,,,,,,,,,,,,,,,,,,,,,,,,,,,,OMN104,https://legendstory-production-s3-public.s3.amazonaws.com/media/cards/large/OMN104.webp,,,,,,,,,OMN104,,,,,,,,,,OMN104,,,,,,,,,,,,,,,,,,,,,,,,,
OMN105,OMN,,,,,,,,,,,,,,,,,,,,,,,,,,,,,,OMN105,https://legendstory-production-s3-public.s3.amazonaws.com/media/cards/large/OMN105.webp,,,,,,,,,OMN105,,,,,,,,,,OMN105,,,,,,,,,,,,,,,,,,,,,,,,,
OMN106,OMN,,,,,,,,,,,,,,,,,,,,,,,,,,,,,,OMN106,https://legendstory-production-s3-public.s3.amazonaws.com/media/cards/large/OMN106.webp,,,,,,,,,OMN106,,,,,,,,,,OMN106,,,,,,,,,,,,,,,,,,,,,,,,,
OMN107,OMN,,,,,,,,,,,,,,,,,,,,,,,,,,,,,,OMN107,https://legendstory-production-s3-public.s3.amazonaws.com/media/cards/large/OMN107.webp,,,,,,,,,OMN107,,,,,,,,,,OMN107,,,,,,,,,,,,,,,,,,,,,,,,,
OMN108,OMN,,,,,,,,,,,,,,,,,,,,,,,,,,,,,,OMN108,https://legendstory-production-s3-public.s3.amazonaws.com/media/cards/large/OMN108.webp,,,,,,,,,OMN108,,,,,,,,,,OMN108,,,,,,,,,,,,,,,,,,,,,,,,,
OMN109,OMN,,,,,,,,,,,,,,,,,,,,,,,,,,,,,,OMN109,https://legendstory-production-s3-public.s3.amazonaws.com/media/cards/large/OMN109.webp,,,,,,,,,OMN109,,,,,,,,,,OMN109,,,,,,,,,,,,,,,,,,,,,,,,,
OMN110,OMN,,,,,,,,,,,,,,,,,,,,,,,,,,,,,,OMN110,https://legendstory-production-s3-public.s3.amazonaws.com/media/cards/large/OMN110.webp,,,,,,,,,OMN110,,,,,,,,,,OMN110,,,,,,,,,,,,,,,,,,,,,,,,,
OMN111,OMN,,,,,,,,,,,,,,,,,,,,,,,,,,,,,,OMN111,https://legendstory-production-s3-public.s3.amazonaws.com/media/cards/large/OMN111.webp,,,,,,,,,OMN111,,,,,,,,,,OMN111,,,,,,,,,,,,,,,,,,,,,,,,,
OMN112,OMN,,,,,,,,,,,,,,,,,,,,,,,,,,,,,,OMN112,https://legendstory-production-s3-public.s3.amazonaws.com/media/cards/large/OMN112.webp,,,,,,,,,OMN112,,,,,,,,,,OMN112,,,,,,,,,,,,,,,,,,,,,,,,,
OMN113,OMN,,,,,,,,,,,,,,,,,,,,,,,,,,,,,,OMN113,https://legendstory-production-s3-public.s3.amazonaws.com/media/cards/large/OMN113.webp,,,,,,,,,OMN113,,,,,,,,,,OMN113,,,,,,,,,,,,,,,,,,,,,,,,,
OMN114,OMN,,,,,,,,,,,,,,,,,,,,,,,,,,,,,,OMN114,https://legendstory-production-s3-public.s3.amazonaws.com/media/cards/large/OMN114.webp,,,,,,,,,OMN114,,,,,,,,,,OMN114,,,,,,,,,,,,,,,,,,,,,,,,,
OMN115,OMN,,,,,,,,,,,,,,,,,,,,,,,,,,,,,,OMN115,https://legendstory-production-s3-public.s3.amazonaws.com/media/cards/large/OMN115.webp,,,,,,,,,OMN115,,,,,,,,,,OMN115,,,,,,,,,,,,,,,,,,,,,,,,,
OMN116,OMN,,,,,,,,,,,,,,,,,,,,,,,,,,,,,,OMN116,https://legendstory-production-s3-public.s3.amazonaws.com/media/cards/large/OMN116.webp,,,,,,,,,OMN116,,,,,,,,,,OMN116,,,,,,,,,,,,,,,,,,,,,,,,,
OMN117,OMN,,,,,,,,,,,,,,,,,,,,,,,,,,,,,,OMN117,https://legendstory-production-s3-public.s3.amazonaws.com/media/cards/large/OMN117.webp,,,,,,,,,OMN117,,,,,,,,,,OMN117,,,,,,,,,,,,,,,,,,,,,,,,,
OMN118,OMN,,,,,,,,,,,,,,,,,,,,,,,,,,,,,,OMN118,https://legendstory-production-s3-public.s3.amazonaws.com/media/cards/large/OMN118.webp,,,,,,,,,OMN118,,,,,,,,,,OMN118,,,,,,,,,,,,,,,,,,,,,,,,,
OMN119,OMN,,,,,,,,,,,,,,,,,,,,,,,,,,,,,,OMN119,https://legendstory-production-s3-public.s3.amazonaws.com/media/cards/large/OMN119.webp,,,,,,,,,OMN119,,,,,,,,,,OMN119,,,,,,,,,,,,,,,,,,,,,,,,,
OMN120,OMN,,,,,,,,,,,,,,,,,,,,,,,,,,,,,,OMN120,https://legendstory-production-s3-public.s3.amazonaws.com/media/cards/large/OMN120.webp,,,,,,,,,OMN120,,,,,,,,,,OMN120,,,,,,,,,,,,,,,,,,,,,,,,,
OMN121,OMN,Nebula Duality,Red,1,0,,3,,,3,"Lightning, Wizard, Action",,,Instant,,,,,"Deal 3 arcane damage to any target.

**Instant** - {r}, discard this: Deal 1 arcane damage to target hero. Create a Lightning Flow token.",Lightning Wizard Action,,,,,C,,,Yiian Kho,,,OMN121,https://legendstory-production-s3-public.s3.amazonaws.com/media/cards/large/OMN121.webp,,,,,,Yiian Kho,,,OMN121,,,,,,,Yiian Kho,,,OMN121,,,,,,,,,,,,,,,,,,,,,,,,,
OMN122,OMN,Nebula Duality,Yellow,2,0,,3,,,2,"Lightning, Wizard, Action",,,Instant,,,,,"Deal 2 arcane damage to any target.

**Instant** - {r}, discard this: Deal 1 arcane damage to target hero. Create a Lightning Flow token.",Lightning Wizard Action,,,,,C,,,Yiian Kho,,,OMN122,https://legendstory-production-s3-public.s3.amazonaws.com/media/cards/large/OMN122.webp,,,,,,Yiian Kho,,,OMN122,,,,,,,Yiian Kho,,,OMN122,,,,,,,,,,,,,,,,,,,,,,,,,
OMN123,OMN,Nebula Duality,Blue,3,0,,3,,,1,"Lightning, Wizard, Action",,,Instant,,,,,"Deal 1 arcane damage to any target.

**Instant** - {r}, discard this: Deal 1 arcane damage to target hero. Create a Lightning Flow token.",Lightning Wizard Action,,,,,C,,,Yiian Kho,,,OMN123,https://legendstory-production-s3-public.s3.amazonaws.com/media/cards/large/OMN123.webp,,,,,,Yiian Kho,,,OMN123,,,,,,,Yiian Kho,,,OMN123,,,,,,,,,,,,,,,,,,,,,,,,,
OMN124,OMN,,,,,,,,,,,,,,,,,,,,,,,,,,,,,,OMN124,https://legendstory-production-s3-public.s3.amazonaws.com/media/cards/large/OMN124.webp,,,,,,,,,OMN124,,,,,,,,,,OMN124,,,,,,,,,,,,,,,,,,,,,,,,,
OMN125,OMN,,,,,,,,,,,,,,,,,,,,,,,,,,,,,,OMN125,https://legendstory-production-s3-public.s3.amazonaws.com/media/cards/large/OMN125.webp,,,,,,,,,OMN125,,,,,,,,,,OMN125,,,,,,,,,,,,,,,,,,,,,,,,,
OMN126,OMN,,,,,,,,,,,,,,,,,,,,,,,,,,,,,,OMN126,https://legendstory-production-s3-public.s3.amazonaws.com/media/cards/large/OMN126.webp,,,,,,,,,OMN126,,,,,,,,,,OMN126,,,,,,,,,,,,,,,,,,,,,,,,,
OMN127,OMN,,,,,,,,,,,,,,,,,,,,,,,,,,,,,,OMN127,https://legendstory-production-s3-public.s3.amazonaws.com/media/cards/large/OMN127.webp,,,,,,,,,OMN127,,,,,,,,,,OMN127,,,,,,,,,,,,,,,,,,,,,,,,,
OMN128,OMN,,,,,,,,,,,,,,,,,,,,,,,,,,,,,,OMN128,https://legendstory-production-s3-public.s3.amazonaws.com/media/cards/large/OMN128.webp,,,,,,,,,OMN128,,,,,,,,,,OMN128,,,,,,,,,,,,,,,,,,,,,,,,,
OMN129,OMN,,,,,,,,,,,,,,,,,,,,,,,,,,,,,,OMN129,https://legendstory-production-s3-public.s3.amazonaws.com/media/cards/large/OMN129.webp,,,,,,,,,OMN129,,,,,,,,,,OMN129,,,,,,,,,,,,,,,,,,,,,,,,,
OMN130,OMN,,,,,,,,,,,,,,,,,,,,,,,,,,,,,,OMN130,https://legendstory-production-s3-public.s3.amazonaws.com/media/cards/large/OMN130.webp,,,,,,,,,OMN130,,,,,,,,,,OMN130,,,,,,,,,,,,,,,,,,,,,,,,,
OMN131,OMN,,,,,,,,,,,,,,,,,,,,,,,,,,,,,,OMN131,https://legendstory-production-s3-public.s3.amazonaws.com/media/cards/large/OMN131.webp,,,,,,,,,OMN131,,,,,,,,,,OMN131,,,,,,,,,,,,,,,,,,,,,,,,,
OMN132,OMN,,,,,,,,,,,,,,,,,,,,,,,,,,,,,,OMN132,https://legendstory-production-s3-public.s3.amazonaws.com/media/cards/large/OMN132.webp,,,,,,,,,OMN132,,,,,,,,,,OMN132,,,,,,,,,,,,,,,,,,,,,,,,,
OMN133,OMN,,,,,,,,,,,,,,,,,,,,,,,,,,,,,,OMN133,https://legendstory-production-s3-public.s3.amazonaws.com/media/cards/large/OMN133.webp,,,,,,,,,OMN133,,,,,,,,,,OMN133,,,,,,,,,,,,,,,,,,,,,,,,,
OMN134,OMN,,,,,,,,,,,,,,,,,,,,,,,,,,,,,,OMN134,https://legendstory-production-s3-public.s3.amazonaws.com/media/cards/large/OMN134.webp,,,,,,,,,OMN134,,,,,,,,,,OMN134,,,,,,,,,,,,,,,,,,,,,,,,,
OMN135,OMN,,,,,,,,,,,,,,,,,,,,,,,,,,,,,,OMN135,https://legendstory-production-s3-public.s3.amazonaws.com/media/cards/large/OMN135.webp,,,,,,,,,OMN135,,,,,,,,,,OMN135,,,,,,,,,,,,,,,,,,,,,,,,,
OMN136,OMN,,,,,,,,,,,,,,,,,,,,,,,,,,,,,,OMN136,https://legendstory-production-s3-public.s3.amazonaws.com/media/cards/large/OMN136.webp,,,,,,,,,OMN136,,,,,,,,,,OMN136,,,,,,,,,,,,,,,,,,,,,,,,,
OMN137,OMN,,,,,,,,,,,,,,,,,,,,,,,,,,,,,,OMN137,https://legendstory-production-s3-public.s3.amazonaws.com/media/cards/large/OMN137.webp,,,,,,,,,OMN137,,,,,,,,,,OMN137,,,,,,,,,,,,,,,,,,,,,,,,,
OMN138,OMN,,,,,,,,,,,,,,,,,,,,,,,,,,,,,,OMN138,https://legendstory-production-s3-public.s3.amazonaws.com/media/cards/large/OMN138.webp,,,,,,,,,OMN138,,,,,,,,,,OMN138,,,,,,,,,,,,,,,,,,,,,,,,,
OMN139,OMN,,,,,,,,,,,,,,,,,,,,,,,,,,,,,,OMN139,https://legendstory-production-s3-public.s3.amazonaws.com/media/cards/large/OMN139.webp,,,,,,,,,OMN139,,,,,,,,,,OMN139,,,,,,,,,,,,,,,,,,,,,,,,,
OMN140,OMN,,,,,,,,,,,,,,,,,,,,,,,,,,,,,,OMN140,https://legendstory-production-s3-public.s3.amazonaws.com/media/cards/large/OMN140.webp,,,,,,,,,OMN140,,,,,,,,,,OMN140,,,,,,,,,,,,,,,,,,,,,,,,,
OMN141,OMN,,,,,,,,,,,,,,,,,,,,,,,,,,,,,,OMN141,https://legendstory-production-s3-public.s3.amazonaws.com/media/cards/large/OMN141.webp,,,,,,,,,OMN141,,,,,,,,,,OMN141,,,,,,,,,,,,,,,,,,,,,,,,,
OMN142,OMN,,,,,,,,,,,,,,,,,,,,,,,,,,,,,,OMN142,https://legendstory-production-s3-public.s3.amazonaws.com/media/cards/large/OMN142.webp,,,,,,,,,OMN142,,,,,,,,,,OMN142,,,,,,,,,,,,,,,,,,,,,,,,,
OMN143,OMN,,,,,,,,,,,,,,,,,,,,,,,,,,,,,,OMN143,https://legendstory-production-s3-public.s3.amazonaws.com/media/cards/large/OMN143.webp,,,,,,,,,OMN143,,,,,,,,,,OMN143,,,,,,,,,,,,,,,,,,,,,,,,,
OMN144,OMN,,,,,,,,,,,,,,,,,,,,,,,,,,,,,,OMN144,https://legendstory-production-s3-public.s3.amazonaws.com/media/cards/large/OMN144.webp,,,,,,,,,OMN144,,,,,,,,,,OMN144,,,,,,,,,,,,,,,,,,,,,,,,,
OMN145,OMN,Astral Strike,Red,1,1,5,3,,,,"Lightning, Action, Attack",,Go again,,,,,,"When this attacks, if you've destroyed a Lightning Flow this turn, choose 1;

- Draw a card.
- This gets +2{p}.
- This gets **go again**.",Lightning Action - Attack,,,No,,M,,,Sariya Asavametha,,,OMN145,https://legendstory-production-s3-public.s3.amazonaws.com/media/cards/large/OMN145.webp,,,,,,Sariya Asavametha,,,OMN145,,,,,,,Sariya Asavametha,,,OMN145,,,,,,,,,,,,,,,,,,,,,,,,,
OMN146,OMN,,,,,,,,,,,,,,,,,,,,,,,,,,,,,,OMN146,https://legendstory-production-s3-public.s3.amazonaws.com/media/cards/large/OMN146.webp,,,,,,,,,OMN146,,,,,,,,,,OMN146,,,,,,,,,,,,,,,,,,,,,,,,,
OMN147,OMN,,,,,,,,,,,,,,,,,,,,,,,,,,,,,,OMN147,https://legendstory-production-s3-public.s3.amazonaws.com/media/cards/large/OMN147.webp,,,,,,,,,OMN147,,,,,,,,,,OMN147,,,,,,,,,,,,,,,,,,,,,,,,,
OMN148,OMN,,,,,,,,,,,,,,,,,,,,,,,,,,,,,,OMN148,https://legendstory-production-s3-public.s3.amazonaws.com/media/cards/large/OMN148.webp,,,,,,,,,OMN148,,,,,,,,,,OMN148,,,,,,,,,,,,,,,,,,,,,,,,,
OMN149,OMN,,,,,,,,,,,,,,,,,,,,,,,,,,,,,,OMN149,https://legendstory-production-s3-public.s3.amazonaws.com/media/cards/large/OMN149.webp,,,,,,,,,OMN149,,,,,,,,,,OMN149,,,,,,,,,,,,,,,,,,,,,,,,,
OMN150,OMN,,,,,,,,,,,,,,,,,,,,,,,,,,,,,,OMN150,https://legendstory-production-s3-public.s3.amazonaws.com/media/cards/large/OMN150.webp,,,,,,,,,OMN150,,,,,,,,,,OMN150,,,,,,,,,,,,,,,,,,,,,,,,,
OMN151,OMN,,,,,,,,,,,,,,,,,,,,,,,,,,,,,,OMN151,https://legendstory-production-s3-public.s3.amazonaws.com/media/cards/large/OMN151.webp,,,,,,,,,OMN151,,,,,,,,,,OMN151,,,,,,,,,,,,,,,,,,,,,,,,,
OMN152,OMN,Flowing Stormstrike,Red,1,0,4,2,,,,"Lightning, Action, Attack",,,Twice per Turn Instant,,,,,"**Twice per Turn Instant** - {r}: This gets +1{p}.

When this hits, create a Lightning Flow token.",Lightning Action - Attack,,,,,R,,,Tomasz Jedruzek,,,OMN152,https://legendstory-production-s3-public.s3.amazonaws.com/media/cards/large/OMN152.webp,,,,,,Tomasz Jedruzek,,,OMN152,,,,,,,Tomasz Jedruzek,,,OMN152,,,,,,,,,,,,,,,,,,,,,,,,,
OMN153,OMN,Meteoric Rise,Red,1,1,5,2,,,,"Lightning, Action, Attack",,,Twice per Turn Instant,,,,,"**Twice per Turn Instant** - {r}: This gets +1{p}.

When this hits, create a Lightning Flow token.",Lightning Action - Attack,,,,,R,,,Tomasz Jedruzek,,,OMN153,https://legendstory-production-s3-public.s3.amazonaws.com/media/cards/large/OMN153.webp,,,,,,Tomasz Jedruzek,,,OMN153,,,,,,,Tomasz Jedruzek,,,OMN153,,,,,,,,,,,,,,,,,,,,,,,,,
OMN154,OMN,Voltic Impact,Red,1,2,6,2,,,,"Lightning, Action, Attack",,,Twice per Turn Instant,,,,,"**Twice per Turn Instant** - {r}: This gets +1{p}.

When this hits, create a Lightning Flow token.",Lightning Action - Attack,,,,,R,,,Tomasz Jedruzek,,,OMN154,https://legendstory-production-s3-public.s3.amazonaws.com/media/cards/large/OMN154.webp,,,,,,Tomasz Jedruzek,,,OMN154,,,,,,,Tomasz Jedruzek,,,OMN154,,,,,,,,,,,,,,,,,,,,,,,,,
OMN155,OMN,,,,,,,,,,,,,,,,,,,,,,,,,,,,,,OMN155,https://legendstory-production-s3-public.s3.amazonaws.com/media/cards/large/OMN155.webp,,,,,,,,,OMN155,,,,,,,,,,OMN155,,,,,,,,,,,,,,,,,,,,,,,,,
OMN156,OMN,,,,,,,,,,,,,,,,,,,,,,,,,,,,,,OMN156,https://legendstory-production-s3-public.s3.amazonaws.com/media/cards/large/OMN156.webp,,,,,,,,,OMN156,,,,,,,,,,OMN156,,,,,,,,,,,,,,,,,,,,,,,,,
OMN157,OMN,,,,,,,,,,,,,,,,,,,,,,,,,,,,,,OMN157,https://legendstory-production-s3-public.s3.amazonaws.com/media/cards/large/OMN157.webp,,,,,,,,,OMN157,,,,,,,,,,OMN157,,,,,,,,,,,,,,,,,,,,,,,,,
OMN158,OMN,,,,,,,,,,,,,,,,,,,,,,,,,,,,,,OMN158,https://legendstory-production-s3-public.s3.amazonaws.com/media/cards/large/OMN158.webp,,,,,,,,,OMN158,,,,,,,,,,OMN158,,,,,,,,,,,,,,,,,,,,,,,,,
OMN159,OMN,,,,,,,,,,,,,,,,,,,,,,,,,,,,,,OMN159,https://legendstory-production-s3-public.s3.amazonaws.com/media/cards/large/OMN159.webp,,,,,,,,,OMN159,,,,,,,,,,OMN159,,,,,,,,,,,,,,,,,,,,,,,,,
OMN160,OMN,,,,,,,,,,,,,,,,,,,,,,,,,,,,,,OMN160,https://legendstory-production-s3-public.s3.amazonaws.com/media/cards/large/OMN160.webp,,,,,,,,,OMN160,,,,,,,,,,OMN160,,,,,,,,,,,,,,,,,,,,,,,,,
OMN161,OMN,,,,,,,,,,,,,,,,,,,,,,,,,,,,,,OMN161,https://legendstory-production-s3-public.s3.amazonaws.com/media/cards/large/OMN161.webp,,,,,,,,,OMN161,,,,,,,,,,OMN161,,,,,,,,,,,,,,,,,,,,,,,,,
OMN162,OMN,,,,,,,,,,,,,,,,,,,,,,,,,,,,,,OMN162,https://legendstory-production-s3-public.s3.amazonaws.com/media/cards/large/OMN162.webp,,,,,,,,,OMN162,,,,,,,,,,OMN162,,,,,,,,,,,,,,,,,,,,,,,,,
OMN163,OMN,,,,,,,,,,,,,,,,,,,,,,,,,,,,,,OMN163,https://legendstory-production-s3-public.s3.amazonaws.com/media/cards/large/OMN163.webp,,,,,,,,,OMN163,,,,,,,,,,OMN163,,,,,,,,,,,,,,,,,,,,,,,,,
OMN164,OMN,,,,,,,,,,,,,,,,,,,,,,,,,,,,,,OMN164,https://legendstory-production-s3-public.s3.amazonaws.com/media/cards/large/OMN164.webp,,,,,,,,,OMN164,,,,,,,,,,OMN164,,,,,,,,,,,,,,,,,,,,,,,,,
OMN165,OMN,,,,,,,,,,,,,,,,,,,,,,,,,,,,,,OMN165,https://legendstory-production-s3-public.s3.amazonaws.com/media/cards/large/OMN165.webp,,,,,,,,,OMN165,,,,,,,,,,OMN165,,,,,,,,,,,,,,,,,,,,,,,,,
OMN166,OMN,,,,,,,,,,,,,,,,,,,,,,,,,,,,,,OMN166,https://legendstory-production-s3-public.s3.amazonaws.com/media/cards/large/OMN166.webp,,,,,,,,,OMN166,,,,,,,,,,OMN166,,,,,,,,,,,,,,,,,,,,,,,,,
OMN167,OMN,,,,,,,,,,,,,,,,,,,,,,,,,,,,,,OMN167,https://legendstory-production-s3-public.s3.amazonaws.com/media/cards/large/OMN167.webp,,,,,,,,,OMN167,,,,,,,,,,OMN167,,,,,,,,,,,,,,,,,,,,,,,,,
OMN168,OMN,,,,,,,,,,,,,,,,,,,,,,,,,,,,,,OMN168,https://legendstory-production-s3-public.s3.amazonaws.com/media/cards/large/OMN168.webp,,,,,,,,,OMN168,,,,,,,,,,OMN168,,,,,,,,,,,,,,,,,,,,,,,,,
OMN169,OMN,,,,,,,,,,,,,,,,,,,,,,,,,,,,,,OMN169,https://legendstory-production-s3-public.s3.amazonaws.com/media/cards/large/OMN169.webp,,,,,,,,,OMN169,,,,,,,,,,OMN169,,,,,,,,,,,,,,,,,,,,,,,,,
OMN170,OMN,,,,,,,,,,,,,,,,,,,,,,,,,,,,,,OMN170,https://legendstory-production-s3-public.s3.amazonaws.com/media/cards/large/OMN170.webp,,,,,,,,,OMN170,,,,,,,,,,OMN170,,,,,,,,,,,,,,,,,,,,,,,,,
OMN171,OMN,,,,,,,,,,,,,,,,,,,,,,,,,,,,,,OMN171,https://legendstory-production-s3-public.s3.amazonaws.com/media/cards/large/OMN171.webp,,,,,,,,,OMN171,,,,,,,,,,OMN171,,,,,,,,,,,,,,,,,,,,,,,,,
OMN172,OMN,,,,,,,,,,,,,,,,,,,,,,,,,,,,,,OMN172,https://legendstory-production-s3-public.s3.amazonaws.com/media/cards/large/OMN172.webp,,,,,,,,,OMN172,,,,,,,,,,OMN172,,,,,,,,,,,,,,,,,,,,,,,,,
OMN173,OMN,,,,,,,,,,,,,,,,,,,,,,,,,,,,,,OMN173,https://legendstory-production-s3-public.s3.amazonaws.com/media/cards/large/OMN173.webp,,,,,,,,,OMN173,,,,,,,,,,OMN173,,,,,,,,,,,,,,,,,,,,,,,,,
OMN174,OMN,,,,,,,,,,,,,,,,,,,,,,,,,,,,,,OMN174,https://legendstory-production-s3-public.s3.amazonaws.com/media/cards/large/OMN174.webp,,,,,,,,,OMN174,,,,,,,,,,OMN174,,,,,,,,,,,,,,,,,,,,,,,,,
OMN175,OMN,,,,,,,,,,,,,,,,,,,,,,,,,,,,,,OMN175,https://legendstory-production-s3-public.s3.amazonaws.com/media/cards/large/OMN175.webp,,,,,,,,,OMN175,,,,,,,,,,OMN175,,,,,,,,,,,,,,,,,,,,,,,,,
OMN176,OMN,,,,,,,,,,,,,,,,,,,,,,,,,,,,,,OMN176,https://legendstory-production-s3-public.s3.amazonaws.com/media/cards/large/OMN176.webp,,,,,,,,,OMN176,,,,,,,,,,OMN176,,,,,,,,,,,,,,,,,,,,,,,,,
OMN177,OMN,,,,,,,,,,,,,,,,,,,,,,,,,,,,,,OMN177,https://legendstory-production-s3-public.s3.amazonaws.com/media/cards/large/OMN177.webp,,,,,,,,,OMN177,,,,,,,,,,OMN177,,,,,,,,,,,,,,,,,,,,,,,,,
OMN178,OMN,,,,,,,,,,,,,,,,,,,,,,,,,,,,,,OMN178,https://legendstory-production-s3-public.s3.amazonaws.com/media/cards/large/OMN178.webp,,,,,,,,,OMN178,,,,,,,,,,OMN178,,,,,,,,,,,,,,,,,,,,,,,,,
OMN179,OMN,,,,,,,,,,,,,,,,,,,,,,,,,,,,,,OMN179,https://legendstory-production-s3-public.s3.amazonaws.com/media/cards/large/OMN179.webp,,,,,,,,,OMN179,,,,,,,,,,OMN179,,,,,,,,,,,,,,,,,,,,,,,,,
OMN180,OMN,,,,,,,,,,,,,,,,,,,,,,,,,,,,,,OMN180,https://legendstory-production-s3-public.s3.amazonaws.com/media/cards/large/OMN180.webp,,,,,,,,,OMN180,,,,,,,,,,OMN180,,,,,,,,,,,,,,,,,,,,,,,,,
OMN181,OMN,,,,,,,,,,,,,,,,,,,,,,,,,,,,,,OMN181,https://legendstory-production-s3-public.s3.amazonaws.com/media/cards/large/OMN181.webp,,,,,,,,,OMN181,,,,,,,,,,OMN181,,,,,,,,,,,,,,,,,,,,,,,,,
OMN182,OMN,,,,,,,,,,,,,,,,,,,,,,,,,,,,,,OMN182,https://legendstory-production-s3-public.s3.amazonaws.com/media/cards/large/OMN182.webp,,,,,,,,,OMN182,,,,,,,,,,OMN182,,,,,,,,,,,,,,,,,,,,,,,,,
OMN183,OMN,,,,,,,,,,,,,,,,,,,,,,,,,,,,,,OMN183,https://legendstory-production-s3-public.s3.amazonaws.com/media/cards/large/OMN183.webp,,,,,,,,,OMN183,,,,,,,,,,OMN183,,,,,,,,,,,,,,,,,,,,,,,,,
OMN184,OMN,,,,,,,,,,,,,,,,,,,,,,,,,,,,,,OMN184,https://legendstory-production-s3-public.s3.amazonaws.com/media/cards/large/OMN184.webp,,,,,,,,,OMN184,,,,,,,,,,OMN184,,,,,,,,,,,,,,,,,,,,,,,,,
OMN185,OMN,,,,,,,,,,,,,,,,,,,,,,,,,,,,,,OMN185,https://legendstory-production-s3-public.s3.amazonaws.com/media/cards/large/OMN185.webp,,,,,,,,,OMN185,,,,,,,,,,OMN185,,,,,,,,,,,,,,,,,,,,,,,,,
OMN186,OMN,,,,,,,,,,,,,,,,,,,,,,,,,,,,,,OMN186,https://legendstory-production-s3-public.s3.amazonaws.com/media/cards/large/OMN186.webp,,,,,,,,,OMN186,,,,,,,,,,OMN186,,,,,,,,,,,,,,,,,,,,,,,,,
OMN187,OMN,,,,,,,,,,,,,,,,,,,,,,,,,,,,,,OMN187,https://legendstory-production-s3-public.s3.amazonaws.com/media/cards/large/OMN187.webp,,,,,,,,,OMN187,,,,,,,,,,OMN187,,,,,,,,,,,,,,,,,,,,,,,,,
OMN188,OMN,,,,,,,,,,,,,,,,,,,,,,,,,,,,,,OMN188,https://legendstory-production-s3-public.s3.amazonaws.com/media/cards/large/OMN188.webp,,,,,,,,,OMN188,,,,,,,,,,OMN188,,,,,,,,,,,,,,,,,,,,,,,,,
OMN189,OMN,,,,,,,,,,,,,,,,,,,,,,,,,,,,,,OMN189,https://legendstory-production-s3-public.s3.amazonaws.com/media/cards/large/OMN189.webp,,,,,,,,,OMN189,,,,,,,,,,OMN189,,,,,,,,,,,,,,,,,,,,,,,,,
OMN190,OMN,,,,,,,,,,,,,,,,,,,,,,,,,,,,,,OMN190,https://legendstory-production-s3-public.s3.amazonaws.com/media/cards/large/OMN190.webp,,,,,,,,,OMN190,,,,,,,,,,OMN190,,,,,,,,,,,,,,,,,,,,,,,,,
OMN191,OMN,,,,,,,,,,,,,,,,,,,,,,,,,,,,,,OMN191,https://legendstory-production-s3-public.s3.amazonaws.com/media/cards/large/OMN191.webp,,,,,,,,,OMN191,,,,,,,,,,OMN191,,,,,,,,,,,,,,,,,,,,,,,,,
OMN192,OMN,,,,,,,,,,,,,,,,,,,,,,,,,,,,,,OMN192,https://legendstory-production-s3-public.s3.amazonaws.com/media/cards/large/OMN192.webp,,,,,,,,,OMN192,,,,,,,,,,OMN192,,,,,,,,,,,,,,,,,,,,,,,,,
OMN193,OMN,,,,,,,,,,,,,,,,,,,,,,,,,,,,,,OMN193,https://legendstory-production-s3-public.s3.amazonaws.com/media/cards/large/OMN193.webp,,,,,,,,,OMN193,,,,,,,,,,OMN193,,,,,,,,,,,,,,,,,,,,,,,,,
OMN194,OMN,,,,,,,,,,,,,,,,,,,,,,,,,,,,,,OMN194,https://legendstory-production-s3-public.s3.amazonaws.com/media/cards/large/OMN194.webp,,,,,,,,,OMN194,,,,,,,,,,OMN194,,,,,,,,,,,,,,,,,,,,,,,,,
OMN195,OMN,,,,,,,,,,,,,,,,,,,,,,,,,,,,,,OMN195,https://legendstory-production-s3-public.s3.amazonaws.com/media/cards/large/OMN195.webp,,,,,,,,,OMN195,,,,,,,,,,OMN195,,,,,,,,,,,,,,,,,,,,,,,,,
OMN196,OMN,,,,,,,,,,,,,,,,,,,,,,,,,,,,,,OMN196,https://legendstory-production-s3-public.s3.amazonaws.com/media/cards/large/OMN196.webp,,,,,,,,,OMN196,,,,,,,,,,OMN196,,,,,,,,,,,,,,,,,,,,,,,,,
OMN197,OMN,,,,,,,,,,,,,,,,,,,,,,,,,,,,,,OMN197,https://legendstory-production-s3-public.s3.amazonaws.com/media/cards/large/OMN197.webp,,,,,,,,,OMN197,,,,,,,,,,OMN197,,,,,,,,,,,,,,,,,,,,,,,,,
OMN198,OMN,,,,,,,,,,,,,,,,,,,,,,,,,,,,,,OMN198,https://legendstory-production-s3-public.s3.amazonaws.com/media/cards/large/OMN198.webp,,,,,,,,,OMN198,,,,,,,,,,OMN198,,,,,,,,,,,,,,,,,,,,,,,,,
OMN199,OMN,,,,,,,,,,,,,,,,,,,,,,,,,,,,,,OMN199,https://legendstory-production-s3-public.s3.amazonaws.com/media/cards/large/OMN199.webp,,,,,,,,,OMN199,,,,,,,,,,OMN199,,,,,,,,,,,,,,,,,,,,,,,,,
OMN200,OMN,,,,,,,,,,,,,,,,,,,,,,,,,,,,,,OMN200,https://legendstory-production-s3-public.s3.amazonaws.com/media/cards/large/OMN200.webp,,,,,,,,,OMN200,,,,,,,,,,OMN200,,,,,,,,,,,,,,,,,,,,,,,,,
OMN201,OMN,,,,,,,,,,,,,,,,,,,,,,,,,,,,,,OMN201,https://legendstory-production-s3-public.s3.amazonaws.com/media/cards/large/OMN201.webp,,,,,,,,,OMN201,,,,,,,,,,OMN201,,,,,,,,,,,,,,,,,,,,,,,,,
OMN202,OMN,,,,,,,,,,,,,,,,,,,,,,,,,,,,,,OMN202,https://legendstory-production-s3-public.s3.amazonaws.com/media/cards/large/OMN202.webp,,,,,,,,,OMN202,,,,,,,,,,OMN202,,,,,,,,,,,,,,,,,,,,,,,,,
OMN203,OMN,Lightning Flow,,,,,,,,,"Elemental, Token, Aura",,,,,,,,,Elemental Token - Aura,,,,,B,,,Alifka Hammam,,,OMN203,https://legendstory-production-s3-public.s3.amazonaws.com/media/cards/large/OMN203.webp,,,V,C,"AA, FA",Alifka Hammam,,,OMN203,https://legendstory-production-s3-public.s3.amazonaws.com/media/cards/large/OMN203-MVA.webp,,,V,C,"AA, FA",Alifka Hammam,,,OMN203,https://legendstory-production-s3-public.s3.amazonaws.com/media/cards/large/OMN203-MVB.webp,V,C,"AA, FA",C,,,,https://legendstory-production-s3-public.s3.amazonaws.com/media/cards/large/OMN203-MVC.webp,,,,,,,,,,,,,,,,
OMN204,OMN,,,,,,,,,,,,,,,,,,,,,,,,,,,,,,OMN204,https://legendstory-production-s3-public.s3.amazonaws.com/media/cards/large/OMN204.webp,,,,,,,,,OMN204,,,,,,,,,,OMN204,,,,,,,,,,,,,,,,,,,,,,,,,
OMN205,OMN,,,,,,,,,,,,,,,,,,,,,,,,,,,,,,OMN205,https://legendstory-production-s3-public.s3.amazonaws.com/media/cards/large/OMN205.webp,,,,,,,,,OMN205,,,,,,,,,,OMN205,,,,,,,,,,,,,,,,,,,,,,,,,
OMN206,OMN,,,,,,,,,,,,,,,,,,,,,,,,,,,,,,OMN206,https://legendstory-production-s3-public.s3.amazonaws.com/media/cards/large/OMN206.webp,,,,,,,,,OMN206,,,,,,,,,,OMN206,,,,,,,,,,,,,,,,,,,,,,,,,
OMN207,OMN,,,,,,,,,,,,,,,,,,,,,,,,,,,,,,OMN207,https://legendstory-production-s3-public.s3.amazonaws.com/media/cards/large/OMN207.webp,,,,,,,,,OMN207,,,,,,,,,,OMN207,,,,,,,,,,,,,,,,,,,,,,,,,
OMN208,OMN,,,,,,,,,,,,,,,,,,,,,,,,,,,,,,OMN208,https://legendstory-production-s3-public.s3.amazonaws.com/media/cards/large/OMN208.webp,,,,,,,,,OMN208,,,,,,,,,,OMN208,,,,,,,,,,,,,,,,,,,,,,,,,
OMN209,OMN,,,,,,,,,,,,,,,,,,,,,,,,,,,,,,OMN209,https://legendstory-production-s3-public.s3.amazonaws.com/media/cards/large/OMN209.webp,,,,,,,,,OMN209,,,,,,,,,,OMN209,,,,,,,,,,,,,,,,,,,,,,,,,
OMN210,OMN,,,,,,,,,,,,,,,,,,,,,,,,,,,,,,OMN210,https://legendstory-production-s3-public.s3.amazonaws.com/media/cards/large/OMN210.webp,,,,,,,,,OMN210,,,,,,,,,,OMN210,,,,,,,,,,,,,,,,,,,,,,,,,
OMN211,OMN,,,,,,,,,,,,,,,,,,,,,,,,,,,,,,OMN211,https://legendstory-production-s3-public.s3.amazonaws.com/media/cards/large/OMN211.webp,,,,,,,,,OMN211,,,,,,,,,,OMN211,,,,,,,,,,,,,,,,,,,,,,,,,
OMN212,OMN,,,,,,,,,,,,,,,,,,,,,,,,,,,,,,OMN212,https://legendstory-production-s3-public.s3.amazonaws.com/media/cards/large/OMN212.webp,,,,,,,,,OMN212,,,,,,,,,,OMN212,,,,,,,,,,,,,,,,,,,,,,,,,
OMN213,OMN,,,,,,,,,,,,,,,,,,,,,,,,,,,,,,OMN213,https://legendstory-production-s3-public.s3.amazonaws.com/media/cards/large/OMN213.webp,,,,,,,,,OMN213,,,,,,,,,,OMN213,,,,,,,,,,,,,,,,,,,,,,,,,
OMN214,OMN,,,,,,,,,,,,,,,,,,,,,,,,,,,,,,OMN214,https://legendstory-production-s3-public.s3.amazonaws.com/media/cards/large/OMN214.webp,,,,,,,,,OMN214,,,,,,,,,,OMN214,,,,,,,,,,,,,,,,,,,,,,,,,
OMN215,OMN,,,,,,,,,,,,,,,,,,,,,,,,,,,,,,OMN215,https://legendstory-production-s3-public.s3.amazonaws.com/media/cards/large/OMN215.webp,,,,,,,,,OMN215,,,,,,,,,,OMN215,,,,,,,,,,,,,,,,,,,,,,,,,
OMN216,OMN,,,,,,,,,,,,,,,,,,,,,,,,,,,,,,OMN216,https://legendstory-production-s3-public.s3.amazonaws.com/media/cards/large/OMN216.webp,,,,,,,,,OMN216,,,,,,,,,,OMN216,,,,,,,,,,,,,,,,,,,,,,,,,
OMN217,OMN,,,,,,,,,,,,,,,,,,,,,,,,,,,,,,OMN217,https://legendstory-production-s3-public.s3.amazonaws.com/media/cards/large/OMN217.webp,,,,,,,,,OMN217,,,,,,,,,,OMN217,,,,,,,,,,,,,,,,,,,,,,,,,
OMN218,OMN,,,,,,,,,,,,,,,,,,,,,,,,,,,,,,OMN218,https://legendstory-production-s3-public.s3.amazonaws.com/media/cards/large/OMN218.webp,,,,,,,,,OMN218,,,,,,,,,,OMN218,,,,,,,,,,,,,,,,,,,,,,,,,
OMN219,OMN,,,,,,,,,,,,,,,,,,,,,,,,,,,,,,OMN219,https://legendstory-production-s3-public.s3.amazonaws.com/media/cards/large/OMN219.webp,,,,,,,,,OMN219,,,,,,,,,,OMN219,,,,,,,,,,,,,,,,,,,,,,,,,
OMN220,OMN,,,,,,,,,,,,,,,,,,,,,,,,,,,,,,OMN220,https://legendstory-production-s3-public.s3.amazonaws.com/media/cards/large/OMN220.webp,,,,,,,,,OMN220,,,,,,,,,,OMN220,,,,,,,,,,,,,,,,,,,,,,,,,
OMN221,OMN,,,,,,,,,,,,,,,,,,,,,,,,,,,,,,OMN221,https://legendstory-production-s3-public.s3.amazonaws.com/media/cards/large/OMN221.webp,,,,,,,,,OMN221,,,,,,,,,,OMN221,,,,,,,,,,,,,,,,,,,,,,,,,
OMN222,OMN,,,,,,,,,,,,,,,,,,,,,,,,,,,,,,OMN222,https://legendstory-production-s3-public.s3.amazonaws.com/media/cards/large/OMN222.webp,,,,,,,,,OMN222,,,,,,,,,,OMN222,,,,,,,,,,,,,,,,,,,,,,,,,
OMN223,OMN,,,,,,,,,,,,,,,,,,,,,,,,,,,,,,OMN223,https://legendstory-production-s3-public.s3.amazonaws.com/media/cards/large/OMN223.webp,,,,,,,,,OMN223,,,,,,,,,,OMN223,,,,,,,,,,,,,,,,,,,,,,,,,
OMN224,OMN,,,,,,,,,,,,,,,,,,,,,,,,,,,,,,OMN224,https://legendstory-production-s3-public.s3.amazonaws.com/media/cards/large/OMN224.webp,,,,,,,,,OMN224,,,,,,,,,,OMN224,,,,,,,,,,,,,,,,,,,,,,,,,
OMN225,OMN,,,,,,,,,,,,,,,,,,,,,,,,,,,,,,OMN225,https://legendstory-production-s3-public.s3.amazonaws.com/media/cards/large/OMN225.webp,,,,,,,,,OMN225,,,,,,,,,,OMN225,,,,,,,,,,,,,,,,,,,,,,,,,
OMN226,OMN,,,,,,,,,,,,,,,,,,,,,,,,,,,,,,OMN226,https://legendstory-production-s3-public.s3.amazonaws.com/media/cards/large/OMN226.webp,,,,,,,,,OMN226,,,,,,,,,,OMN226,,,,,,,,,,,,,,,,,,,,,,,,,
OMN227,OMN,,,,,,,,,,,,,,,,,,,,,,,,,,,,,,OMN227,https://legendstory-production-s3-public.s3.amazonaws.com/media/cards/large/OMN227.webp,,,,,,,,,OMN227,,,,,,,,,,OMN227,,,,,,,,,,,,,,,,,,,,,,,,,
OMN228,OMN,,,,,,,,,,,,,,,,,,,,,,,,,,,,,,OMN228,https://legendstory-production-s3-public.s3.amazonaws.com/media/cards/large/OMN228.webp,,,,,,,,,OMN228,,,,,,,,,,OMN228,,,,,,,,,,,,,,,,,,,,,,,,,
OMN229,OMN,,,,,,,,,,,,,,,,,,,,,,,,,,,,,,OMN229,https://legendstory-production-s3-public.s3.amazonaws.com/media/cards/large/OMN229.webp,,,,,,,,,OMN229,,,,,,,,,,OMN229,,,,,,,,,,,,,,,,,,,,,,,,,
OMN230,OMN,,,,,,,,,,,,,,,,,,,,,,,,,,,,,,OMN230,https://legendstory-production-s3-public.s3.amazonaws.com/media/cards/large/OMN230.webp,,,,,,,,,OMN230,,,,,,,,,,OMN230,,,,,,,,,,,,,,,,,,,,,,,,,
OMN231,OMN,,,,,,,,,,,,,,,,,,,,,,,,,,,,,,OMN231,https://legendstory-production-s3-public.s3.amazonaws.com/media/cards/large/OMN231.webp,,,,,,,,,OMN231,,,,,,,,,,OMN231,,,,,,,,,,,,,,,,,,,,,,,,,
OMN232,OMN,,,,,,,,,,,,,,,,,,,,,,,,,,,,,,OMN232,https://legendstory-production-s3-public.s3.amazonaws.com/media/cards/large/OMN232.webp,,,,,,,,,OMN232,,,,,,,,,,OMN232,,,,,,,,,,,,,,,,,,,,,,,,,
OMN233,OMN,,,,,,,,,,,,,,,,,,,,,,,,,,,,,,OMN233,https://legendstory-production-s3-public.s3.amazonaws.com/media/cards/large/OMN233.webp,,,,,,,,,OMN233,,,,,,,,,,OMN233,,,,,,,,,,,,,,,,,,,,,,,,,
OMN234,OMN,,,,,,,,,,,,,,,,,,,,,,,,,,,,,,OMN234,https://legendstory-production-s3-public.s3.amazonaws.com/media/cards/large/OMN234.webp,,,,,,,,,OMN234,,,,,,,,,,OMN234,,,,,,,,,,,,,,,,,,,,,,,,,
OMN235,OMN,,,,,,,,,,,,,,,,,,,,,,,,,,,,,,OMN235,https://legendstory-production-s3-public.s3.amazonaws.com/media/cards/large/OMN235.webp,,,,,,,,,OMN235,,,,,,,,,,OMN235,,,,,,,,,,,,,,,,,,,,,,,,,
OMN236,OMN,,,,,,,,,,,,,,,,,,,,,,,,,,,,,,OMN236,https://legendstory-production-s3-public.s3.amazonaws.com/media/cards/large/OMN236.webp,,,,,,,,,OMN236,,,,,,,,,,OMN236,,,,,,,,,,,,,,,,,,,,,,,,,
OMN237,OMN,,,,,,,,,,,,,,,,,,,,,,,,,,,,,,OMN237,https://legendstory-production-s3-public.s3.amazonaws.com/media/cards/large/OMN237.webp,,,,,,,,,OMN237,,,,,,,,,,OMN237,,,,,,,,,,,,,,,,,,,,,,,,,
OMN238,OMN,,,,,,,,,,,,,,,,,,,,,,,,,,,,,,OMN238,https://legendstory-production-s3-public.s3.amazonaws.com/media/cards/large/OMN238.webp,,,,,,,,,OMN238,,,,,,,,,,OMN238,,,,,,,,,,,,,,,,,,,,,,,,,
OMN239,OMN,,,,,,,,,,,,,,,,,,,,,,,,,,,,,,OMN239,https://legendstory-production-s3-public.s3.amazonaws.com/media/cards/large/OMN239.webp,,,,,,,,,OMN239,,,,,,,,,,OMN239,,,,,,,,,,,,,,,,,,,,,,,,,
OMN240,OMN,,,,,,,,,,,,,,,,,,,,,,,,,,,,,,OMN240,https://legendstory-production-s3-public.s3.amazonaws.com/media/cards/large/OMN240.webp,,,,,,,,,OMN240,,,,,,,,,,OMN240,,,,,,,,,,,,,,,,,,,,,,,,,
OMN241,OMN,,,,,,,,,,,,,,,,,,,,,,,,,,,,,,OMN241,https://legendstory-production-s3-public.s3.amazonaws.com/media/cards/large/OMN241.webp,,,,,,,,,OMN241,,,,,,,,,,OMN241,,,,,,,,,,,,,,,,,,,,,,,,,
OMN242,OMN,,,,,,,,,,,,,,,,,,,,,,,,,,,,,,OMN242,https://legendstory-production-s3-public.s3.amazonaws.com/media/cards/large/OMN242.webp,,,,,,,,,OMN242,,,,,,,,,,OMN242,,,,,,,,,,,,,,,,,,,,,,,,,
OMN243,OMN,,,,,,,,,,,,,,,,,,,,,,,,,,,,,,OMN243,https://legendstory-production-s3-public.s3.amazonaws.com/media/cards/large/OMN243.webp,,,,,,,,,OMN243,,,,,,,,,,OMN243,,,,,,,,,,,,,,,,,,,,,,,,,
OMN244,OMN,,,,,,,,,,,,,,,,,,,,,,,,,,,,,,OMN244,https://legendstory-production-s3-public.s3.amazonaws.com/media/cards/large/OMN244.webp,,,,,,,,,OMN244,,,,,,,,,,OMN244,,,,,,,,,,,,,,,,,,,,,,,,,
OMN245,OMN,,,,,,,,,,,,,,,,,,,,,,,,,,,,,,OMN245,https://legendstory-production-s3-public.s3.amazonaws.com/media/cards/large/OMN245.webp,,,,,,,,,OMN245,,,,,,,,,,OMN245,,,,,,,,,,,,,,,,,,,,,,,,,
OMN246,OMN,,,,,,,,,,,,,,,,,,,,,,,,,,,,,,OMN246,https://legendstory-production-s3-public.s3.amazonaws.com/media/cards/large/OMN246.webp,,,,,,,,,OMN246,,,,,,,,,,OMN246,,,,,,,,,,,,,,,,,,,,,,,,,
OMN247,OMN,,,,,,,,,,,,,,,,,,,,,,,,,,,,,,OMN247,https://legendstory-production-s3-public.s3.amazonaws.com/media/cards/large/OMN247.webp,,,,,,,,,OMN247,,,,,,,,,,OMN247,,,,,,,,,,,,,,,,,,,,,,,,,
OMN248,OMN,,,,,,,,,,,,,,,,,,,,,,,,,,,,,,OMN248,https://legendstory-production-s3-public.s3.amazonaws.com/media/cards/large/OMN248.webp,,,,,,,,,OMN248,,,,,,,,,,OMN248,,,,,,,,,,,,,,,,,,,,,,,,,
OMN249,OMN,,,,,,,,,,,,,,,,,,,,,,,,,,,,,,OMN249,https://legendstory-production-s3-public.s3.amazonaws.com/media/cards/large/OMN249.webp,,,,,,,,,OMN249,,,,,,,,,,OMN249,,,,,,,,,,,,,,,,,,,,,,,,,
OMN250,OMN,,,,,,,,,,,,,,,,,,,,,,,,,,,,,,OMN250,https://legendstory-production-s3-public.s3.amazonaws.com/media/cards/large/OMN250.webp,,,,,,,,,OMN250,,,,,,,,,,OMN250,,,,,,,,,,,,,,,,,,,,,,,,,